"","1","recurso","1b","2","cont","3","cont_1","4","dilema","5","x_1","6A","6B","7","v_x_1","8","x_2","9A","9B","10","v_x_2","11","x_3","12A","12B","13_1","13_2","13_3","15","2_1","5_1","4_1","4_2"
"518e9b8",-19790.72426700592,"unknown",-19785.320335388184,-19778.143664360046,0.0,5.836980104446411,22.191555976867676,27.462539196014404,64.78634786605835,70.50029158592224,94.13459992408752,"unknown",100.91489267349243,106.29444670677185,119.19930815696716,"unknown","","unknown","unknown","unknown","","unknown","","unknown","unknown",124.59106421470642,"unknown","unknown",131.25809621810913,"","","",""
"b5edd3c","unknown","unknown","unknown","unknown",0.0,"unknown",15.240311622619629,"unknown",30.303040981292725,"unknown",44.92716956138611,"unknown","unknown","unknown",59.02749013900757,"unknown","","unknown","unknown","unknown","","unknown","","unknown","unknown","unknown","unknown","unknown","unknown","","","",""
"374ecf8",-1988733.705821991,"unknown",-1988728.243335247,-1988722.7277202606,0.0,5.978647947311401,13.878648042678833,20.605879545211792,31.247459173202515,37.90740180015564,61.60734272003174,67.65837168693542,"unknown",73.4823100566864,75.73380517959595,"unknown","","unknown","unknown","unknown","","unknown","","unknown","unknown",82.70866441726685,"unknown","unknown",89.52503037452698,-5739.072437286377,"","",""
"89f120b","","","","","","","","","","","","","","","","","","","","","","","","","","","","","","","","",""
"1883ca0","unknown","unknown","unknown","unknown",0.0,"unknown",12.646252155303955,"unknown",28.218478202819824,"unknown",49.764891624450684,"unknown","unknown","unknown",65.34680938720703,"unknown","","unknown","unknown","unknown","","unknown","","unknown","unknown","unknown","unknown","unknown","unknown","","","",""
"8d2da97",-3002.3171031475067,"unknown",-2996.3983840942383,-2989.1790404319763,0.0,6.888882875442505,716.90571808815,723.3105125427246,731.7080760002136,738.6277160644531,642907.6881957054,"unknown",642914.8112254143,642921.2011771202,642923.8417322636,"unknown","","unknown","unknown","unknown","","unknown","","unknown","unknown",642930.3464808464,"unknown","unknown",642935.8670723438,"",637535.0412917137,"",""
"2541155","unknown","unknown","unknown","unknown",0.0,"unknown",10.71195101737976,"unknown",18.05070686340332,"unknown",35.72592759132385,"unknown","unknown","unknown",58.418517112731934,"unknown","","unknown","unknown","unknown","","unknown","","unknown","unknown","unknown","unknown","unknown","unknown","","","",""
"ac6f3f6","unknown","unknown","unknown","unknown",0.0,"unknown",8.424748659133911,"unknown",91.99159622192383,"unknown",134.40796041488647,"unknown","unknown","unknown",154.1754469871521,"unknown","","unknown","unknown","unknown","","unknown","","unknown","unknown","unknown","unknown","unknown","unknown","","","",""
"62447b9","unknown","unknown","unknown","unknown",0.0,"unknown",10.352574586868286,"unknown",32.53699564933777,"unknown",61.549466609954834,"unknown","unknown","unknown",76.69195008277893,"unknown","","unknown","unknown","unknown","","unknown","","unknown","unknown","unknown","unknown","unknown","unknown","","","",""
"20f3e2e","unknown","unknown","unknown","unknown",0.0,"unknown",57.048290491104126,"unknown",83.06806468963623,"unknown",106.2445719242096,"unknown","unknown","unknown",120.36435961723328,"unknown","","unknown","unknown","unknown","","unknown","","unknown","unknown","unknown","unknown","unknown","unknown","","","",""
"4e53c5c","unknown","unknown","unknown","unknown",0.0,"unknown",15.87431812286377,"unknown",43.42646813392639,"unknown",65.36788201332092,"unknown","unknown","unknown",79.06100988388062,"unknown","","unknown","unknown","unknown","","unknown","","unknown","unknown","unknown","unknown","unknown","unknown","","","",""
"ac6ecda","","","","","","","","","","","","","","","","","","","","","","","","","","","","","","","","",""
"c899adb","unknown","unknown","unknown","unknown",0.0,"unknown",79.87456202507019,"unknown",102.00517344474792,"unknown",126.26743173599243,"unknown","unknown","unknown",145.33828616142273,"unknown","","unknown","unknown","unknown","","unknown","","unknown","unknown","unknown","unknown","unknown","unknown","","","",""
"b8ec123","","","","","","","","","","","","","","","","","","","","","","","","","","","","","","","","",""
"07b298c",-16029.199078559875,"unknown",-16023.152611970901,-16017.066004514694,0.0,6.083579063415527,106.74934077262878,113.9832751750946,132.53326177597046,138.71750330924988,179.8095543384552,186.9723720550537,"unknown",193.16231203079224,317.6799569129944,"unknown","","unknown","unknown","unknown","","unknown","","unknown","unknown",325.1515784263611,"unknown","unknown",331.84963512420654,"","","",""
"49db8c4","unknown","unknown","unknown","unknown",0.0,"unknown",24.95538640022278,"unknown",42.70982527732849,"unknown",75.73591947555542,"unknown","unknown","unknown",89.51756501197815,"unknown","","unknown","unknown","unknown","","unknown","","unknown","unknown","unknown","unknown","unknown","unknown","","","",""
"ea8c0d6","unknown","unknown","unknown","unknown",0.0,"unknown",11.658948421478271,"unknown",39.94858384132385,"unknown",102.62449765205383,"unknown","unknown","unknown",119.03686809539795,"unknown","","unknown","unknown","unknown","","unknown","","unknown","unknown","unknown","unknown","unknown","unknown","","","",""
"7cf831f","unknown","unknown","unknown","unknown",0.0,"unknown",263526.03210163116,"unknown",1219166.5661067963,"unknown",1219189.5927262306,"unknown","unknown","unknown",1219204.7798082829,"unknown","","unknown","unknown","unknown","","unknown","","unknown","unknown","unknown","unknown","unknown","unknown","","","",""
"41f497c",-4453.308490753174,"unknown",-4447.179162740707,-4440.286212921143,0.0,5.67313289642334,11.122931957244873,16.764121532440186,39.98756694793701,46.24211263656616,55.5985689163208,61.15728998184204,"unknown",67.33246040344238,69.19393062591553,"unknown","","unknown","unknown","unknown","","unknown","","unknown","unknown",75.74566674232483,"unknown","unknown",81.9135308265686,"","","",""
"f496964","unknown","unknown","unknown","unknown",0.0,"unknown",1174.4728784561157,1283844.642310381,1726653.1715943813,1726669.5780363083,1963253.1626355648,"unknown",1963259.502159357,1963265.0259828568,1964020.295349598,"unknown","","unknown","unknown","unknown","","unknown","","unknown","unknown",1964027.2632524967,"unknown","unknown",1964034.4128143787,"",1962466.960042715,1284021.4558768272,1726576.093571186
"68c3192","","","","","","","","","","","","","","","","","","","","","","","","","","","","","","","","",""
"eb77de6",-20476.415155172348,"unknown",-20470.21467232704,-20463.876482963562,0.0,5.7098708152771,10.865566968917847,17.368085145950317,35.785648584365845,41.7478768825531,74.71122574806213,"unknown",81.78676319122314,88.18886923789978,93.94969844818115,"unknown","","unknown","unknown","unknown","","unknown","","unknown","unknown",99.22364687919617,"unknown","unknown",105.59331345558167,"","","",""
"8ce483d","unknown","unknown","unknown","unknown",0.0,"unknown",10.765195846557617,"unknown",36.103328466415405,"unknown",49.97408604621887,"unknown","unknown","unknown",67.10584950447083,"unknown","","unknown","unknown","unknown","","unknown","","unknown","unknown","unknown","unknown","unknown","unknown","","","",""
"79868cd","unknown","unknown","unknown","unknown",0.0,"unknown",8.526118993759155,"unknown",26.13750648498535,"unknown",48.12803673744202,"unknown","unknown","unknown",64.33980751037598,"unknown","","unknown","unknown","unknown","","unknown","","unknown","unknown","unknown","unknown","unknown","unknown","","","",""
"56ee475",-539684.009770155,"unknown",-539677.6388249397,-539671.3119699955,0.0,7.250485181808472,11.129791498184204,16.714460134506226,27.235597372055054,33.73664426803589,43.35164523124695,"unknown",49.20235633850098,55.13261151313782,57.60450768470764,"unknown","","unknown","unknown","unknown","","unknown","","unknown","unknown",63.61674952507019,"unknown","unknown",68.87750673294067,"","","",""
"916c172","unknown","unknown","unknown","unknown",0.0,"unknown",20.539774656295776,"unknown",1360.9133005142212,"unknown",1458.643916130066,"unknown","unknown","unknown",1571.872822523117,"unknown","","unknown","unknown","unknown","","unknown","","unknown","unknown","unknown","unknown","unknown","unknown","","","",""
"d9696dd",-8881.496741056442,"unknown",-8876.156921863556,-8869.459463119507,0.0,7.579826831817627,55.05268049240112,60.46927881240845,113.3083291053772,118.99249505996704,163.96230220794678,"unknown",170.3802433013916,176.57805180549622,178.73680639266968,"unknown","","unknown","unknown","unknown","","unknown","","unknown","unknown",185.81248569488525,"unknown","unknown",191.31656527519226,"","","",""
"eff7ebe",-33.97691059112549,"unknown",-28.658272981643677,-22.841691970825195,0.0,5.6200878620147705,8.819152593612671,14.543574571609497,24.522127866744995,30.62275791168213,49.82720994949341,"unknown",55.11227512359619,61.52990794181824,63.52655100822449,"unknown","","unknown","unknown","unknown","","unknown","","unknown","unknown",70.52686715126038,"unknown","unknown",77.39963054656982,"","","",""
"5d4fcbe","unknown","unknown","unknown","unknown",0.0,"unknown",9.6961030960083,"unknown",32.37832474708557,"unknown",67.04911017417908,"unknown","unknown","unknown",84.50561618804932,"unknown","","unknown","unknown","unknown","","unknown","","unknown","unknown","unknown","unknown","unknown","unknown","","","",""
"170bd80",-1888.8601505756378,"unknown",-1883.489453792572,-1876.3806223869324,0.0,5.860796213150024,12.251965999603271,19.42641043663025,39.60144639015198,46.20360827445984,57.88179540634155,"unknown",63.53250503540039,69.84874057769775,73.82016134262085,"unknown","","unknown","unknown","unknown","","unknown","","unknown","unknown",80.39855599403381,"unknown","unknown",87.328533411026,"","","",""
"7a54533","unknown","unknown","unknown","unknown",0.0,"unknown",16.273361682891846,"unknown",40.92149782180786,"unknown",56.23449444770813,"unknown","unknown","unknown",70.26555061340332,"unknown","","unknown","unknown","unknown","","unknown","","unknown","unknown","unknown","unknown","unknown","unknown","","","",""
"d874e84","","","","","","","","","","","","","","","","","","","","","","","","","","","","","","","","",""
"c28b1a9",-992804.6945841312,"unknown",-449954.40817523,-449769.47247719765,0.0,5.908306121826172,13.779301643371582,18.96668314933777,33.710444927215576,39.4875168800354,50.76089286804199,"unknown",57.846535205841064,64.34144878387451,66.49116849899292,"unknown","","unknown","unknown","unknown","","unknown","","unknown","unknown",73.29574394226074,"unknown","unknown",78.44381499290466,"","","",""
"7384692",-3723768.675538063,"unknown",-3723756.0959677696,-3723737.6393892765,0.0,7.373047828674316,14.73050332069397,21.815279006958008,32.220030546188354,38.67535710334778,53.575042724609375,"unknown",58.98427748680115,65.02572703361511,67.70212173461914,"unknown","","unknown","unknown","unknown","","unknown","","unknown","unknown",74.258131980896,"unknown","unknown",81.15518760681152,"","","",""
"90ccafb",-630923.4041492939,"unknown",-630916.9933354855,-630910.6929759979,0.0,5.6114113330841064,11.367838859558105,17.664193630218506,27.84699845314026,34.833683013916016,65.40542459487915,71.26876878738403,"unknown",77.99465084075928,79.86897039413452,"unknown","","unknown","unknown","unknown","","unknown","","unknown","unknown",85.87492895126343,"unknown","unknown",92.39717245101929,"","","",""
"0327530",-149106.4528503418,"unknown",-149099.8347914219,-149094.0906636715,0.0,7.216314315795898,19.62894105911255,25.52230405807495,41.18169832229614,46.40857243537903,66.19542288780212,71.75204873085022,"unknown",78.61490535736084,80.12397241592407,"unknown","","unknown","unknown","unknown","","unknown","","unknown","unknown",85.73381924629211,"unknown","unknown",91.51941728591919,"","","",""
"47dcadc","unknown","unknown","unknown","unknown",0.0,5.465385437011719,18.60378384590149,25.471646070480347,58.6040997505188,66.16431760787964,111.0460798740387,"unknown",116.54826164245605,123.08224368095398,134.0624885559082,"unknown","","unknown","unknown","unknown","","unknown","","unknown","unknown",140.540278673172,"unknown","unknown",146.08053874969482,"","","",""
"233ee90",-436383.30241537094,"unknown",-436377.82325839996,-436372.5767092705,0.0,6.4991326332092285,32.27532076835632,38.429298877716064,50.136770248413086,55.542608976364136,82.2354507446289,"unknown",89.0655505657196,95.69105911254883,99.58696794509888,"unknown","","unknown","unknown","unknown","","unknown","","unknown","unknown",106.75206303596497,"unknown","unknown",112.30466294288635,"","","",""
"db844b1","","","","","","","","","","","","","","","","","","","","","","","","","","","","","","","","",""
"e4c0f9c","","","","","","","","","","","","","","","","","","","","","","","","","","","","","","","","",""
"fd01af9","","","","","","","","","","","","","","","","","","","","","","","","","","","","","","","","",""
"77a5d2f","","","","","","","","","","","","","","","","","","","","","","","","","","","","","","","","",""
"b92dee2",-62793.936115026474,"unknown",-62786.898564100266,-62780.50108838081,0.0,6.449148416519165,10.110845565795898,15.847864389419556,24.981796979904175,30.473624229431152,45.08021879196167,52.36112570762634,"unknown",57.981603145599365,61.48652958869934,"unknown","","unknown","unknown","unknown","","unknown","","unknown","unknown",68.20729637145996,"unknown","unknown",74.33376550674438,"","","",""
"50ec1c5",-522.5185132026672,"unknown",-516.3573205471039,-510.0129542350769,0.0,5.835314035415649,16.365580081939697,22.187116384506226,48.023253202438354,54.59459662437439,5194620.559211016,"unknown",5194628.8295555115,5194647.41749835,5194664.212073088,"unknown","","unknown","unknown","unknown","","unknown","","unknown","unknown",5194689.709480524,"unknown","unknown",5194707.1248703,"",5194521.270968914,"",""
"11892fd",-249.8431215286255,"unknown",-244.51289772987366,-237.65479445457458,0.0,5.577526807785034,9.824402809143066,16.628318309783936,30.348392248153687,36.231852293014526,45.4643714427948,"unknown",52.49744486808777,57.95028042793274,73.51139545440674,"unknown","","unknown","unknown","unknown","","unknown","","unknown","unknown",78.95595145225525,"unknown","unknown",84.8400707244873,"","","",""
"5ba2fe6","","","","","","","","","","","","","","","","","","","","","","","","","","","","","","","","",""
"c94e42e",-1448.0190069675446,"unknown",-1442.3361089229584,-1435.1763226985931,0.0,5.685807228088379,10.912320613861084,17.871134757995605,26.95683193206787,32.429935932159424,43.3753457069397,50.33099675178528,"unknown",57.45032620429993,59.8935980796814,"unknown","","unknown","unknown","unknown","","unknown","","unknown","unknown",65.24589681625366,"unknown","unknown",71.8490059375763,"","","",""
"ee4b6cd",-2755.2405738830566,"unknown",-2749.030345916748,-2743.5593950748444,0.0,6.947256565093994,12.831930875778198,19.160263299942017,37.21618723869324,42.927305459976196,73.33131980895996,"unknown",79.31831407546997,86.23515510559082,88.20321726799011,"unknown","","unknown","unknown","unknown","","unknown","","unknown","unknown",93.96563935279846,"unknown","unknown",99.76299405097961,"","","",""
"f2291ba",-114946.10162782669,"unknown",-114939.49429249763,-114934.09283828735,0.0,6.240315675735474,14.057153701782227,19.765079259872437,33.34049844741821,39.2591335773468,67.50212526321411,74.19264149665833,"unknown",81.15832090377808,83.64104914665222,"unknown","","unknown","unknown","unknown","","unknown","","unknown","unknown",90.35931634902954,"unknown","unknown",97.30636668205261,"","","",""
"fb6ca94",-153821.90060782433,"unknown",-153815.2440559864,-153809.07094478607,0.0,6.409200429916382,19.915751934051514,26.05124282836914,43.78313159942627,50.65900993347168,65.90103054046631,"unknown",72.47832369804382,79.40252661705017,80.834312915802,"unknown","","unknown","unknown","unknown","","unknown","","unknown","unknown",87.98538827896118,"unknown","unknown",94.60782551765442,"","","",""
"516417f",-60295.43214511871,"unknown",-60289.72708106041,-60282.688562870026,0.0,5.46244740486145,15.072510957717896,21.26407527923584,37.66050982475281,43.94506096839905,62.64551115036011,69.4534239768982,"unknown",75.79491996765137,79.43894481658936,"unknown","","unknown","unknown","unknown","","unknown","","unknown","unknown",85.3685553073883,"unknown","unknown",91.18718886375427,"","","",""
"7a0eabe",-472.95157647132874,"unknown",-467.1800127029419,-460.0482442378998,0.0,6.758199453353882,13.630208015441895,20.027507781982422,34.264538526535034,40.62525415420532,57.06707239151001,"unknown",64.34294700622559,70.92151522636414,77.50460195541382,"unknown","","unknown","unknown","unknown","","unknown","","unknown","unknown",83.36872148513794,"unknown","unknown",89.28642320632935,"","","",""
"7b65802","","","","","","","","","","","","","","","","","","","","","","","","","","","","","","","","",""
"5e09b84","","","","","","","","","","","","","","","","","","","","","","","","","","","","","","","","",""
"7da3821","","","","","","","","","","","","","","","","","","","","","","","","","","","","","","","","",""
"2f5762a",-11543.816106557846,"unknown",-11537.4617664814,-11531.259184837341,0.0,5.641964435577393,14.54884147644043,21.634130001068115,33.708563566207886,40.19718647003174,49.25574469566345,56.563849687576294,"unknown",62.5710883140564,64.53423309326172,70.50524425506592,75.81200790405273,82.84426188468933,"unknown",88.73751711845398,91.26245999336243,96.54035592079163,102.4984176158905,"unknown",109.61680436134338,"unknown","unknown",115.39665579795837,121.86436581611633,"","","",""
"50a0fdd",-4385.5221428871155,"unknown",-4378.840317249298,-4373.400953292847,0.0,6.865257263183594,14.983489274978638,21.358880043029785,42.06560230255127,48.12562298774719,89.52516269683838,96.30806636810303,"unknown",103.33277606964111,163.07927703857422,"unknown","","unknown","unknown","unknown","","unknown","","unknown","unknown",168.67585587501526,"unknown","unknown",175.03076601028442,"","","",""
"b7cec81",-47386.59790158272,"unknown",-47380.08879113197,-47373.3652215004,0.0,7.249878883361816,13.680759191513062,19.365657806396484,39.06177878379822,45.40877723693848,94.93288230895996,102.15924048423767,"unknown",108.4636390209198,110.38033628463745,"unknown","","unknown","unknown","unknown","","unknown","","unknown","unknown",116.49132227897644,"unknown","unknown",123.7235381603241,"","","",""
"bf983ba",-739.5374534130096,"unknown",-733.8942811489105,-727.6907517910004,0.0,5.378262281417847,12.687798261642456,19.225133180618286,25.431884288787842,32.644991874694824,583.115879535675,"unknown",588.556991815567,594.3139114379883,823.674807548523,"unknown","","unknown","unknown","unknown","","unknown","","unknown","unknown",830.5383043289185,"unknown","unknown",836.9215784072876,"","","",""
"b53b559",-9997.80169415474,"unknown",-9991.006571769714,-9983.814475774765,0.0,6.484002113342285,22.21263599395752,28.34707260131836,42.66482877731323,49.13189673423767,209.18172335624695,214.5564877986908,"unknown",220.2182903289795,221.66506004333496,"unknown","","unknown","unknown","unknown","","unknown","","unknown","unknown",228.9554090499878,"unknown","unknown",236.04920029640198,"","","",""
"4a92bfd","","","","","","","","","","","","","","","","","","","","","","","","","","","","","","","","",""
"90434eb","","","","","","","","","","","","","","","","","","","","","","","","","","","","","","","","",""
"37674f9","","","","","","","","","","","","","","","","","","","","","","","","","","","","","","","","",""
"0dc300b","","","","","","","","","","","","","","","","","","","","","","","","","","","","","","","","",""
"1800004",-923.7784519195557,"unknown",-917.8812022209167,-912.1813979148865,0.0,6.0758843421936035,10.611313819885254,17.669488430023193,26.538031339645386,33.095741510391235,35.84469985961914,"unknown",41.995107889175415,47.88145136833191,50.41040873527527,"unknown","","unknown","unknown","unknown","","unknown","","unknown","unknown",56.374101877212524,"unknown","unknown",62.08082175254822,"","","",""
"7b3c431",-964672.7864701748,"unknown",-964667.3087265491,-964660.3557360172,0.0,5.854349136352539,11.696912050247192,18.09399724006653,29.05569291114807,35.65227007865906,48.83490467071533,54.77307391166687,"unknown",60.72416162490845,62.791382789611816,"unknown","","unknown","unknown","unknown","","unknown","","unknown","unknown",70.0086452960968,"unknown","unknown",76.80870866775513,"","","",""
"2457ed6",-26069.902698278427,"unknown",-26063.163384199142,-26057.39968395233,0.0,6.265027284622192,13.57977294921875,20.685319900512695,34.974299907684326,41.05172562599182,69.94844484329224,75.48978519439697,"unknown",82.18236637115479,84.41675448417664,"unknown","","unknown","unknown","unknown","","unknown","","unknown","unknown",90.17824792861938,"unknown","unknown",97.16905760765076,"","","",""
"c4bba29",-16.615737915039062,"unknown",-10.40233063697815,-3.3491344451904297,0.0,5.751737117767334,10.91690182685852,17.335305213928223,41.68738913536072,47.364500761032104,84.72983264923096,90.28106570243835,"unknown",97.26471853256226,99.94376039505005,"unknown","","unknown","unknown","unknown","","unknown","","unknown","unknown",106.48975849151611,"unknown","unknown",112.2010657787323,"","","",""
"2dffb9e",-15.772363662719727,"unknown",-8.661193370819092,-2.6747312545776367,0.0,5.871363639831543,8.058088064193726,13.990590333938599,23.612902402877808,30.462429523468018,42.310457944869995,"unknown",47.99227714538574,54.388283014297485,56.723512411117554,"unknown","","unknown","unknown","unknown","","unknown","","unknown","unknown",63.49746561050415,"unknown","unknown",70.02185320854187,"","","",""
"7a35b75",-11354.76955652237,"unknown",-11349.067097187042,-11341.8515021801,0.0,6.083440542221069,20.434963941574097,27.392832040786743,41.132657289505005,48.12255549430847,60.88364934921265,"unknown",68.1063506603241,74.22040486335754,76.1674747467041,"unknown","","unknown","unknown","unknown","","unknown","","unknown","unknown",81.97108101844788,"unknown","unknown",88.66154885292053,"","","",""
"3883e37","","","","","","","","","","","","","","","","","","","","","","","","","","","","","","","","",""
"eacd6a3","","","","","","","","","","","","","","","","","","","","","","","","","","","","","","","","",""
"d09321f",-25482.77697110176,"unknown",-25475.519807338715,-25469.996938943863,0.0,5.609600305557251,16.5335054397583,23.935465574264526,38.917051553726196,45.29422903060913,58.99912190437317,"unknown",65.57014083862305,72.33372139930725,74.09609007835388,"unknown","","unknown","unknown","unknown","","unknown","","unknown","unknown",80.22191452980042,"unknown","unknown",86.80245637893677,"","","",""
"58b1c8e",-115.94955492019653,"unknown",-109.12067008018494,-103.31111240386963,0.0,5.811082363128662,66.50825452804565,71.88684725761414,93.69634056091309,99.80704045295715,129.0283064842224,"unknown",135.45970940589905,141.41988968849182,143.67879986763,"unknown","","unknown","unknown","unknown","","unknown","","unknown","unknown",150.7107286453247,"unknown","unknown",157.30944442749023,"","","",""
"bf3dfcf",-10821.868200302124,"unknown",-10815.799887657166,-10809.456631422043,0.0,5.3134925365448,19.318882703781128,25.469518899917603,35.88863563537598,41.95763850212097,53.38703751564026,"unknown",59.30728554725647,65.31154990196228,66.91570210456848,"unknown","","unknown","unknown","unknown","","unknown","","unknown","unknown",73.13744807243347,"unknown","unknown",80.4056043624878,"","","",""
"80e625f",-286743.3214318752,"unknown",-286736.3599867821,-286730.84178233147,0.0,7.107909202575684,13.070957660675049,18.692917823791504,28.858039140701294,35.702895164489746,55.26940679550171,"unknown",62.4682092666626,68.14927554130554,69.77633881568909,"unknown","","unknown","unknown","unknown","","unknown","","unknown","unknown",75.71135520935059,"unknown","unknown",81.2702431678772,"","","",""
"9846ca8",-13310.625300884247,"unknown",-13305.169226884842,-13299.572047948837,0.0,6.266881465911865,13.486009359359741,20.548275470733643,33.14563202857971,40.04186201095581,58.76914834976196,"unknown",64.54684233665466,69.96859288215637,74.0325083732605,"unknown","","unknown","unknown","unknown","","unknown","","unknown","unknown",80.56507921218872,"unknown","unknown",86.06905055046082,"","","",""
"cc02471",-1488.8570427894592,"unknown",-1483.3514807224274,-1476.5559720993042,0.0,6.997223854064941,12.83122205734253,19.532367706298828,32.8993616104126,39.59110879898071,147.85717964172363,"unknown",153.65413856506348,159.20260763168335,161.596093416214,"unknown","","unknown","unknown","unknown","","unknown","","unknown","unknown",167.82257390022278,"unknown","unknown",173.45629572868347,"","","",""
"0a30844",-114172.43287301064,"unknown",-114165.72922801971,-114159.32034182549,0.0,6.51459002494812,11.12131643295288,17.63181495666504,30.437161684036255,36.3146116733551,52.013720989227295,59.2374541759491,"unknown",66.04682612419128,68.60243940353394,"unknown","","unknown","unknown","unknown","","unknown","","unknown","unknown",74.67482852935791,"unknown","unknown",80.18450403213501,"","","",""
"43d0b63",-15060.946576833725,"unknown",-15053.95232796669,-15047.990850925446,0.0,6.498605251312256,14.038131952285767,20.554191827774048,38.487537145614624,45.104655265808105,61.241430044174194,66.64249157905579,"unknown",73.85390567779541,75.18525910377502,"unknown","","unknown","unknown","unknown","","unknown","","unknown","unknown",81.41091442108154,"unknown","unknown",88.37423324584961,"","","",""
"addf295",-134486.20859098434,"unknown",-134480.70524644852,-134472.8772702217,0.0,5.3538219928741455,10.880353927612305,16.890201330184937,83.80181813240051,90.56415390968323,111.01311087608337,"unknown",117.84328126907349,123.71504640579224,125.25945997238159,"unknown","","unknown","unknown","unknown","","unknown","","unknown","unknown",131.56042957305908,"unknown","unknown",137.23060178756714,-103113.11260342598,"","",""
"1a8e45b",-11705.516903162003,"unknown",-11699.555418252945,-11693.63515329361,0.0,6.59494161605835,11.655633449554443,18.46728801727295,26.873075485229492,32.83515286445618,44.46520948410034,"unknown",50.99190425872803,58.268863916397095,59.897249698638916,"unknown","","unknown","unknown","unknown","","unknown","","unknown","unknown",65.87073493003845,"unknown","unknown",72.81434512138367,"","","",""
"5f2a1aa","","","","","","","","","","","","","","","","","","","","","","","","","","","","","","","","",""
"87b3434",-224592.07080340385,"unknown",-224586.61854743958,-224579.89997935295,0.0,5.2929158210754395,15.118711709976196,20.362191677093506,32.84933948516846,39.2687406539917,58.79594397544861,"unknown",65.893798828125,72.02998352050781,74.22664046287537,"unknown","","unknown","unknown","unknown","","unknown","","unknown","unknown",80.62034940719604,"unknown","unknown",87.37610983848572,"","","",""
"bd305b8","","","","","","","","","","","","","","","","","","","","","","","","","","","","","","","","",""
"4b70ed3",-4122.619179010391,"unknown",-4115.808852434158,-4108.351339817047,0.0,6.814854860305786,48.70499277114868,55.55502223968506,69.24968600273132,74.79551649093628,92.13779711723328,"unknown",98.67093062400818,105.80427289009094,107.2704701423645,"unknown","","unknown","unknown","unknown","","unknown","","unknown","unknown",114.44776701927185,"unknown","unknown",121.80830502510071,"","","",""
"8ec15bc",-55891.30327486992,"unknown",-55885.5142519474,-55879.036137104034,0.0,6.999352693557739,8.324491500854492,14.867327451705933,16.764553546905518,22.946839570999146,65.92851996421814,73.1435866355896,"unknown",79.8504285812378,82.35447692871094,"unknown","","unknown","unknown","unknown","","unknown","","unknown","unknown",88.52823305130005,"unknown","unknown",94.49484777450562,"","","",""
"6c8906b",-27238.136076927185,"unknown",-27231.59876847267,-27225.102150201797,0.0,5.745325088500977,12.35650086402893,18.63340735435486,30.40402579307556,36.43055081367493,45.50644540786743,51.23415660858154,"unknown",57.1284863948822,59.659170150756836,"unknown","","unknown","unknown","unknown","","unknown","","unknown","unknown",66.83711528778076,"unknown","unknown",73.59155035018921,"","","",""
"dae9b13","","","","","","","","","","","","","","","","","","","","","","","","","","","","","","","","",""
"4828266","","","","","","","","","","","","","","","","","","","","","","","","","","","","","","","","",""
"614fc3f",-18106.858779668808,"unknown",-18100.566851377487,-18094.127568244934,0.0,6.672988414764404,12.970945596694946,18.785527229309082,133.3399748802185,138.8248109817505,174.25993514060974,"unknown",180.30286645889282,185.98123407363892,188.17529702186584,"unknown","","unknown","unknown","unknown","","unknown","","unknown","unknown",194.0735993385315,"unknown","unknown",199.36266231536865,"","","",""
"a300755",-1252569.153455019,"unknown",-1252562.2461698055,-1252555.6206228733,0.0,6.932612657546997,9.74722933769226,14.990220546722412,25.88627004623413,32.22729969024658,43.29140067100525,"unknown",49.30407118797302,55.223320960998535,58.04744744300842,"unknown","","unknown","unknown","unknown","","unknown","","unknown","unknown",65.18488836288452,"unknown","unknown",70.52706122398376,"","","",""
"802d704",-53480.08392095566,"unknown",-53473.218183755875,-53466.55994558334,0.0,5.204701900482178,13.464492559432983,18.668169736862183,34.69305348396301,41.989983558654785,51.92393970489502,57.29895567893982,"unknown",63.94544744491577,66.71746492385864,"unknown","","unknown","unknown","unknown","","unknown","","unknown","unknown",72.17910933494568,"unknown","unknown",78.02339577674866,"","","",""
"e892cd4","","","","","","","","","","","","","","","","","","","","","","","","","","","","","","","","",""
"ac42d69",-1595.3754088878632,"unknown",-1589.9540557861328,-1583.7533631324768,0.0,7.112069845199585,13.473074436187744,20.208561420440674,56.160725593566895,62.44464588165283,97.43005990982056,103.88786172866821,"unknown",110.44931888580322,160.4671506881714,"unknown","","unknown","unknown","unknown","","unknown","","unknown","unknown",166.94733357429504,"unknown","unknown",173.29127955436707,"","","",""
"7bb45d3",-8676.180145263672,"unknown",-8669.486231088638,-8663.965163707733,0.0,5.369913578033447,19.51821208000183,25.591057062149048,44.56219673156738,50.79142451286316,62.33497071266174,68.58866381645203,"unknown",73.98372626304626,77.72408437728882,"unknown","","unknown","unknown","unknown","","unknown","","unknown","unknown",84.14569306373596,"unknown","unknown",91.15226745605469,"","","",""
"7622483",-95604.49099421501,"unknown",-95597.92337298393,-95592.62060809135,0.0,7.216391086578369,10.472844362258911,17.49729561805725,28.608774423599243,34.86851406097412,40.16398739814758,"unknown",47.33631944656372,52.80646252632141,54.44587516784668,"unknown","","unknown","unknown","unknown","","unknown","","unknown","unknown",60.56663727760315,"unknown","unknown",67.26870369911194,"","","",""
"730747e",-54546.06811213493,"unknown",-54540.742633104324,-54535.18778920174,0.0,5.7171289920806885,12.400075435638428,19.42523431777954,33.28984975814819,38.62271237373352,48.13175678253174,54.83672380447388,"unknown",60.78202414512634,62.90553617477417,"unknown","","unknown","unknown","unknown","","unknown","","unknown","unknown",68.62218904495239,"unknown","unknown",74.37784695625305,"","","",""
"07ff49d",-430.6624901294708,"unknown",-424.0214445590973,-418.1572666168213,0.0,7.403651237487793,18.64969253540039,25.223251819610596,75.25918197631836,81.6440007686615,92.28146624565125,99.6486451625824,"unknown",105.41251468658447,107.3963270187378,"unknown","","unknown","unknown","unknown","","unknown","","unknown","unknown",114.45730805397034,"unknown","unknown",119.7071144580841,"","","",""
"22fdb61",-4725.9399354457855,"unknown",-4719.629397392273,-4713.0128219127655,0.0,6.009127616882324,54144.701048612595,54150.6370177269,54159.54735684395,54165.71780729294,54169.43953323364,54176.468205690384,"unknown",54183.483112573624,54185.47522354126,"unknown","","unknown","unknown","unknown","","unknown","","unknown","unknown",54191.47230601311,"unknown","unknown",54197.96133375168,"","","",""
"db046f2",-4891.323786497116,"unknown",-4884.953408002853,-4877.537315130234,0.0,5.963396072387695,12.28550910949707,18.067049741744995,29.575443029403687,37.69493508338928,53.4849853515625,60.17305898666382,"unknown",65.44824767112732,67.04025411605835,"unknown","","unknown","unknown","unknown","","unknown","","unknown","unknown",74.28606724739075,"unknown","unknown",80.20795798301697,"","","",""
"99ee852",-4551.0901753902435,"unknown",-4545.541826963425,-4539.217245578766,0.0,6.795415163040161,14.036451816558838,20.351269006729126,31.322450876235962,38.38656783103943,93.50029730796814,"unknown",100.3566358089447,106.4966368675232,109.62761282920837,"unknown","","unknown","unknown","unknown","","unknown","","unknown","unknown",116.46825885772705,"unknown","unknown",122.91516661643982,"","","",""
"ad2fc5b",-9863.529556035995,"unknown",-9856.87924861908,-9850.382717370987,0.0,6.3271965980529785,19.714773654937744,25.52704620361328,38.2362744808197,44.777403831481934,53.10579442977905,58.779370069503784,"unknown",65.41372108459473,84.35255336761475,"unknown","","unknown","unknown","unknown","","unknown","","unknown","unknown",89.61298084259033,"unknown","unknown",95.8771402835846,"","","",""
"d318264","","","","","","","","","","","","","","","","","","","","","","","","","","","","","","","","",""
"741ef32",-223.15308547019958,"unknown",-217.08854222297668,-210.38663983345032,0.0,6.18363356590271,24.071210861206055,29.737844705581665,46.42761993408203,52.52421808242798,62.11565279960632,69.21164608001709,"unknown",74.71714496612549,77.32804441452026,"unknown","","unknown","unknown","unknown","","unknown","","unknown","unknown",82.73533463478088,"unknown","unknown",88.73150753974915,"","","",""
"b75259d",-1018981.8354969025,"unknown",-1018974.7674837112,-1018968.5226333141,0.0,5.844971656799316,8.471438646316528,15.123752355575562,41.198967933654785,47.00600337982178,57.054219484329224,"unknown",64.24672985076904,70.53042531013489,81.61572575569153,87.01932001113892,95.00165271759033,101.39943957328796,"unknown",108.25224566459656,110.51734495162964,"unknown","","unknown","unknown","unknown",117.17816758155823,"unknown",122.38734173774719,"","","",""
"b67425b","","","","","","","","","","","","","","","","","","","","","","","","","","","","","","","","",""
"446ad6c",-3654.7183635234833,"unknown",-3649.431756258011,-3644.048588514328,0.0,6.13850212097168,9.347792863845825,15.876665830612183,29.68545174598694,35.78246569633484,51.51023268699646,"unknown",56.817590951919556,62.90940737724304,79.82915544509888,"unknown","","unknown","unknown","unknown","","unknown","","unknown","unknown",87.00482153892517,"unknown","unknown",94.00488424301147,"","","",""
"70405ea","","","","","","","","","","","","","","","","","","","","","","","","","","","","","","","","",""
"1117a63",-1230.7877986431122,"unknown",-1224.1988263130188,-1218.1559076309204,0.0,5.932646989822388,10.900788307189941,18.18243646621704,43.038097620010376,49.46624040603638,78.3857569694519,85.35363483428955,"unknown",91.2880392074585,96.27964472770691,"unknown","","unknown","unknown","unknown","","unknown","","unknown","unknown",102.18874025344849,"unknown","unknown",108.61664772033691,"","","",""
"537189f","","","","","","","","","","","","","","","","","","","","","","","","","","","","","","","","",""
"17b5a6e","","","","","","","","","","","","","","","","","","","","","","","","","","","","","","","","",""
"d3e37eb",-4545.0314683914185,"unknown",-4537.870292425156,-4531.318456411362,0.0,7.405335187911987,10.187114238739014,16.972288131713867,32.26065278053284,39.15472149848938,52.563424825668335,58.37053847312927,"unknown",63.93994975090027,65.38484334945679,"unknown","","unknown","unknown","unknown","","unknown","","unknown","unknown",71.74731636047363,"unknown","unknown",78.0609872341156,"","","",""
"2ee7f92",-409.6594178676605,"unknown",-402.8187880516052,-397.32981157302856,0.0,6.288861513137817,11.964023113250732,18.83247137069702,47.70672154426575,53.38756489753723,87.65515232086182,94.91056275367737,"unknown",101.01520490646362,353.0183765888214,"unknown","","unknown","unknown","unknown","","unknown","","unknown","unknown",358.6015911102295,"unknown","unknown",365.0890226364136,"","","",""
"89d63ed",-968.9841446876526,"unknown",-786.5509440898895,-605.8819854259491,0.0,6.023819923400879,8.191835165023804,15.162240028381348,19.276264429092407,25.236182689666748,41.121214389801025,47.243005990982056,"unknown",53.82162547111511,55.81121301651001,"unknown","","unknown","unknown","unknown","","unknown","","unknown","unknown",61.74321794509888,"unknown","unknown",68.1036171913147,"","","",""
"c0a644e",-748.544203042984,"unknown",-742.355849981308,-736.1668081283569,0.0,6.610394716262817,18.962674379348755,24.56628394126892,370.8122408390045,377.1323471069336,389.2685286998749,394.85752725601196,"unknown",401.0508964061737,402.46882343292236,"unknown","","unknown","unknown","unknown","","unknown","","unknown","unknown",407.990522146225,"unknown","unknown",413.68718457221985,"","","",""
"80f558b",-167085.4126546383,"unknown",-167079.35900115967,-167073.90162682533,0.0,5.546976327896118,12.231735706329346,17.778549671173096,30.8227219581604,37.2347309589386,56.06996273994446,"unknown",61.47291874885559,67.95216774940491,70.37633776664734,"unknown","","unknown","unknown","unknown","","unknown","","unknown","unknown",75.83125805854797,"unknown","unknown",81.11723256111145,"","","",""
"87e4f18",-8895.0420088768,"unknown",-8710.87658405304,-8530.372887134552,0.0,6.663771867752075,9.232892513275146,15.030649900436401,27.114202976226807,33.41221261024475,46.88386631011963,"unknown",52.915571212768555,59.65657043457031,62.11799097061157,"unknown","","unknown","unknown","unknown","","unknown","","unknown","unknown",68.521799325943,"unknown","unknown",74.74195599555969,"","","",""
"0186834",-23488.299962043762,"unknown",-23482.397406101227,-23475.87770152092,0.0,5.414125680923462,10.807840824127197,16.562450170516968,19.31057596206665,26.080849409103394,41.62013602256775,48.61312961578369,"unknown",55.633116245269775,57.703593730926514,"unknown","","unknown","unknown","unknown","","unknown","","unknown","unknown",64.69529795646667,"unknown","unknown",71.10045409202576,"","","",""
"0355f6d",-3474.1073939800262,"unknown",-3467.2588880062103,-3461.6781244277954,0.0,6.17674446105957,16.33068561553955,21.579091787338257,42.16987991333008,48.02059555053711,76.85805630683899,"unknown",82.28736281394958,89.27793455123901,91.23166680335999,"unknown","","unknown","unknown","unknown","","unknown","","unknown","unknown",97.91097831726074,"unknown","unknown",105.05163788795471,"","","",""
"fa6a8b8","","","","","","","","","","","","","","","","","","","","","","","","","","","","","","","","",""
"145d339",-3515.2532300949097,"unknown",-3509.59002828598,-3504.0378506183624,0.0,7.493210077285767,10.948803901672363,17.314355850219727,30.391417980194092,36.23178553581238,45.206780672073364,"unknown",51.455055952072144,57.63748621940613,62.58335065841675,"unknown","","unknown","unknown","unknown","","unknown","","unknown","unknown",69.33845901489258,"unknown","unknown",75.46389961242676,"","","",""
"e96f42c","","","","","","","","","","","","","","","","","","","","","","","","","","","","","","","","",""
"f382ec0","","","","","","","","","","","","","","","","","","","","","","","","","","","","","","","","",""
"962a7dd",-59.92151355743408,"unknown",-53.83776354789734,-47.02339458465576,0.0,6.746610403060913,91.55302882194519,97.75249981880188,127.20434522628784,133.79194235801697,167.64052391052246,"unknown",173.08561539649963,179.61253595352173,181.97573494911194,"unknown","","unknown","unknown","unknown","","unknown","","unknown","unknown",188.605322599411,"unknown","unknown",194.23321533203125,"","","",""
"5c97513",-18735.95989561081,"unknown",-18729.760801792145,-18723.510204792023,0.0,6.267758369445801,15.751163244247437,21.65401554107666,39.402318477630615,45.92022347450256,68.09211802482605,74.30012655258179,"unknown",81.30861067771912,84.80215620994568,"unknown","","unknown","unknown","unknown","","unknown","","unknown","unknown",90.27839493751526,"unknown","unknown",97.10976505279541,"","","",""
"acc6118",-28213.925059318542,"unknown",-28208.45271706581,-28201.230932235718,0.0,6.163966655731201,10.864413261413574,17.139727354049683,25.59987473487854,32.524088621139526,41.075085401535034,"unknown",46.587045669555664,53.13681483268738,57.738418102264404,"unknown","","unknown","unknown","unknown","","unknown","","unknown","unknown",64.90673995018005,"unknown","unknown",70.14880633354187,"","","",""
"d33371d",-1176402.8545804024,"unknown",-1176396.1850233078,-1176389.1696734428,0.0,6.990330219268799,18.84386968612671,25.33778142929077,41.37390685081482,47.0597608089447,84.82136368751526,91.86168122291565,"unknown",97.34441232681274,100.30279278755188,"unknown","","unknown","unknown","unknown","","unknown","","unknown","unknown",106.23923134803772,"unknown","unknown",112.51753187179565,"","","",""
"5d45bd1",-2223.967084169388,"unknown",-2218.545947790146,-2212.6925587654114,0.0,6.177578449249268,13.605586290359497,19.68799114227295,36.96140170097351,42.68152594566345,71.64863634109497,"unknown",79.04899048805237,85.32942771911621,88.05159664154053,"unknown","","unknown","unknown","unknown","","unknown","","unknown","unknown",93.99159073829651,"unknown","unknown",99.5610613822937,"","","",""
"cfcbc2d","","","","","","","","","","","","","","","","","","","","","","","","","","","","","","","","",""
"98ecb86",-2621.7727489471436,"unknown",-2614.7103939056396,-2608.8642506599426,0.0,5.487442255020142,8.61439824104309,15.255989789962769,22.859782218933105,30.13007402420044,54.262423276901245,"unknown",61.40452432632446,68.90154552459717,70.68839931488037,"unknown","","unknown","unknown","unknown","","unknown","","unknown","unknown",77.65036225318909,"unknown","unknown",84.01598167419434,"","","",""
"7636563",-2653.5746142864227,"unknown",-2647.32426905632,-2640.8098006248474,0.0,5.645062685012817,8.980960607528687,16.12786340713501,24.28462028503418,29.70093584060669,61.70547795295715,"unknown",67.88843631744385,74.91689276695251,87.17946982383728,"unknown","","unknown","unknown","unknown","","unknown","","unknown","unknown",94.37749290466309,"unknown","unknown",100.31252765655518,"","","",""
"5d2b358",-10686915.462766647,"unknown",-10686910.101885319,-10686903.0652318,0.0,6.320378303527832,11.158714532852173,17.511182069778442,25.224980115890503,33.369439125061035,47.25331258773804,"unknown",53.44178819656372,59.165695905685425,60.94919466972351,"unknown","","unknown","unknown","unknown","","unknown","","unknown","unknown",67.35705995559692,"unknown","unknown",73.03152632713318,-4218.40673828125,"","",""
"5d9ae0c","","","","","","","","","","","","","","","","","","","","","","","","","","","","","","","","",""
"73d4e20",-301719.470539093,"unknown",-301713.2378666401,-301706.80470871925,0.0,7.080439329147339,161.00478053092957,166.52716302871704,197.61782264709473,203.86211800575256,216.9767496585846,"unknown",223.472336769104,229.08779287338257,237.57134628295898,"unknown","","unknown","unknown","unknown","","unknown","","unknown","unknown",244.76634049415588,"unknown","unknown",250.18004393577576,"","","",""
"be94a32",-112464.6832344532,"unknown",-112458.07688140869,-112451.83940291405,0.0,6.161077976226807,16.01564383506775,21.962854385375977,24.528902769088745,30.74506163597107,37.44802403450012,42.85180854797363,"unknown",49.89180779457092,281.15589451789856,"unknown","","unknown","unknown","unknown","","unknown","","unknown","unknown",287.68474531173706,"unknown","unknown",294.41313910484314,"","","",""
"9f972fb","","","","","","","","","","","","","","","","","","","","","","","","","","","","","","","","",""
"6e93efd",-8828.37827372551,"unknown",-8822.42243719101,-8816.407843112946,0.0,6.960231304168701,10.009426593780518,16.113508939743042,11483580.13866067,11483585.623370886,11483597.760257244,11483604.620942116,"unknown",11483611.69990325,11483614.954859972,11483621.933817863,11483626.196537971,"unknown",11483632.647366047,11483639.038288355,11483640.284823418,"unknown","","unknown","unknown","unknown",11483645.76157999,"unknown",11483652.358057022,"","",11475964.764800549,""
"5a4afae","","","","","","","","","","","","","","","","","","","","","","","","","","","","","","","","",""
"c34e373","","","","","","","","","","","","","","","","","","","","","","","","","","","","","","","","",""
"6bac72b",-5607.704070329666,"unknown",-5602.257211685181,-5596.0114402771,0.0,5.7672224044799805,11.624967813491821,17.697836875915527,27.651268243789673,33.89000916481018,40.8844633102417,48.13546133041382,"unknown",54.78054594993591,56.558629512786865,"unknown","","unknown","unknown","unknown","","unknown","","unknown","unknown",62.287442445755005,"unknown","unknown",68.45876932144165,"","","",""
"c9285e4",-36.42472577095032,"unknown",-30.07271099090576,-23.027644872665405,0.0,7.0767035484313965,10.610318183898926,16.79124140739441,26.91541028022766,33.14544105529785,41.44577074050903,"unknown",47.324066400527954,53.5805549621582,55.403844594955444,"unknown","","unknown","unknown","unknown","","unknown","","unknown","unknown",62.266398906707764,"unknown","unknown",68.79731869697571,"","","",""
"bd4b2f4",-14060.099077224731,"unknown",-14053.26753115654,-14046.293048381805,0.0,5.874184608459473,11.589924812316895,18.268502235412598,30.30846333503723,37.379873514175415,46.36633086204529,53.18504333496094,"unknown",60.216105222702026,62.63306736946106,"unknown","","unknown","unknown","unknown","","unknown","","unknown","unknown",68.69090580940247,"unknown","unknown",75.54244875907898,"","","",""
"bd650e8","","","","","","","","","","","","","","","","","","","","","","","","","","","","","","","","",""
"b81bc6e","","","","","","","","","","","","","","","","","","","","","","","","","","","","","","","","",""
"0ff20c2",-13920.866099357605,"unknown",-13914.97903251648,-13909.593279600143,0.0,7.110748291015625,19.96261739730835,26.747653007507324,56.119545221328735,61.7866096496582,70.85033679008484,"unknown",76.40816950798035,82.84268188476562,84.82388758659363,"unknown","","unknown","unknown","unknown","","unknown","","unknown","unknown",90.79595351219177,"unknown","unknown",96.47232174873352,"","","",""
"b0e3caa",-4553.5111973285675,"unknown",-4547.049366474152,-4540.417181253433,0.0,5.6018054485321045,12.589010000228882,19.651448726654053,35.68699622154236,42.08532500267029,59.774922132492065,"unknown",66.72550916671753,72.33253931999207,74.63588166236877,"unknown","","unknown","unknown","unknown","","unknown","","unknown","unknown",80.06688714027405,"unknown","unknown",87.21555137634277,"","","",""
"45f7f6c",-825998.581508398,"unknown",-825991.9075348377,-825985.8165454865,0.0,7.156752586364746,32.26574182510376,38.201369762420654,40.336315870285034,46.03943061828613,58.505725145339966,"unknown",64.01465559005737,70.36566519737244,72.54983687400818,"unknown","","unknown","unknown","unknown","","unknown","","unknown","unknown",78.69371771812439,"unknown","unknown",85.67899942398071,"","","",""
"1df700a",-40.45937490463257,"unknown",-34.79483246803284,-29.447556018829346,0.0,5.7613279819488525,14.15511441230774,19.84612727165222,34.43374514579773,41.01646399497986,58.82777953147888,"unknown",65.58438801765442,72.10918426513672,76.11316776275635,"unknown","","unknown","unknown","unknown","","unknown","","unknown","unknown",82.55563759803772,"unknown","unknown",88.83380103111267,"","","",""
"d3a396c",-22165.362333774567,"unknown",-22159.237273931503,-22152.379453897476,0.0,6.410789251327515,9.312645196914673,14.954975605010986,33.8991801738739,39.569422006607056,280.9977126121521,287.9522657394409,"unknown",293.64051508903503,296.13433480262756,"unknown","","unknown","unknown","unknown","","unknown","","unknown","unknown",301.96934056282043,"unknown","unknown",307.9289393424988,"","","",""
"79b129c",-7211.292552471161,"unknown",-7204.164267301559,-7198.489999294281,0.0,5.655762195587158,16.45688772201538,21.839425086975098,48.11831974983215,54.0762095451355,87.80741810798645,95.24964475631714,"unknown",101.13666129112244,102.9439947605133,"unknown","","unknown","unknown","unknown","","unknown","","unknown","unknown",108.99706935882568,"unknown","unknown",116.10261678695679,"","","",""
"d85b5c4",-584.8686668872833,"unknown",-579.5111267566681,-574.169068813324,0.0,6.047007322311401,74.24767661094666,81.13376522064209,103.79313087463379,109.63034105300903,140.34514570236206,146.69290900230408,"unknown",153.04155564308167,159.7055253982544,"unknown","","unknown","unknown","unknown","","unknown","","unknown","unknown",166.591237783432,"unknown","unknown",173.73870849609375,"","","",""
"43b56f8","","","","","","","","","","","","","","","","","","","","","","","","","","","","","","","","",""
"3ecbabb",-305505.3512830734,"unknown",-305499.03780031204,-305493.2058606148,0.0,7.077077388763428,9.23122501373291,14.70583987236023,29.9566547870636,36.274680614471436,59.05466103553772,"unknown",65.15000796318054,72.01775479316711,74.30885744094849,"unknown","","unknown","unknown","unknown","","unknown","","unknown","unknown",81.35818982124329,"unknown","unknown",87.02404356002808,-15516.112351417542,"","",""
"c9c92b5",-355.9056878089905,"unknown",-349.6378514766693,-343.76697158813477,0.0,6.737176179885864,1130.4261560440063,1135.9266171455383,1148.3048841953278,1155.2361850738525,1195.2425622940063,"unknown",1201.1180081367493,1207.0182793140411,1216.4926035404205,"unknown","","unknown","unknown","unknown","","unknown","","unknown","unknown",1222.9828751087189,"unknown","unknown",1228.786898612976,"","","",""
"f9b9236",-794.3506009578705,"unknown",-787.279069185257,-780.9612383842468,0.0,6.759352684020996,9.205158472061157,16.67682981491089,31.491441011428833,38.87900948524475,94.56962895393372,"unknown",100.99877524375916,106.79681921005249,108.65632271766663,"unknown","","unknown","unknown","unknown","","unknown","","unknown","unknown",114.6189832687378,"unknown","unknown",120.42032647132874,"","","",""
"4a0236d","","","","","","","","","","","","","","","","","","","","","","","","","","","","","","","","",""
"b7a265d",-1901.8188886642456,"unknown",-1894.6094183921814,-1888.9867615699768,0.0,6.903969764709473,24.986132621765137,31.640899181365967,54.06613349914551,61.27786660194397,70.92407155036926,77.25965881347656,"unknown",83.86630320549011,89.35988068580627,"unknown","","unknown","unknown","unknown","","unknown","","unknown","unknown",94.8816282749176,"unknown","unknown",100.67376327514648,"","","",""
"912afde","","","","","","","","","","","","","","","","","","","","","","","","","","","","","","","","",""
"c97639e",-39628.16265749931,"unknown",-39622.498096227646,-39616.43798303604,0.0,6.73176646232605,14.065089702606201,20.915054321289062,70.2409040927887,76.33261942863464,102.1461763381958,"unknown",108.08098840713501,114.21969747543335,116.80535936355591,"unknown","","unknown","unknown","unknown","","unknown","","unknown","unknown",122.6662917137146,"unknown","unknown",129.30518674850464,"","","",""
"af72486",-571788.0275464058,"unknown",-571782.18394351,-571775.4400656223,0.0,6.715263366699219,13.050173282623291,18.385467529296875,31.36324644088745,38.091474771499634,47.95847034454346,54.44079613685608,"unknown",60.48031234741211,62.07869911193848,"unknown","","unknown","unknown","unknown","","unknown","","unknown","unknown",68.9057023525238,"unknown","unknown",75.9421501159668,"","","",""
"e2517d9",-1680.8270213603973,"unknown",-1674.7487556934357,-1667.5680496692657,0.0,5.670048713684082,820.767082452774,827.3931727409363,887.687931060791,893.5864865779877,914.264034986496,"unknown",921.2318007946014,927.3289890289307,938.077225446701,"unknown","","unknown","unknown","unknown","","unknown","","unknown","unknown",944.0272126197815,"unknown","unknown",949.2187030315399,"","","",""
"1e88a68",-3268.2780435085297,"unknown",-3261.1148715019226,-3255.706894159317,0.0,5.932060241699219,134.48058485984802,140.69683051109314,158.77512335777283,166.0204975605011,177.81205320358276,185.0188443660736,"unknown",191.5985198020935,197.11882901191711,"unknown","","unknown","unknown","unknown","","unknown","","unknown","unknown",204.0637185573578,"unknown","unknown",210.2596082687378,"","","",""
"9d97673",-9090.961463451385,"unknown",-9085.60445523262,-9078.562811136246,0.0,5.671408653259277,11.797145128250122,17.568191051483154,34.49492001533508,40.97854685783386,56.14449644088745,"unknown",62.12426447868347,67.77377414703369,69.90106391906738,"unknown","","unknown","unknown","unknown","","unknown","","unknown","unknown",77.06964159011841,"unknown","unknown",83.41858530044556,"","","",""
"aa07d95",-2119.6258187294006,"unknown",-2112.8933515548706,-2105.922862768173,0.0,6.797446966171265,41.24393057823181,47.252541065216064,59.08923316001892,65.57405066490173,83.66879868507385,90.26867699623108,"unknown",96.2107207775116,98.83624911308289,"unknown","","unknown","unknown","unknown","","unknown","","unknown","unknown",105.00654077529907,"unknown","unknown",112.05250334739685,"","","",""
"d27b032","","","","","","","","","","","","","","","","","","","","","","","","","","","","","","","","",""
"38c4951",-582152.5296030045,"unknown",-582147.142649889,-582141.5164499283,0.0,6.374171733856201,11.833504438400269,18.13161301612854,30.5577654838562,36.66119599342346,66.32367825508118,72.99575638771057,"unknown",78.28110933303833,79.95874285697937,"unknown","","unknown","unknown","unknown","","unknown","","unknown","unknown",85.5662431716919,"unknown","unknown",92.34624862670898,"","","",""
"13dba9e","","","","","","","","","","","","","","","","","","","","","","","","","","","","","","","","",""
"e6d310e",-10316.623631715775,"unknown",-10310.953419208527,-10304.207405805588,0.0,7.268304824829102,17.986801385879517,25.45682692527771,43.085963010787964,49.10705637931824,68.54768300056458,75.80535507202148,"unknown",82.26923966407776,104.11231923103333,"unknown","","unknown","unknown","unknown","","unknown","","unknown","unknown",110.35232090950012,"unknown","unknown",117.4303469657898,"","","",""
"8c74aa5",-575.6694025993347,"unknown",-568.4901902675629,-562.266428232193,0.0,5.875439167022705,31.149821281433105,37.596357107162476,50.07818078994751,57.24093413352966,67.03670525550842,72.38605451583862,"unknown",78.10076975822449,103.31896090507507,"unknown","","unknown","unknown","unknown","","unknown","","unknown","unknown",109.63970613479614,"unknown","unknown",117.41722416877747,"","","",""
"679fa36","","","","","","","","","","","","","","","","","","","","","","","","","","","","","","","","",""
"b164bf7",-82885.786195755,"unknown",-82879.30289530754,-82873.63041448593,0.0,6.0777294635772705,12.867050647735596,19.767878770828247,31.828457832336426,37.493762731552124,46.656596660614014,"unknown",52.51417064666748,59.167274951934814,60.74115610122681,"unknown","","unknown","unknown","unknown","","unknown","","unknown","unknown",67.83635926246643,"unknown","unknown",75.0240547657013,"","","",""
"7e62763",-92411.54664373398,"unknown",-92406.01743602753,-92398.8972067833,0.0,7.071025609970093,13.427144050598145,20.60743284225464,32.32213759422302,37.71720051765442,49.53105139732361,56.67394423484802,"unknown",63.09512114524841,65.77593421936035,"unknown","","unknown","unknown","unknown","","unknown","","unknown","unknown",72.92250847816467,"unknown","unknown",79.55473446846008,"","","",""
"c7a7d85",-66386.57103133202,"unknown",-66380.9081902504,-66375.00030732155,0.0,5.730382919311523,69.0980634689331,74.4909496307373,101.63122653961182,108.21850252151489,123.96782875061035,130.87952280044556,"unknown",137.98650431632996,139.83267211914062,"unknown","","unknown","unknown","unknown","","unknown","","unknown","unknown",146.64257407188416,"unknown","unknown",152.9925525188446,"","","",""
"3b7f267","","","","","","","","","","","","","","","","","","","","","","","","","","","","","","","","",""
"fa1efad","","","","","","","","","","","","","","","","","","","","","","","","","","","","","","","","",""
"ae58bf1",-2352.1374678611755,"unknown",-2345.8681995868683,-2340.2247838974,0.0,6.943408966064453,11.853761196136475,18.50524115562439,30.753376722335815,36.89524459838867,47.110753536224365,53.25709843635559,"unknown",58.715636014938354,63.16208076477051,"unknown","","unknown","unknown","unknown","","unknown","","unknown","unknown",70.08044648170471,"unknown","unknown",77.28685092926025,"","","",""
"492238f","","","","","","","","","","","","","","","","","","","","","","","","","","","","","","","","",""
"43c977d",-59656.176181554794,"unknown",-59600.97664451599,-59545.525877952576,0.0,5.6785478591918945,10.408958196640015,16.060381174087524,34.485772132873535,39.82778239250183,56.046918869018555,61.666263818740845,"unknown",67.4349217414856,69.59831547737122,"unknown","","unknown","unknown","unknown","","unknown","","unknown","unknown",76.75909638404846,"unknown","unknown",82.32692837715149,"","","",""
"4eff6be",-3142699.5124013424,"unknown",-3142693.300037384,-3142687.475689411,0.0,6.057037115097046,10.815215826034546,17.88441824913025,28.62989068031311,35.96164274215698,53.11914539337158,58.678045988082886,"unknown",64.68300533294678,66.72647547721863,"unknown","","unknown","unknown","unknown","","unknown","","unknown","unknown",72.60385012626648,"unknown","unknown",78.70123076438904,"","","",""
"e1b193b",-3718.1195969581604,"unknown",-3712.475009202957,-3706.499965906143,0.0,7.2563464641571045,31.539893627166748,38.33782362937927,48.52926063537598,55.53534173965454,71.71304035186768,77.41727614402771,"unknown",84.17895436286926,86.06042432785034,"unknown","","unknown","unknown","unknown","","unknown","","unknown","unknown",93.12045550346375,"unknown","unknown",99.71997117996216,"","","",""
"1415cd3","","","","","","","","","","","","","","","","","","","","","","","","","","","","","","","","",""
"2953e33",-128649.72898387909,"unknown",-128643.40055060387,-128636.63176250458,0.0,6.070672512054443,10.68997311592102,16.208170175552368,27.140883922576904,32.83295202255249,54.64489960670471,60.673643827438354,"unknown",66.20653915405273,67.5623984336853,"unknown","","unknown","unknown","unknown","","unknown","","unknown","unknown",73.15397953987122,"unknown","unknown",79.82686161994934,"","","",""
"a540012","","","","","","","","","","","","","","","","","","","","","","","","","","","","","","","","",""
"dd88e0f","","","","","","","","","","","","","","","","","","","","","","","","","","","","","","","","",""
"d135983",-317181.46930646896,"unknown",-317174.44669008255,-317167.7506444454,0.0,6.015815734863281,11.679947853088379,17.27496027946472,32.81425881385803,38.5347466468811,54.96449112892151,60.98266649246216,"unknown",66.65252470970154,77.1154088973999,"unknown","","unknown","unknown","unknown","","unknown","","unknown","unknown",83.23466086387634,"unknown","unknown",90.32938623428345,"","","",""
"814517e",-803.4382750988007,"unknown",-797.4340796470642,-791.8989825248718,0.0,7.223160743713379,15.416863679885864,21.627386331558228,34.73053812980652,40.94688630104065,95.49191665649414,"unknown",102.19461369514465,107.45448088645935,110.07518577575684,"unknown","","unknown","unknown","unknown","","unknown","","unknown","unknown",116.44043612480164,"unknown","unknown",121.90485572814941,"","","",""
"53deb5c",-65054.84279632568,"unknown",-65049.504621744156,-65044.039685726166,0.0,5.96823263168335,15.105488538742065,21.33259153366089,39.73440337181091,46.3590452671051,75.80871939659119,81.25058174133301,"unknown",88.1392149925232,90.57555413246155,"unknown","","unknown","unknown","unknown","","unknown","","unknown","unknown",97.53431510925293,"unknown","unknown",103.74130868911743,"","","",""
"e4cf342","","","","","","","","","","","","","","","","","","","","","","","","","","","","","","","","",""
"c1a9909",-30703.892308473587,"unknown",-30698.24374270439,-30691.48921942711,0.0,6.6224706172943115,9.63084864616394,15.41480278968811,26.28791642189026,32.23553943634033,47.23664474487305,"unknown",54.82650804519653,60.58652186393738,1928.7459871768951,"unknown","","unknown","unknown","unknown","","unknown","","unknown","unknown",1936.0502681732178,"unknown","unknown",1942.45454454422,"","","",""
"844ab34","","","","","","","","","","","","","","","","","","","","","","","","","","","","","","","","",""
"fc2538d",-17.216981649398804,"unknown",-10.4710214138031,-3.6250317096710205,0.0,6.689942121505737,17.69479465484619,24.883803606033325,33.13699960708618,40.27159118652344,61.49438786506653,67.30987000465393,"unknown",73.38587021827698,75.39187121391296,"unknown","","unknown","unknown","unknown","","unknown","","unknown","unknown",80.92017126083374,"unknown","unknown",86.60970044136047,"","","",""
"4c228f6",-3175.1715173721313,"unknown",-3169.604153394699,-3163.0057933330536,0.0,6.916452169418335,25.3709819316864,31.67614221572876,43.73873782157898,49.6092848777771,64.78500032424927,"unknown",72.02065181732178,79.31337833404541,96.91859865188599,"unknown","","unknown","unknown","unknown","","unknown","","unknown","unknown",104.47178721427917,"unknown","unknown",110.78598093986511,"","","",""
"747ce5f",-733049.5504250526,"unknown",-733043.1055967808,-733036.6623091698,0.0,5.975158929824829,11.355165481567383,17.7910373210907,30.76046895980835,36.513516426086426,56.79766225814819,"unknown",63.797579526901245,69.59512758255005,72.5594642162323,79.68060231208801,82.96796894073486,88.27389121055603,"unknown",95.36845350265503,96.93032741546631,"unknown","","unknown","unknown","unknown",103.28442788124084,"unknown",109.3593339920044,"","","",""
"6ab42f2",-9948.208629131317,"unknown",-9942.419273853302,-9935.76440191269,0.0,7.238546133041382,9.53537631034851,15.321810483932495,17.081341981887817,24.08329725265503,32.88123416900635,"unknown",38.21549606323242,43.479732036590576,63.95361852645874,"unknown","","unknown","unknown","unknown","","unknown","","unknown","unknown",70.69567108154297,"unknown","unknown",76.05791425704956,"","","",""
"41f2447",-18445.07030272484,"unknown",-18438.428070306778,-18433.19563961029,0.0,6.576364755630493,11.949514627456665,18.643993139266968,33.05984425544739,38.94786095619202,52.532410621643066,59.85446214675903,"unknown",65.4174313545227,67.33736443519592,"unknown","","unknown","unknown","unknown","","unknown","","unknown","unknown",74.40164065361023,"unknown","unknown",81.4777569770813,"","","",""
"5bf619a",-372784.1615052223,"unknown",-372778.75723075867,-372772.6680574417,0.0,6.030973196029663,14.778828382492065,20.15432643890381,58.470967292785645,64.96549272537231,101.36952638626099,"unknown",107.84935283660889,114.95239114761353,118.8381187915802,"unknown","","unknown","unknown","unknown","","unknown","","unknown","unknown",126.00549554824829,"unknown","unknown",132.31603622436523,"","","",""
"a123713",-232919.575360775,"unknown",-232912.22532343864,-232906.6736009121,0.0,7.0711047649383545,13.283213376998901,19.37442135810852,31.36010432243347,38.1693639755249,53.895782709121704,59.87742638587952,"unknown",65.99701189994812,67.5635678768158,"unknown","","unknown","unknown","unknown","","unknown","","unknown","unknown",74.04895401000977,"unknown","unknown",79.48531699180603,"","","",""
"4997357","","","","","","","","","","","","","","","","","","","","","","","","","","","","","","","","",""
"5455b1d","","","","","","","","","","","","","","","","","","","","","","","","","","","","","","","","",""
"f52861b","","","","","","","","","","","","","","","","","","","","","","","","","","","","","","","","",""
"466a0ab",-8345.7652490139,"unknown",-8339.874112844467,-8333.229672670364,0.0,6.422584533691406,12.374788045883179,19.488727807998657,28.074071407318115,34.049901723861694,52.329298973083496,58.23618483543396,"unknown",64.73697519302368,66.30385088920593,"unknown","","unknown","unknown","unknown","","unknown","","unknown","unknown",72.97039008140564,"unknown","unknown",79.77531695365906,"","","",""
"399b994","","","","","","","","","","","","","","","","","","","","","","","","","","","","","","","","",""
"6568ea1",-15085.925300598145,"unknown",-15079.969334602356,-15073.69558429718,0.0,6.823944330215454,14.007789850234985,19.39336371421814,37.74973106384277,44.12981820106506,121.61247539520264,128.21901941299438,"unknown",135.18006420135498,140.21145129203796,"unknown","","unknown","unknown","unknown","","unknown","","unknown","unknown",147.07511615753174,"unknown","unknown",153.53995990753174,"","","",""
"a839247",-1519268.6107673645,"unknown",-1519262.5029881,-1519255.8338243961,0.0,6.16756796836853,9.993045806884766,16.05507254600525,31.925042629241943,38.89600872993469,53.72494888305664,"unknown",60.41658592224121,66.30316376686096,69.07970261573792,"unknown","","unknown","unknown","unknown","","unknown","","unknown","unknown",75.66240191459656,"unknown","unknown",81.5282826423645,"","","",""
"5d6ad7f",-49127.43488454819,"unknown",-49121.98257446289,-49115.531037569046,0.0,6.326521873474121,26.298486471176147,32.674513816833496,96.09172034263611,103.38051557540894,522022.72634649277,"unknown",522029.8143234253,522035.77664899826,522037.3359091282,522043.9136221409,522049.94901418686,522055.70359516144,"unknown",522062.78864359856,522064.38620352745,"unknown","","unknown","unknown","unknown",522071.270111084,"unknown",522076.7458086014,"","","",""
"528d0fe",-14039.027689218521,"unknown",-14032.155041694641,-14025.239003896713,0.0,7.24168848991394,7007903.064176559,7007910.046290398,7007916.992164373,7007924.190089941,7007934.839884281,"unknown",7007940.21500206,7007947.010761023,7019147.0294213295,"unknown","","unknown","unknown","unknown","","unknown","","unknown","unknown",7019152.365025282,"unknown","unknown",7019158.660337687,"","","",""
"900150c",-29735.70087504387,"unknown",-29730.088083028793,-29724.57274913788,0.0,6.0719380378723145,17.815918684005737,24.459807634353638,45.69859528541565,51.428227186203,87.99451160430908,93.35050868988037,"unknown",98.89461636543274,100.50822639465332,"unknown","","unknown","unknown","unknown","","unknown","","unknown","unknown",106.62728142738342,"unknown","unknown",112.64862251281738,"","","",""
"924de30",-28879.88663959503,"unknown",-28874.15781545639,-28867.86082959175,0.0,6.178433895111084,9.417711973190308,16.118332386016846,32.122742652893066,39.19746208190918,54.11528754234314,60.93475079536438,"unknown",66.27180552482605,68.05288505554199,"unknown","","unknown","unknown","unknown","","unknown","","unknown","unknown",74.92573094367981,"unknown","unknown",80.9499044418335,"","","",""
"d925650",-47.302643060684204,"unknown",-40.139323711395264,-34.01921224594116,0.0,7.17212986946106,12.187195301055908,18.67207670211792,33.2770311832428,40.260449171066284,50.62761068344116,"unknown",57.06268095970154,63.042850494384766,65.37610602378845,"unknown","","unknown","unknown","unknown","","unknown","","unknown","unknown",71.0400619506836,"unknown","unknown",76.43988752365112,"","","",""
"37798a6","","","","","","","","","","","","","","","","","","","","","","","","","","","","","","","","",""
"ff10184",-138831.84855532646,"unknown",-138826.1134364605,-138819.4017276764,0.0,7.0446038246154785,20.696558475494385,26.256284952163696,48.476927280426025,53.84334635734558,106.05279183387756,"unknown",112.15927529335022,118.9955883026123,121.13294243812561,"unknown","","unknown","unknown","unknown","","unknown","","unknown","unknown",127.56430530548096,"unknown","unknown",134.21402502059937,"","","",""
"cde7968",-604153.4478142262,"unknown",-604146.7478861809,-604141.4056863785,0.0,5.393566608428955,12.06896686553955,19.342246055603027,71.20846939086914,77.14954257011414,99.79572463035583,"unknown",105.75858354568481,112.90225028991699,122.22749161720276,"unknown","","unknown","unknown","unknown","","unknown","","unknown","unknown",128.36786770820618,"unknown","unknown",135.20975708961487,"","","",""
"52d61f6",-2938.526617050171,"unknown",-2931.3613748550415,-2925.4693825244904,0.0,6.792896270751953,11.052780866622925,17.136675596237183,33.437318086624146,39.3667688369751,54.780338525772095,"unknown",60.286375284194946,67.42824912071228,68.68504452705383,"unknown","","unknown","unknown","unknown","","unknown","","unknown","unknown",74.66095447540283,"unknown","unknown",80.60749197006226,"","","",""
"34d8485",-9280.838473558426,"unknown",-9274.138913869858,-9267.571902513504,0.0,6.925828218460083,17.297972440719604,24.292792081832886,40.95792531967163,47.31560754776001,313.3011884689331,"unknown",319.75085377693176,326.62342405319214,330.07179284095764,"unknown","","unknown","unknown","unknown","","unknown","","unknown","unknown",337.31564831733704,"unknown","unknown",343.7627375125885,"","","",""
"693ef79",-31.580597162246704,"unknown",-25.77352809906006,-18.620969772338867,0.0,7.22850775718689,17.22378420829773,24.200071334838867,41.905123472213745,48.064603328704834,67.50024938583374,"unknown",74.63745951652527,80.72382402420044,86.1035168170929,"unknown","","unknown","unknown","unknown","","unknown","","unknown","unknown",92.34746670722961,"unknown","unknown",97.96943855285645,"","","",""
"0d5233e","","","","","","","","","","","","","","","","","","","","","","","","","","","","","","","","",""
"f0a4194",-1788.7879185676575,"unknown",-1782.1428275108337,-1776.3348162174225,0.0,7.182925224304199,14.952080965042114,21.652458429336548,39.319706439971924,45.07780313491821,63.03254532814026,"unknown",69.82531976699829,75.08904695510864,76.77586078643799,"unknown","","unknown","unknown","unknown","","unknown","","unknown","unknown",84.11043334007263,"unknown","unknown",90.85164618492126,"","","",""
"11e5d50",-11670.421268463135,"unknown",-11663.211419343948,-11656.542078733444,0.0,5.623173236846924,8.976364850997925,14.487443923950195,22.26853847503662,27.79790472984314,33.766642570495605,"unknown",39.59738302230835,46.389286518096924,47.94883155822754,"unknown","","unknown","unknown","unknown","","unknown","","unknown","unknown",55.078914165496826,"unknown","unknown",61.800143241882324,"","","",""
"047f2ca",-4378.902830123901,"unknown",-4373.180843114853,-4366.817855119705,0.0,7.214639902114868,8.663631677627563,14.56270980834961,17.920051097869873,23.76842188835144,32.77085876464844,"unknown",38.58508658409119,44.65226674079895,53.69697093963623,"unknown","","unknown","unknown","unknown","","unknown","","unknown","unknown",60.24528646469116,"unknown","unknown",67.04200410842896,"","","",""
"02b634c","","","","","","","","","","","","","","","","","","","","","","","","","","","","","","","","",""
"0f91d63",-25.219996690750122,"unknown",-19.79934334754944,-13.807180166244507,0.0,7.188634395599365,15.094398021697998,20.97725820541382,34.05661392211914,41.14083433151245,48.69055986404419,54.80403113365173,"unknown",61.287551164627075,63.51284575462341,"unknown","","unknown","unknown","unknown","","unknown","","unknown","unknown",69.33725953102112,"unknown","unknown",74.60801219940186,"","","",""
"87e086c","","","","","","","","","","","","","","","","","","","","","","","","","","","","","","","","",""
"ece9ce7",-264839.14744853973,"unknown",-264832.16768193245,-264826.1670205593,0.0,7.102174282073975,17.930447101593018,24.4101984500885,52.783796310424805,58.340036392211914,78.3510913848877,84.25390577316284,"unknown",90.89936852455139,96.78712463378906,"unknown","","unknown","unknown","unknown","","unknown","","unknown","unknown",103.48053908348083,"unknown","unknown",109.94319748878479,"","","",""
"a975113",-77.66107726097107,"unknown",-66.18939065933228,-55.79425621032715,0.0,18.688476085662842,65.38312339782715,76.75279021263123,246.02550721168518,303.0069465637207,594.2205226421356,675.5508811473846,"unknown",827.3842408657074,987.4368276596069,"unknown","","unknown","unknown","unknown","","unknown","","unknown","unknown",1052.4243938922882,"unknown","unknown",1084.560923576355,"","","",""
"59c79dc",-1704.6933233737946,"unknown",-1698.2074391841888,-1692.2264103889465,0.0,6.573828935623169,15.569995880126953,20.78056812286377,42.332881927490234,48.510520935058594,63.36907601356506,69.6400043964386,"unknown",76.5072009563446,78.33151865005493,"unknown","","unknown","unknown","unknown","","unknown","","unknown","unknown",83.71857905387878,"unknown","unknown",89.24043798446655,"","","",""
"dee5269",-10332.431487083435,"unknown",-10326.289692878723,-10319.655515432358,0.0,6.899826288223267,12.01668667793274,18.186822652816772,37.05983877182007,42.65364694595337,59.41906142234802,"unknown",64.93492698669434,71.4764084815979,73.57465362548828,"unknown","","unknown","unknown","unknown","","unknown","","unknown","unknown",79.58729457855225,"unknown","unknown",86.43179082870483,"","","",""
"844fef2",-6823.2206110954285,"unknown",-6817.201236963272,-6811.503504514694,0.0,7.3542773723602295,1252.7386167049408,1258.702095746994,1309.187147140503,1315.846892118454,1335.3734176158905,1342.6820900440216,"unknown",1348.6688363552094,1351.3379230499268,"unknown","","unknown","unknown","unknown","","unknown","","unknown","unknown",1357.3511731624603,"unknown","unknown",1363.281215429306,"","","",""
"ef7d623","","","","","","","","","","","","","","","","","","","","","","","","","","","","","","","","",""
"a54cf83","","","","","","","","","","","","","","","","","","","","","","","","","","","","","","","","",""
"e98cdcd",-9271.834345340729,"unknown",-9266.247712612152,-9259.199220657349,0.0,5.549329996109009,17.080206871032715,23.443881273269653,39.18493175506592,46.746376276016235,86.92894124984741,92.46895742416382,"unknown",99.37302470207214,102.30054116249084,"unknown","","unknown","unknown","unknown","","unknown","","unknown","unknown",108.10986542701721,"unknown","unknown",114.34811329841614,"","","",""
"a3ff1ab",-23513.708052158356,"unknown",-23507.212260723114,-23500.24882721901,0.0,7.476182699203491,19.410192728042603,26.294583559036255,45.009422063827515,50.67521929740906,77.28744506835938,84.13359260559082,"unknown",90.87262201309204,93.25746154785156,"unknown","","unknown","unknown","unknown","","unknown","","unknown","unknown",99.70541286468506,"unknown","unknown",104.92523884773254,"","","",""
"33bcee6",-439435.1402492523,"unknown",-439428.8819024563,-439421.54312610626,0.0,6.386842489242554,18.26139259338379,23.762686252593994,43.647419452667236,49.259567737579346,71.33589196205139,76.92414402961731,"unknown",82.3792634010315,84.82671403884888,"unknown","","unknown","unknown","unknown","","unknown","","unknown","unknown",91.22231864929199,"unknown","unknown",97.5967309474945,"","","",""
"c494a29",-6505.683965921402,"unknown",-6499.844800949097,-6493.161039590836,0.0,5.998622417449951,7.653677225112915,13.396236658096313,19.37821364402771,26.311486959457397,73.71199369430542,79.57506585121155,"unknown",84.96905589103699,86.09189081192017,"unknown","","unknown","unknown","unknown","","unknown","","unknown","unknown",92.20587491989136,"unknown","unknown",98.31966924667358,"","","",""
"aa68b7a",-28318.749528884888,"unknown",-28312.02194571495,-28305.88699388504,0.0,5.7486412525177,19.84495973587036,26.69796657562256,46.03879523277283,52.26893663406372,80.42766976356506,87.33395910263062,"unknown",93.8685097694397,96.84593486785889,"unknown","","unknown","unknown","unknown","","unknown","","unknown","unknown",103.67003464698792,"unknown","unknown",109.57264280319214,"","","",""
"92db041","","","","","","","","","","","","","","","","","","","","","","","","","","","","","","","","",""
"b921637","","","","","","","","","","","","","","","","","","","","","","","","","","","","","","","","",""
"0fa3c49","","","","","","","","","","","","","","","","","","","","","","","","","","","","","","","","",""
"cb28371",-120807.49274802208,"unknown",-120800.80485081673,-120793.89020442963,0.0,7.232029914855957,22.681085109710693,30.217500925064087,52.63308262825012,59.21806287765503,112.24644088745117,118.72275376319885,"unknown",125.66445088386536,133.81769013404846,"unknown","","unknown","unknown","unknown","","unknown","","unknown","unknown",140.50801944732666,"unknown","unknown",145.91990661621094,"","","",""
"a664235","","","","","","","","","","","","","","","","","","","","","","","","","","","","","","","","",""
"81f41fd",-957.6140735149384,"unknown",-950.4586663246155,-944.3294093608856,0.0,5.659317493438721,10.909758806228638,17.038973569869995,38.58853554725647,43.81997776031494,58.25592017173767,65.08613204956055,"unknown",71.94302821159363,74.06488227844238,"unknown","","unknown","unknown","unknown","","unknown","","unknown","unknown",80.41279697418213,"unknown","unknown",85.99959778785706,"","","",""
"f38953f",-185715.92680859566,"unknown",-185710.55115532875,-185704.59378695488,0.0,6.938102960586548,313799.1323919296,313805.48252272606,313865.1843986511,313871.68695378304,313926.0617027283,313933.2123501301,"unknown",313939.6214828491,313940.5889430046,"unknown","","unknown","unknown","unknown","","unknown","","unknown","unknown",313945.9063549042,"unknown","unknown",313952.2372729778,"","","",""
"6801018",-5681.0720455646515,"unknown",-5674.469244480133,-5668.170989751816,0.0,6.829127311706543,10.76644253730774,16.69371485710144,24.170353412628174,29.731290102005005,49.40084218978882,"unknown",56.39092826843262,63.0228054523468,69.75942349433899,"unknown","","unknown","unknown","unknown","","unknown","","unknown","unknown",75.93546152114868,"unknown","unknown",81.90370225906372,"","","",""
"ac3a94c",-1189.944342136383,"unknown",-1184.6503386497498,-1178.7712771892548,0.0,7.188484191894531,10.107777833938599,15.963532447814941,30.384271144866943,36.67543411254883,65.53027820587158,"unknown",71.14323353767395,76.78830099105835,79.14879107475281,"unknown","","unknown","unknown","unknown","","unknown","","unknown","unknown",86.18340063095093,"unknown","unknown",93.34436464309692,"","","",""
"eccfff0","","","","","","","","","","","","","","","","","","","","","","","","","","","","","","","","",""
"49f21e0","","","","","","","","","","","","","","","","","","","","","","","","","","","","","","","","",""
"02ed09a","","","","","","","","","","","","","","","","","","","","","","","","","","","","","","","","",""
"37b9a9f",-31000.61934041977,"unknown",-30993.777372598648,-30987.475241184235,0.0,7.113521099090576,142.02868914604187,147.50378322601318,347.4567036628723,354.20058941841125,406.753399848938,"unknown",413.0096597671509,419.70601177215576,422.7576730251312,"unknown","","unknown","unknown","unknown","","unknown","","unknown","unknown",428.3303110599518,"unknown","unknown",434.8850471973419,"","","",""
"3c0c7c1",-2792.8931341171265,"unknown",-2786.0789153575897,-2778.7988245487213,0.0,6.840781211853027,12.656399726867676,19.499539852142334,35.770304441452026,41.73712158203125,67.43360352516174,"unknown",73.61681413650513,79.5935640335083,82.45264339447021,"unknown","","unknown","unknown","unknown","","unknown","","unknown","unknown",88.41579246520996,"unknown","unknown",95.53986144065857,"","","",""
"89f6d9e",-129.61498641967773,"unknown",-122.49720025062561,-117.086261510849,0.0,6.653337717056274,14.210017204284668,19.390772104263306,41.313703536987305,47.09967303276062,52.97454881668091,"unknown",59.728662729263306,66.16138672828674,69.09590697288513,"unknown","","unknown","unknown","unknown","","unknown","","unknown","unknown",74.8633918762207,"unknown","unknown",81.86476302146912,"","","",""
"39dc9b8",-1640178.87626791,"unknown",-1640173.380105257,-1640166.6891729832,0.0,5.28841233253479,22.670130014419556,29.32710862159729,74.2735812664032,80.19680261611938,109.62279009819031,116.97466659545898,"unknown",122.63863849639893,124.83360838890076,"unknown","","unknown","unknown","unknown","","unknown","","unknown","unknown",130.64509630203247,"unknown","unknown",137.72501397132874,"","","",""
"56bae3a",-70.60910367965698,"unknown",-63.700528144836426,-57.20549941062927,0.0,7.03137993812561,129.3849856853485,136.41468715667725,144.32104992866516,150.00749611854553,171.23530459403992,"unknown",177.50151324272156,183.1907434463501,646.0563282966614,"unknown","","unknown","unknown","unknown","","unknown","","unknown","unknown",652.4079742431641,"unknown","unknown",658.8852229118347,"","","",""
"28ec805",-2428.278885126114,"unknown",-2421.264492034912,-2415.01780128479,0.0,6.203922271728516,28.928869485855103,35.91857433319092,39.466877698898315,45.052571296691895,61.610676765441895,68.14145946502686,"unknown",73.53635215759277,88.2464075088501,"unknown","","unknown","unknown","unknown","","unknown","","unknown","unknown",94.01482820510864,"unknown","unknown",99.31795072555542,"","","",""
"4c8a5bc",-11990.266919851303,"unknown",-11983.87598490715,-11978.68601322174,0.0,5.672243118286133,11.518044471740723,18.476953268051147,30.134458780288696,37.31643605232239,46.89038300514221,"unknown",52.44682002067566,59.42783045768738,61.46979570388794,"unknown","","unknown","unknown","unknown","","unknown","","unknown","unknown",67.92777061462402,"unknown","unknown",74.62946605682373,"","","",""
"48179d1","","","","","","","","","","","","","","","","","","","","","","","","","","","","","","","","",""
"e845b6b",-841.5628705024719,"unknown",-835.6491661071777,-828.8714244365692,0.0,5.737963676452637,58.0184760093689,65.10640239715576,82.9277093410492,89.42426872253418,96.32130479812622,101.58903288841248,"unknown",107.246985912323,112.34849381446838,"unknown","","unknown","unknown","unknown","","unknown","","unknown","unknown",118.63214802742004,"unknown","unknown",124.06291341781616,"","","",""
"619e952",-86630.15250325203,"unknown",-86623.14464306831,-86616.61919260025,0.0,5.784099102020264,12.148960590362549,17.624783992767334,30.199300050735474,36.662604570388794,74.15351366996765,79.48495292663574,"unknown",86.07962918281555,216.8652925491333,"unknown","","unknown","unknown","unknown","","unknown","","unknown","unknown",223.95111656188965,"unknown","unknown",229.90712881088257,"","","",""
"0fd9ca7","","","","","","","","","","","","","","","","","","","","","","","","","","","","","","","","",""
"ff125d4","","","","","","","","","","","","","","","","","","","","","","","","","","","","","","","","",""
"0dc7823","","","","","","","","","","","","","","","","","","","","","","","","","","","","","","","","",""
"64155b9",-1053973.7777400017,"unknown",-1053968.276162386,-1053961.8763113022,0.0,6.1657874584198,11.971094131469727,17.907666206359863,27.648542404174805,34.70127320289612,42.56469202041626,49.54302430152893,"unknown",56.74787092208862,58.892266273498535,"unknown","","unknown","unknown","unknown","","unknown","","unknown","unknown",65.40500497817993,"unknown","unknown",71.62135601043701,"","","",""
"9cfbb83",-239.4734342098236,"unknown",-233.8722996711731,-227.4157657623291,0.0,5.9983415603637695,536.2018868923187,543.676379442215,546.3805315494537,553.6441011428833,569.3793833255768,"unknown",574.9461472034454,581.155571937561,586.8826770782471,"unknown","","unknown","unknown","unknown","","unknown","","unknown","unknown",593.2846927642822,"unknown","unknown",600.2239909172058,"","","",""
"f6ffd76","","","","","","","","","","","","","","","","","","","","","","","","","","","","","","","","",""
"57b0697",-608138.7170124054,"unknown",-608133.0720748901,-608127.6855151653,0.0,6.9975972175598145,13.475064277648926,18.918936729431152,83.67415380477905,90.04329299926758,107.19346833229065,114.3197500705719,"unknown",121.52304267883301,123.84129023551941,"unknown","","unknown","unknown","unknown","","unknown","","unknown","unknown",130.0900993347168,"unknown","unknown",136.19415593147278,"","","",""
"1c202a8","","","","","","","","","","","","","","","","","","","","","","","","","","","","","","","","",""
"3e625ac","","","","","","","","","","","","","","","","","","","","","","","","","","","","","","","","",""
"6b36bf5",-2294.170714378357,"unknown",-2288.223928451538,-2281.508982896805,0.0,6.40105128288269,14.767018556594849,21.675615787506104,30.288450002670288,35.90917706489563,46.19917106628418,52.97529983520508,"unknown",58.89600467681885,97.01895380020142,"unknown","","unknown","unknown","unknown","","unknown","","unknown","unknown",103.81717276573181,"unknown","unknown",110.89348149299622,"","","",""
"99775ba",-13759.441448450089,"unknown",-13753.586034536362,-13748.006563663483,0.0,6.906341552734375,14.16679334640503,27.97261142730713,35.23278832435608,41.40849447250366,77.95998668670654,"unknown",84.99733352661133,92.11458945274353,94.42089772224426,"unknown","","unknown","unknown","unknown","","unknown","","unknown","unknown",100.37321448326111,"unknown","unknown",105.84335398674011,"","","",""
"152aa4d",-3373.9150125980377,"unknown",-3367.9113385677338,-3362.1680245399475,0.0,5.650265693664551,18.939107656478882,25.802775144577026,35.353575468063354,40.886279344558716,62.570860147476196,"unknown",69.00549936294556,74.4996817111969,76.26473355293274,"unknown","","unknown","unknown","unknown","","unknown","","unknown","unknown",83.63038372993469,"unknown","unknown",90.72228193283081,"","","",""
"ced331f","","","","","","","","","","","","","","","","","","","","","","","","","","","","","","","","",""
"1d235c1",-631.6118273735046,"unknown",-624.8542799949646,-618.6600303649902,0.0,6.54161262512207,21.244314908981323,28.26107168197632,45.30289387702942,50.97311449050903,55.08328604698181,"unknown",62.10470271110535,68.77716970443726,70.43918347358704,"unknown","","unknown","unknown","unknown","","unknown","","unknown","unknown",76.78387236595154,"unknown","unknown",83.04212212562561,"","","",""
"e6de912",-1301.2296953201294,"unknown",-1294.1148927211761,-1287.6167659759521,0.0,6.486311912536621,8.557218790054321,15.77052640914917,41.76811122894287,48.070475816726685,64.77635431289673,"unknown",72.04878115653992,77.23401021957397,81.18347907066345,"unknown","","unknown","unknown","unknown","","unknown","","unknown","unknown",86.63257718086243,"unknown","unknown",92.64578366279602,"","","",""
"76bbc0d",-41678.45845723152,"unknown",-41671.33268070221,-41665.42783808708,0.0,6.5358569622039795,14.998542785644531,20.90038537979126,36.99494290351868,43.812315464019775,76.30410265922546,83.64529132843018,"unknown",90.37430548667908,92.59669184684753,"unknown","","unknown","unknown","unknown","","unknown","","unknown","unknown",99.45388507843018,"unknown","unknown",106.58232712745667,"","","",""
"36b4ec5",-3205.4069929122925,"unknown",-3199.74533867836,-3194.126083612442,0.0,6.0995728969573975,14.923248291015625,22.038702249526978,31.469669818878174,38.12601137161255,45.15544843673706,51.7964506149292,"unknown",58.385035037994385,60.19016218185425,"unknown","","unknown","unknown","unknown","","unknown","","unknown","unknown",65.65242862701416,"unknown","unknown",71.25311541557312,"","","",""
"7de2a3d",-4428.087771177292,"unknown",-4421.79948759079,-4414.81608247757,0.0,6.63344407081604,8.437592506408691,15.024289608001709,16.872453212738037,23.12505292892456,50.772143840789795,56.76127219200134,"unknown",62.36797475814819,64.130122423172,"unknown","","unknown","unknown","unknown","","unknown","","unknown","unknown",70.17121028900146,"unknown","unknown",76.85367465019226,"","","",""
"dbe3880","","","","","","","","","","","","","","","","","","","","","","","","","","","","","","","","",""
"877fb69",-1206.2201614379883,"unknown",-1200.2871816158295,-1194.5945687294006,0.0,6.219144344329834,34.577569007873535,41.297441720962524,311.922732591629,318.94000148773193,355.83780121803284,362.1776487827301,"unknown",369.0165128707886,372.3496124744415,"unknown","","unknown","unknown","unknown","","unknown","","unknown","unknown",378.0415961742401,"unknown","unknown",385.11153507232666,"","","",""
"c17e360","","","","","","","","","","","","","","","","","","","","","","","","","","","","","","","","",""
"51be121",-52127.43557500839,"unknown",-52120.233731508255,-52113.662935972214,0.0,5.602302551269531,15.63212513923645,21.258994340896606,38.295127630233765,44.223318099975586,60.306923627853394,67.00186514854431,"unknown",72.90857243537903,75.043137550354,"unknown","","unknown","unknown","unknown","","unknown","","unknown","unknown",81.02043342590332,"unknown","unknown",86.59308314323425,"","","",""
"e9e1409",-13174.408828258514,"unknown",-13169.072075843811,-13162.159603357315,0.0,7.088465452194214,15.762247800827026,21.533053398132324,33.76806044578552,39.640005111694336,78.35124611854553,"unknown",84.95977520942688,90.36421060562134,94.94965600967407,"unknown","","unknown","unknown","unknown","","unknown","","unknown","unknown",101.01848292350769,"unknown","unknown",108.22906970977783,"","","",""
"051761f","","","","","","","","","","","","","","","","","","","","","","","","","","","","","","","","",""
"1c627cb","","","","","","","","","","","","","","","","","","","","","","","","","","","","","","","","",""
"5177026",-488171.92147135735,"unknown",-488166.12684702873,-488160.83859443665,0.0,5.479674339294434,6.788884162902832,12.588165760040283,29.91256308555603,36.38715314865112,63.62716555595398,"unknown",69.96550869941711,75.84914517402649,80.21929001808167,"unknown","","unknown","unknown","unknown","","unknown","","unknown","unknown",85.44973611831665,"unknown","unknown",92.68458914756775,"","","",""
"db0051d","","","","","","","","","","","","","","","","","","","","","","","","","","","","","","","","",""
"9e9a81e","","","","","","","","","","","","","","","","","","","","","","","","","","","","","","","","",""
"6289e6c",-1763.9224684238434,"unknown",-1758.4256975650787,-1752.4479632377625,0.0,5.481910943984985,10.241281032562256,17.214617490768433,24.1628577709198,29.728052377700806,38.881110429763794,"unknown",45.99465990066528,52.99380707740784,54.84807252883911,"unknown","","unknown","unknown","unknown","","unknown","","unknown","unknown",62.04024028778076,"unknown","unknown",69.18907117843628,"","","",""
"a9b4533","","","","","","","","","","","","","","","","","","","","","","","","","","","","","","","","",""
"1db8420","","","","","","","","","","","","","","","","","","","","","","","","","","","","","","","","",""
"8a1ecd0",-1570351.293006897,"unknown",-1570344.2890684605,-1570338.815251112,0.0,5.836532354354858,12.199148416519165,19.28265905380249,32.67723345756531,38.357091665267944,57.66156888008118,63.71667003631592,"unknown",69.22830581665039,71.57298111915588,"unknown","","unknown","unknown","unknown","","unknown","","unknown","unknown",78.62932920455933,"unknown","unknown",85.6252293586731,"","","",""
"8fd863f",-40655.624147892,"unknown",-40650.269710063934,-40643.169645786285,0.0,5.7232561111450195,16.78448247909546,23.805327892303467,41.54752564430237,47.10902690887451,57.3800003528595,62.999759674072266,"unknown",69.08881497383118,71.6305341720581,"unknown","","unknown","unknown","unknown","","unknown","","unknown","unknown",78.70741248130798,"unknown","unknown",85.51601839065552,"","","",""
"644830a","","","","","","","","","","","","","","","","","","","","","","","","","","","","","","","","",""
"5dbecee","","","","","","","","","","","","","","","","","","","","","","","","","","","","","","","","",""
"86c5f35",-49515.42692065239,"unknown",-49508.93750143051,-49502.35400390625,0.0,6.018658876419067,16.475853204727173,22.140374898910522,39.189284563064575,45.94799017906189,87.97491431236267,"unknown",94.1811752319336,101.16429018974304,103.71897292137146,"unknown","","unknown","unknown","unknown","","unknown","","unknown","unknown",109.85945677757263,"unknown","unknown",115.64063358306885,"","","",""
"4c072d3",-486821.53399801254,"unknown",-486814.6055727005,-486806.47975325584,0.0,6.868128538131714,20.104509115219116,27.59590792655945,44.92475509643555,50.957711696624756,101.69480323791504,108.24837470054626,"unknown",114.905513048172,116.42466521263123,"unknown","","unknown","unknown","unknown","","unknown","","unknown","unknown",122.85644888877869,"unknown","unknown",129.00337147712708,"","","",""
"89bbcd3",-94.11997485160828,"unknown",-88.5975182056427,-81.69523525238037,0.0,5.950558423995972,7.949398756027222,14.12087893486023,48.69209265708923,53.927793741226196,72.0456919670105,"unknown",77.7005729675293,83.20792865753174,87.809485912323,"unknown","","unknown","unknown","unknown","","unknown","","unknown","unknown",95.06521987915039,"unknown","unknown",101.66080403327942,"","","",""
"aa9ac00","","","","","","","","","","","","","","","","","","","","","","","","","","","","","","","","",""
"9a1b5fa",-27080.9521651268,"unknown",-27074.6362118721,-27067.641287088394,0.0,6.681933879852295,10.966969966888428,17.37303876876831,31.264286518096924,36.68928146362305,82.62329936027527,88.91117024421692,"unknown",95.33074712753296,97.68581986427307,"unknown","","unknown","unknown","unknown","","unknown","","unknown","unknown",103.0230073928833,"unknown","unknown",110.07162308692932,"","","",""
"d003724",-374195.63422966003,"unknown",-374190.40615940094,-374183.7379539013,0.0,7.154787063598633,22.179121017456055,29.07849144935608,47.72475552558899,54.540823221206665,86.56118965148926,"unknown",93.85646796226501,99.8438606262207,102.551673412323,"unknown","","unknown","unknown","unknown","","unknown","","unknown","unknown",108.58012437820435,"unknown","unknown",114.54235506057739,"","","",""
"3a03bea","","","","","","","","","","","","","","","","","","","","","","","","","","","","","","","","",""
"e427669","","","","","","","","","","","","","","","","","","","","","","","","","","","","","","","","",""
"12dfda3","","","","","","","","","","","","","","","","","","","","","","","","","","","","","","","","",""
"3226bb3",-738009.1379549503,"unknown",-738002.729890585,-737995.9936192036,0.0,6.373685598373413,23.092133283615112,30.52314829826355,44.864147424697876,51.036059856414795,111.32451629638672,"unknown",118.0744378566742,124.09791111946106,126.33975958824158,"unknown","","unknown","unknown","unknown","","unknown","","unknown","unknown",133.51230430603027,"unknown","unknown",140.55969381332397,"","","",""
"9f4d288","","","","","","","","","","","","","","","","","","","","","","","","","","","","","","","","",""
"35adcf1","","","","","","","","","","","","","","","","","","","","","","","","","","","","","","","","",""
"b2621a2","unknown","unknown","unknown","unknown",0.0,"unknown",9.685306310653687,"unknown",30.348405361175537,"unknown",96.98847436904907,"unknown","unknown","unknown",111.66493511199951,"unknown","","unknown","unknown","unknown","","unknown","","unknown","unknown","unknown","unknown","unknown","unknown","","","",""
"6099d06",-60.86178922653198,"unknown",-54.137325048446655,-48.032466173172,0.0,6.064666271209717,14.961341142654419,20.506932735443115,45.793514013290405,51.762922286987305,85.89064598083496,92.38621020317078,"unknown",98.09807705879211,104.67982459068298,"unknown","","unknown","unknown","unknown","","unknown","","unknown","unknown",111.39464235305786,"unknown","unknown",116.96407222747803,"","","",""
"d91bf84","unknown","unknown","unknown","unknown",0.0,"unknown",8.125751256942749,"unknown",111.3598780632019,"unknown",125.9823362827301,"unknown","unknown","unknown",139.6175422668457,"unknown","","unknown","unknown","unknown","","unknown","","unknown","unknown","unknown","unknown","unknown","unknown","","","",""
"c3db77a",-65604.1008002758,"unknown",-65597.24297857285,-65590.12478518486,0.0,6.409658193588257,11.390697956085205,17.815730810165405,32.285346031188965,39.47432851791382,47.17437195777893,"unknown",53.03272795677185,59.4647011756897,62.333762407302856,"unknown","","unknown","unknown","unknown","","unknown","","unknown","unknown",68.71437382698059,"unknown","unknown",75.05112504959106,"","","",""
"db7d9c3","unknown","unknown","unknown","unknown",0.0,"unknown",9.967510223388672,"unknown",21.74636697769165,"unknown",38.84725737571716,"unknown","unknown","unknown",315.5321283340454,"unknown","","unknown","unknown","unknown","","unknown","","unknown","unknown","unknown","unknown","unknown","unknown","","","",""
"7d9c3_1","unknown","unknown","unknown","unknown",0.0,"unknown",9.967510223388672,"unknown",21.74636697769165,"unknown",38.84725737571716,"unknown","unknown","unknown",315.5321283340454,"unknown","","unknown","unknown","unknown","","unknown","","unknown","unknown","unknown","unknown","unknown","unknown","","","",""
"804c32f",-78.74646258354187,"unknown",-71.36038565635681,-65.0701093673706,0.0,5.915418863296509,186.3330819606781,193.5824420452118,1018.2090549468994,1024.5858056545258,1034.2723705768585,"unknown",1041.2206692695618,1047.2665939331055,1049.1107897758484,"unknown","","unknown","unknown","unknown","","unknown","","unknown","unknown",1056.189873456955,"unknown","unknown",1062.6290938854218,"","","",""
