"","1","recurso","1b","2","cont","3","cont_1","4","dilema","5","x_1","6A","6B","7","v_x_1","8","x_2","9A","9B","10","v_x_2","11","x_3","12A","12B","13_1","13_2","13_3","15","3_1","2_1"
"518e9b8",-19875.424803972244,"unknown",-19669.021265745163,-19599.326515197754,0.0,6.069700717926025,13.390559911727905,21.752145051956177,44.052284717559814,49.44956374168396,59.547197580337524,65.31450128555298,"unknown",70.8120653629303,73.30608296394348,"unknown","","unknown","unknown","unknown","","unknown","","unknown","unknown",79.7544219493866,"unknown","unknown",86.58599495887756,"",""
"b5edd3c","unknown","unknown","unknown","unknown",0.0,"unknown",10.53262734413147,"unknown",37.31771469116211,"unknown",52.613975286483765,"unknown","unknown","unknown",67.92709636688232,"unknown","","unknown","unknown","unknown","","unknown","","unknown","unknown","unknown","unknown","unknown","unknown","",""
"374ecf8","unknown","unknown","unknown","unknown",0.0,"unknown",10.344292163848877,"unknown",34.76996302604675,"unknown",49.59521961212158,"unknown","unknown","unknown",63.978604793548584,"unknown","","unknown","unknown","unknown","","unknown","","unknown","unknown","unknown","unknown","unknown","unknown","",""
"89f120b","","","","","","","","","","","","","","","","","","","","","","","","","","","","","","",""
"1883ca0","unknown","unknown","unknown","unknown",0.0,"unknown",10.44013261795044,"unknown",34.79895234107971,"unknown",52.458874464035034,"unknown","unknown","unknown",68.67724323272705,"unknown","","unknown","unknown","unknown","","unknown","","unknown","unknown","unknown","unknown","unknown","unknown","",""
"8d2da97",-13021.428716421127,"unknown",-13014.550162315369,-13007.938578128815,0.0,5.998055458068848,10.748148918151855,19.003275632858276,48.87845540046692,54.59840440750122,61.898030519485474,"unknown",68.41091322898865,74.83757901191711,77.23529982566833,"unknown","","unknown","unknown","unknown","","unknown","","unknown","unknown",84.33840727806091,"unknown","unknown",90.44809341430664,"",""
"2541155","unknown","unknown","unknown","unknown",0.0,"unknown",11.375603675842285,"unknown",42.35510611534119,"unknown",73.24236488342285,"unknown","unknown","unknown",86.08208870887756,"unknown",101.58572268486023,"unknown","unknown","unknown",115.844491481781,"unknown","","unknown","unknown","unknown","unknown","unknown","unknown","",""
"ac6f3f6","unknown","unknown","unknown","unknown",0.0,"unknown",15.810149431228638,"unknown",55.6826274394989,"unknown",87.91782283782959,"unknown","unknown","unknown",103.27062559127808,"unknown","","unknown","unknown","unknown","","unknown","","unknown","unknown","unknown","unknown","unknown","unknown","",""
"62447b9","unknown","unknown","unknown","unknown",0.0,"unknown",14.850855827331543,"unknown",47.09318232536316,"unknown",147.8261284828186,"unknown","unknown","unknown",163.33699893951416,"unknown","","unknown","unknown","unknown","","unknown","","unknown","unknown","unknown","unknown","unknown","unknown","",""
"20f3e2e","unknown","unknown","unknown","unknown",0.0,"unknown",23.298269271850586,"unknown",132.92892789840698,"unknown",171.6297628879547,"unknown","unknown","unknown",188.07043051719666,"unknown","","unknown","unknown","unknown","","unknown","","unknown","unknown","unknown","unknown","unknown","unknown","",""
"4e53c5c","unknown","unknown","unknown","unknown",0.0,"unknown",19.016146421432495,"unknown",48.82863450050354,"unknown",71.20466208457947,"unknown","unknown","unknown",92.63387131690979,"unknown","","unknown","unknown","unknown","","unknown","","unknown","unknown","unknown","unknown","unknown","unknown","",""
"ac6ecda","","","","","","","","","","","","","","","","","","","","","","","","","","","","","","",""
"c899adb","unknown","unknown","unknown","unknown",0.0,"unknown",16.171252489089966,"unknown",80.56130075454712,"unknown",181.67722415924072,"unknown","unknown","unknown",197.89342880249023,"unknown","","unknown","unknown","unknown","","unknown","","unknown","unknown","unknown","unknown","unknown","unknown","",""
"b8ec123","","","","","","","","","","","","","","","","","","","","","","","","","","","","","","",""
"07b298c",-13312.79739356041,"unknown",-13305.927689313889,-13299.607590198517,0.0,6.025896072387695,11.977129936218262,20.420914888381958,34.646541118621826,41.14911198616028,47.660940170288086,53.96880745887756,"unknown",60.07004714012146,62.20084881782532,"unknown","","unknown","unknown","unknown","","unknown","","unknown","unknown",68.38497042655945,"unknown","unknown",74.40309357643127,"",""
"49db8c4","unknown","unknown","unknown","unknown",0.0,"unknown",12.298487663269043,"unknown",39.42178201675415,"unknown",70.8656542301178,"unknown","unknown","unknown",86.26498627662659,"unknown","","unknown","unknown","unknown","","unknown","","unknown","unknown","unknown","unknown","unknown","unknown","",""
"ea8c0d6","unknown","unknown","unknown","unknown",0.0,"unknown",19.40567946434021,"unknown",52.509671688079834,"unknown",152.16155672073364,"unknown","unknown","unknown",166.23204278945923,"unknown","","unknown","unknown","unknown","","unknown","","unknown","unknown","unknown","unknown","unknown","unknown","",""
"7cf831f","unknown","unknown","unknown","unknown",0.0,"unknown",1667.813226222992,"unknown",1709.677716255188,"unknown",1768.0118894577026,"unknown","unknown","unknown",1785.147377729416,"unknown","","unknown","unknown","unknown","","unknown","","unknown","unknown","unknown","unknown","unknown","unknown","",""
"41f497c",-265531.87090706825,"unknown",-265525.3079357147,-265518.40536260605,0.0,7.007843971252441,11.681892395019531,19.568480014801025,41.954421043395996,49.01833534240723,58.74942088127136,"unknown",64.47067832946777,70.73436284065247,72.89822459220886,"unknown","","unknown","unknown","unknown","","unknown","","unknown","unknown",78.96252298355103,"unknown","unknown",85.86421942710876,"",""
"f496964","unknown","unknown","unknown","unknown",0.0,"unknown",38.95078372955322,"unknown",950.1801900863647,"unknown",1011.2048122882843,"unknown","unknown","unknown",1037.6189994812012,"unknown",1067.4246895313263,"unknown","unknown","unknown",3581.007915496826,"unknown","","unknown","unknown","unknown","unknown","unknown","unknown","",""
"68c3192","","","","","","","","","","","","","","","","","","","","","","","","","","","","","","",""
"eb77de6",-200783.58515882492,"unknown",-200777.1424665451,-200770.4100444317,0.0,6.850492715835571,12.111988067626953,21.539247274398804,49.62424278259277,56.80183172225952,80.72715401649475,"unknown",86.57382869720459,92.56583714485168,93.1829743385315,98.96548175811768,111.5880970954895,"unknown",117.39713788032532,123.59093856811523,126.47601771354675,"unknown","","unknown","unknown","unknown",133.0129017829895,"unknown",139.00993037223816,"",""
"8ce483d","unknown","unknown","unknown","unknown",0.0,"unknown",357.4495265483856,"unknown",372.1098771095276,"unknown",384.37393379211426,"unknown","unknown","unknown",399.14311933517456,"unknown","","unknown","unknown","unknown","","unknown","","unknown","unknown","unknown","unknown","unknown","unknown","",""
"79868cd","unknown","unknown","unknown","unknown",0.0,"unknown",11.43299150466919,"unknown",34.16085910797119,"unknown",48.69161057472229,"unknown","unknown","unknown",66.47804951667786,"unknown",74.68931770324707,"unknown","unknown","unknown",87.60473871231079,"unknown","","unknown","unknown","unknown","unknown","unknown","unknown","",""
"56ee475",-8442.809322357178,"unknown",-8436.689671516418,-8430.673904657364,0.0,7.352963209152222,4029.386073589325,4036.904477596283,5138.427515506744,5145.795112371445,5158.952062368393,"unknown",5164.713334798813,5171.418721675873,5174.152216434479,"unknown","","unknown","unknown","unknown","","unknown","","unknown","unknown",5181.032730340958,"unknown","unknown",5187.228202581406,"",""
"916c172","unknown","unknown","unknown","unknown",0.0,"unknown",483.2678368091583,"unknown",869.4007496833801,"unknown",902.2931425571442,"unknown","unknown","unknown",916.5542967319489,"unknown","","unknown","unknown","unknown","","unknown","","unknown","unknown","unknown","unknown","unknown","unknown","",""
"d9696dd",-36678.673191547394,"unknown",-36672.58954501152,-36667.40324187279,0.0,5.533097267150879,130129.52268528938,130136.60622930527,130142.92184948921,130148.74002456665,130188.89382529259,130194.23943138123,"unknown",130200.0433216095,130205.09664130211,"unknown","","unknown","unknown","unknown","","unknown","","unknown","unknown",130211.54873108864,"unknown","unknown",130218.20077705383,"",""
"eff7ebe",-6735.966425418854,"unknown",-6729.273163080215,-6722.154842853546,0.0,6.299829483032227,9.60826587677002,18.203831434249878,34.46645903587341,41.40682244300842,54.81100058555603,"unknown",61.422338008880615,67.76086473464966,69.5142092704773,"unknown","","unknown","unknown","unknown","","unknown","","unknown","unknown",75.68747305870056,"unknown","unknown",82.0177321434021,"",""
"5d4fcbe","unknown","unknown","unknown","unknown",0.0,"unknown",7.547543525695801,"unknown",32.63199234008789,"unknown",45.14412236213684,"unknown","unknown","unknown",59.67996644973755,"unknown","","unknown","unknown","unknown","","unknown","","unknown","unknown","unknown","unknown","unknown","unknown","",""
"170bd80",-2730.3375804424286,"unknown",-2724.450812101364,-2718.4413216114044,0.0,6.696007966995239,12.020466804504395,19.56744360923767,33.128939151763916,40.47422647476196,62.102415323257446,"unknown",68.47383666038513,75.55672693252563,78.8316855430603,"unknown","","unknown","unknown","unknown","","unknown","","unknown","unknown",85.97125792503357,"unknown","unknown",92.66836524009705,"",""
"7a54533","unknown","unknown","unknown","unknown",0.0,"unknown",12.255103826522827,"unknown",37.440242528915405,"unknown",58.227614641189575,"unknown","unknown","unknown",71.87712955474854,"unknown","","unknown","unknown","unknown","","unknown","","unknown","unknown","unknown","unknown","unknown","unknown","",""
"d874e84",-455.2333400249481,"unknown",-447.9959502220154,-441.2347023487091,0.0,5.534632444381714,989958.5990321636,989967.4286477566,989978.7488987446,989985.7644329071,990015.2953445911,990020.9612805843,"unknown",990026.4769151211,990029.6375522614,"unknown","","unknown","unknown","unknown","","unknown","","unknown","unknown",990036.6672282219,"unknown","unknown",990041.9619064331,"",""
"c28b1a9",-20832.77468252182,"unknown",-20822.57354092598,-20791.963791370392,0.0,6.749266862869263,15.29334306716919,23.874608755111694,32.74903178215027,38.58061408996582,45.32566261291504,"unknown",51.01255917549133,56.631486654281616,63.85140323638916,"unknown","","unknown","unknown","unknown","","unknown","","unknown","unknown",69.16486048698425,"unknown","unknown",76.54936265945435,"",""
"7384692",-7317.396395683289,"unknown",-7310.913057565689,-7303.919805288315,0.0,7.11225700378418,12.834696292877197,20.791715145111084,66.32275319099426,73.5950837135315,84.05315613746643,"unknown",89.41444420814514,95.80242657661438,98.61563801765442,"unknown","","unknown","unknown","unknown","","unknown","","unknown","unknown",105.25118517875671,"unknown","unknown",111.03978705406189,"",""
"90ccafb",-181095.68465685844,"unknown",-181089.43412470818,-181082.3283445835,0.0,6.946660757064819,12.46910834312439,20.319780588150024,34.69556260108948,40.75206470489502,61.725194692611694,"unknown",68.26475739479065,74.02725481987,95.45262432098389,101.23045802116394,109.18117094039917,115.52503991127014,"unknown",122.52599000930786,124.82477807998657,132.11566734313965,159.90707850456238,166.00331950187683,"unknown","unknown","unknown",172.85289001464844,179.87510561943054,"",""
"0327530",-425628.6199502945,"unknown",-425621.3748474121,-425614.3534104824,0.0,5.788381576538086,10.16618037223816,17.47618532180786,40.91857933998108,46.9558207988739,122.79901599884033,"unknown",129.50614190101624,135.98373651504517,148.44456267356873,"unknown","","unknown","unknown","unknown","","unknown","","unknown","unknown",154.8113715648651,"unknown","unknown",160.1165542602539,"",""
"47dcadc","unknown","unknown","unknown","unknown",0.0,"unknown",16.499459266662598,"unknown",87.51274633407593,"unknown",120.31457233428955,"unknown","unknown","unknown",136.3343846797943,"unknown","","unknown","unknown","unknown","","unknown","","unknown","unknown","unknown","unknown","unknown","unknown","",""
"233ee90",-198372.16995191574,"unknown",-198365.38300156593,-198358.18968963623,0.0,5.9549596309661865,353090.3911550045,353098.78499007225,353119.9913341999,353125.4884252548,353133.0799534321,"unknown",353139.2772436142,353145.65589571,353148.06642746925,353154.3662970066,353155.9545199871,353161.8345413208,"unknown",353168.96817207336,353170.70165395737,"unknown","","unknown","unknown","unknown",353177.5553383827,"unknown",353183.8972902298,"",""
"db844b1","","","","","","","","","","","","","","","","","","","","","","","","","","","","","","",""
"e4c0f9c",-3445653.984867573,"unknown",-3445647.0189261436,-3445639.881994009,0.0,6.928260087966919,10.59554386138916,18.47182321548462,46.74889850616455,52.097784996032715,67.72690200805664,"unknown",74.64886546134949,80.06020593643188,82.15683722496033,"unknown","","unknown","unknown","unknown","","unknown","","unknown","unknown",87.38144898414612,"unknown","unknown",93.12319302558899,"",""
"fd01af9","","","","","","","","","","","","","","","","","","","","","","","","","","","","","","",""
"77a5d2f","","","","","","","","","","","","","","","","","","","","","","","","","","","","","","",""
"b92dee2",-11549318.4708426,"unknown",-11549312.944048882,-11549306.056698322,0.0,6.386845111846924,10.577929258346558,17.883201360702515,37.12161183357239,42.74848413467407,52.18697237968445,"unknown",58.073375940322876,63.90975046157837,66.1361985206604,"unknown","","unknown","unknown","unknown","","unknown","","unknown","unknown",72.39721202850342,"unknown","unknown",79.00502562522888,"",""
"50ec1c5",-475.3071849346161,"unknown",-405.4773199558258,-338.909916639328,0.0,7.786807060241699,20.97322988510132,30.063777685165405,60.377811431884766,66.34347081184387,94.87925720214844,101.73578000068665,"unknown",108.28587627410889,111.34114074707031,"unknown","","unknown","unknown","unknown","","unknown","","unknown","unknown",118.07138204574585,"unknown","unknown",124.23651432991028,"",""
"11892fd",-447.6654145717621,"unknown",-441.76322054862976,-434.6490170955658,0.0,6.064263820648193,10.631699800491333,18.999995946884155,29.31166100502014,35.925286293029785,62.589173316955566,"unknown",69.74685311317444,76.7453122138977,79.93303775787354,"unknown","","unknown","unknown","unknown","","unknown","","unknown","unknown",86.71377754211426,"unknown","unknown",92.01644825935364,"",""
"5ba2fe6","","","","","","","","","","","","","","","","","","","","","","","","","","","","","","",""
"c94e42e",-895.2157959938049,"unknown",-888.4227981567383,-881.7401382923126,0.0,5.483784914016724,21.188464641571045,30.170011281967163,61.26433086395264,67.50382947921753,80.65332913398743,87.82656812667847,"unknown",94.21881341934204,97.20680356025696,"unknown","","unknown","unknown","unknown","","unknown","","unknown","unknown",104.35553073883057,"unknown","unknown",109.88171911239624,"",""
"ee4b6cd",-119.32521867752075,"unknown",-112.64289855957031,-106.32569742202759,0.0,6.40410590171814,11.101467370986938,19.206843852996826,48.75267815589905,54.76261043548584,79.84309029579163,"unknown",85.7673499584198,92.4915680885315,96.42966985702515,"unknown","","unknown","unknown","unknown","","unknown","","unknown","unknown",103.53517174720764,"unknown","unknown",109.38359427452087,"",""
"f2291ba",-10257.104695558548,"unknown",-10250.704449176788,-10244.478929042816,0.0,7.030143737792969,13.165130376815796,21.34593176841736,51.42551779747009,57.58087611198425,66.1523506641388,"unknown",72.34701156616211,79.25728726387024,80.78733944892883,"unknown","","unknown","unknown","unknown","","unknown","","unknown","unknown",86.56215167045593,"unknown","unknown",93.95864844322205,"",""
"fb6ca94",-55066.938054561615,"unknown",-55060.467752456665,-55053.57193040848,0.0,6.282270669937134,11.0739164352417,18.57151985168457,33.690709590911865,40.55269646644592,51.05059552192688,57.95205283164978,"unknown",64.4602735042572,67.00902605056763,"unknown","","unknown","unknown","unknown","","unknown","","unknown","unknown",73.55194234848022,"unknown","unknown",80.5355761051178,"",""
"516417f",-97027.44461607933,"unknown",-97021.11585617065,-97015.63430690765,0.0,6.839768648147583,14.37434458732605,21.461907863616943,61.902477741241455,68.3950023651123,115.3313684463501,122.16416549682617,"unknown",127.76587080955505,130.19878458976746,"unknown","","unknown","unknown","unknown","","unknown","","unknown","unknown",137.1377489566803,"unknown","unknown",144.04598212242126,"",""
"7a0eabe",-40.00982737541199,"unknown",-32.886364459991455,-27.297038555145264,0.0,7.002181529998779,12.76095199584961,20.360722303390503,49.28828477859497,56.52888345718384,64.68053984642029,71.36987638473511,"unknown",76.67305541038513,78.63618779182434,"unknown","","unknown","unknown","unknown","","unknown","","unknown","unknown",85.51113867759705,"unknown","unknown",92.84115529060364,"",""
"7b65802","","","","","","","","","","","","","","","","","","","","","","","","","","","","","","",""
"5e09b84","","","","","","","","","","","","","","","","","","","","","","","","","","","","","","",""
"7da3821","","","","","","","","","","","","","","","","","","","","","","","","","","","","","","",""
"2f5762a",-1663.590364933014,"unknown",-1657.234797000885,-1650.9438235759735,0.0,5.596086502075195,10.008703708648682,18.599852561950684,35.33594489097595,41.56874370574951,56.43025541305542,"unknown",63.591439723968506,70.29914927482605,74.39720797538757,"unknown","","unknown","unknown","unknown","","unknown","","unknown","unknown",81.01945519447327,"unknown","unknown",87.56931114196777,"",""
"50a0fdd",-46.35297250747681,"unknown",-39.432032346725464,-32.629189252853394,0.0,5.651416063308716,12.575769424438477,20.59469723701477,175.68145370483398,182.53469467163086,188.80507063865662,"unknown",194.74194192886353,200.2669439315796,204.69530487060547,"unknown","","unknown","unknown","unknown","","unknown","","unknown","unknown",210.1183443069458,"unknown","unknown",216.54537749290466,"",""
"b7cec81",-55255.24714207649,"unknown",-55248.33088684082,-55242.32557415962,0.0,7.009805917739868,12.275536060333252,21.70289707183838,34.89201283454895,41.98025107383728,55.34486722946167,60.877644062042236,"unknown",67.16059136390686,69.17260575294495,"unknown","","unknown","unknown","unknown","","unknown","","unknown","unknown",75.06607913970947,"unknown","unknown",80.6646056175232,"",""
"bf983ba",-1095.9370472431183,"unknown",-913.5909168720245,-761.2169170379639,0.0,8.171573877334595,11.10174298286438,19.174341678619385,64.94399499893188,71.2934513092041,85.75792169570923,"unknown",91.89085483551025,97.75643682479858,99.7719476222992,"unknown","","unknown","unknown","unknown","","unknown","","unknown","unknown",106.5063967704773,"unknown","unknown",114.45893454551697,"",""
"b53b559",-443138.134193182,"unknown",-443130.9984278679,-443125.2948679924,0.0,6.7277891635894775,20.520275115966797,29.222758293151855,55.868619441986084,61.49338340759277,81.46494007110596,88.1199951171875,"unknown",93.80377173423767,109.42440485954285,"unknown","","unknown","unknown","unknown","","unknown","","unknown","unknown",116.32294225692749,"unknown","unknown",123.5962450504303,"",""
"4a92bfd","","","","","","","","","","","","","","","","","","","","","","","","","","","","","","",""
"90434eb","","","","","","","","","","","","","","","","","","","","","","","","","","","","","","",""
"37674f9","","","","","","","","","","","","","","","","","","","","","","","","","","","","","","",""
"0dc300b",-70036.66495990753,"unknown",-70030.3659055233,-70023.82700037956,0.0,5.859665393829346,14.734327793121338,23.450525283813477,37.06369709968567,44.267385721206665,56.27157497406006,"unknown",62.00614619255066,68.41215109825134,83.30692911148071,"unknown","","unknown","unknown","unknown","","unknown","","unknown","unknown",89.4246895313263,"unknown","unknown",95.22983074188232,"",""
"1800004",-14.750806331634521,"unknown",-9.074076890945435,-2.058269500732422,0.0,5.563414096832275,11.972174406051636,20.923386335372925,29.02363681793213,35.26652789115906,39.592787981033325,"unknown",46.94625759124756,53.73870372772217,56.277061462402344,"unknown","","unknown","unknown","unknown","","unknown","","unknown","unknown",63.45999598503113,"unknown","unknown",69.64489078521729,"",""
"7b3c431",-128949.76490044594,"unknown",-128943.46487283707,-128938.0507786274,0.0,5.901505708694458,12.481761693954468,20.837122678756714,43.117180824279785,49.53768849372864,66.16619753837585,71.79236435890198,"unknown",77.7834746837616,79.79524731636047,86.40804505348206,98.38177466392517,"unknown",105.60623979568481,111.46989846229553,113.51474094390869,"unknown","","unknown","unknown","unknown",119.36743426322937,"unknown",124.69903445243835,"",""
"2457ed6",-25517.100745916367,"unknown",-25510.1988530159,-25503.608053684235,0.0,6.222380876541138,11.228378057479858,19.14747929573059,30.41318392753601,36.90336513519287,45.703805685043335,"unknown",53.0436532497406,58.97662544250488,60.60953092575073,"unknown","","unknown","unknown","unknown","","unknown","","unknown","unknown",67.70165491104126,"unknown","unknown",75.03546786308289,"",""
"c4bba29",-1168.57461810112,"unknown",-1161.9444732666016,-1155.8923118114471,0.0,7.340478181838989,12.684086561203003,19.906140565872192,53.085811376571655,60.398953676223755,73.72879886627197,80.3641996383667,"unknown",86.36753606796265,99.65782856941223,"unknown","","unknown","unknown","unknown","","unknown","","unknown","unknown",105.28424167633057,"unknown","unknown",112.09216713905334,"",""
"2dffb9e",-15.022603750228882,"unknown",-9.601912260055542,-3.8577752113342285,0.0,7.130006551742554,10.362659931182861,19.28235673904419,39.90739727020264,45.392853021621704,53.97591996192932,59.28666067123413,"unknown",65.2825608253479,67.24312400817871,"unknown","","unknown","unknown","unknown","","unknown","","unknown","unknown",74.43275022506714,"unknown","unknown",79.91734862327576,"",""
"7a35b75",-128.1154079437256,"unknown",-122.52004051208496,-115.54865527153015,0.0,6.107617378234863,24.138766050338745,32.84583878517151,49.03083848953247,56.05104660987854,106.20398497581482,113.13380694389343,"unknown",118.88190364837646,120.85887718200684,"unknown","","unknown","unknown","unknown","","unknown","","unknown","unknown",126.83464479446411,"unknown","unknown",134.14310121536255,"",""
"3883e37","","","","","","","","","","","","","","","","","","","","","","","","","","","","","","",""
"eacd6a3",-177.64434432983398,"unknown",-171.14689993858337,-165.51695108413696,0.0,6.596086025238037,17.061432600021362,26.072593927383423,56.658077239990234,64.00945496559143,99.47300720214844,106.39897871017456,"unknown",112.26852631568909,114.18788456916809,"unknown","","unknown","unknown","unknown","","unknown","","unknown","unknown",120.98907542228699,"unknown","unknown",127.90591955184937,"",""
"d09321f",-31791.68771958351,"unknown",-31785.90150284767,-31780.104628562927,0.0,7.095466136932373,9.759540796279907,17.063727140426636,140.66048312187195,146.75975251197815,158.42272400856018,163.8669638633728,"unknown",169.08090448379517,177.50936245918274,"unknown","","unknown","unknown","unknown","","unknown","","unknown","unknown",184.28687024116516,"unknown","unknown",190.53261065483093,"",""
"58b1c8e",-4936.156686067581,"unknown",-4930.558400154114,-4924.651685714722,0.0,6.277719736099243,12.833695411682129,21.64158344268799,59.423717975616455,66.57960844039917,72.94372081756592,"unknown",79.70387625694275,86.73337626457214,89.56980633735657,"unknown","","unknown","unknown","unknown","","unknown","","unknown","unknown",95.96185970306396,"unknown","unknown",102.03567171096802,"",""
"bf3dfcf",-3029.998022079468,"unknown",-3022.7756221294403,-3015.6183183193207,0.0,6.13061261177063,30.03383469581604,38.31174564361572,66.462406873703,72.21353125572205,85.38918471336365,91.6876630783081,"unknown",98.31379723548889,113.88108992576599,"unknown","","unknown","unknown","unknown","","unknown","","unknown","unknown",120.85973143577576,"unknown","unknown",127.66680312156677,"",""
"80e625f",-38126.585129499435,"unknown",-38121.25977039337,-38115.01261854172,0.0,6.153731107711792,10.046291589736938,17.56003212928772,31.601568698883057,37.0541467666626,50.41157841682434,57.74871563911438,"unknown",63.94556164741516,65.61792349815369,"unknown","","unknown","unknown","unknown","","unknown","","unknown","unknown",71.28032350540161,"unknown","unknown",76.87232875823975,"",""
"9846ca8",-158818.43731474876,"unknown",-158813.03228998184,-158806.67473220825,0.0,5.926778078079224,11.651904582977295,19.858967304229736,40.66993451118469,47.71481132507324,70.45029783248901,"unknown",76.6283872127533,82.77111649513245,84.56652283668518,"unknown","","unknown","unknown","unknown","","unknown","","unknown","unknown",90.86839604377747,"unknown","unknown",97.56204295158386,"",""
"cc02471",-87169.99986672401,"unknown",-87164.04658722878,-87157.13481378555,0.0,7.32917332649231,13.67934536933899,20.865052700042725,50.94461417198181,58.00511956214905,66.04446864128113,71.66135048866272,"unknown",78.16244292259216,80.49982380867004,"unknown","","unknown","unknown","unknown","","unknown","","unknown","unknown",86.92430758476257,"unknown","unknown",92.16281795501709,"",""
"0a30844",-185724.4810116291,"unknown",-185718.90230369568,-185712.81875610352,0.0,5.327733278274536,10.637301445007324,19.307386875152588,48.95624494552612,55.43029069900513,63.3245894908905,"unknown",70.44398021697998,76.77123141288757,117.79475665092468,"unknown","","unknown","unknown","unknown","","unknown","","unknown","unknown",123.65115475654602,"unknown","unknown",129.961678981781,"",""
"43d0b63",-4504.092707872391,"unknown",-4497.51211810112,-4491.30420589447,0.0,6.26355242729187,17.39447832107544,24.35237431526184,42.67157745361328,49.49008584022522,56.73339128494263,"unknown",62.31292986869812,69.33373069763184,72.24319624900818,"unknown","","unknown","unknown","unknown","","unknown","","unknown","unknown",78.35133409500122,"unknown","unknown",83.86861538887024,"",""
"addf295",-27382.155336856842,"unknown",-27376.560428619385,-27370.523761034012,0.0,6.791873216629028,12.138920545578003,21.129701375961304,162.53462624549866,169.78462624549866,196.28064036369324,201.7974784374237,"unknown",208.80033659934998,211.90812182426453,"unknown","","unknown","unknown","unknown","","unknown","","unknown","unknown",217.47228384017944,"unknown","unknown",224.33201622962952,"",""
"1a8e45b",-69.48214268684387,"unknown",-62.91575241088867,-41.155378580093384,0.0,6.459481239318848,33.04579186439514,40.195130825042725,80.73380422592163,86.11966395378113,92.90714192390442,106.61055541038513,"unknown",113.55255699157715,115.93929719924927,"unknown","","unknown","unknown","unknown","","unknown","","unknown","unknown",122.21909213066101,"unknown","unknown",144.78359818458557,"",""
"5f2a1aa","","","","","","","","","","","","","","","","","","","","","","","","","","","","","","",""
"87b3434",-6028.151253223419,"unknown",-6022.5798308849335,-6016.1796708106995,0.0,7.322537899017334,16.477130889892578,25.110870361328125,40.79224371910095,48.048500537872314,58.83169722557068,64.2049207687378,"unknown",71.03453946113586,74.15964865684509,"unknown","","unknown","unknown","unknown","","unknown","","unknown","unknown",80.10019302368164,"unknown","unknown",85.9334499835968,"",""
"bd305b8","","","","","","","","","","","","","","","","","","","","","","","","","","","","","","",""
"4b70ed3",-85.39288830757141,"unknown",-78.94932651519775,-73.34418630599976,0.0,6.836518049240112,10.938276767730713,17.915879249572754,38.63420605659485,44.50010967254639,67.38004040718079,74.09221887588501,"unknown",79.81674385070801,81.30801749229431,"unknown","","unknown","unknown","unknown","","unknown","","unknown","unknown",87.32023906707764,"unknown","unknown",94.14102482795715,"",""
"8ec15bc",-160.12682628631592,"unknown",-154.47715187072754,-148.22033143043518,0.0,5.597500562667847,8.04066276550293,15.48801589012146,57.86874985694885,65.14730143547058,78.38014531135559,83.95713138580322,"unknown",91.0684871673584,93.02329349517822,"unknown","","unknown","unknown","unknown","","unknown","","unknown","unknown",99.83566045761108,"unknown","unknown",106.66017580032349,"",""
"6c8906b",-10822.70702624321,"unknown",-10808.795269489288,-10790.610391378403,0.0,7.125439882278442,13.232999801635742,20.951712369918823,16024.03004860878,16031.442443847656,16048.200810909271,"unknown",16054.316791772842,16060.905058145523,16069.949004888535,"unknown","","unknown","unknown","unknown","","unknown","","unknown","unknown",16075.852608680725,"unknown","unknown",16081.737206935883,"",""
"dae9b13",-1302769.710442543,"unknown",-1302763.454067707,-1302756.5053536892,0.0,7.113595485687256,13.772308111190796,21.491613149642944,50.17355966567993,57.11200404167175,76.24519157409668,"unknown",81.64989590644836,88.38490200042725,90.17181134223938,"unknown","","unknown","unknown","unknown","","unknown","","unknown","unknown",96.54488134384155,"unknown","unknown",103.29398989677429,"",""
"4828266","","","","","","","","","","","","","","","","","","","","","","","","","","","","","","",""
"614fc3f",-30788.314906597137,"unknown",-30781.888903856277,-30775.6907453537,0.0,5.70121169090271,9.628725528717041,17.245124340057373,38.29661798477173,44.377023220062256,51.40042161941528,57.62770199775696,"unknown",63.03787660598755,65.44406056404114,"unknown","","unknown","unknown","unknown","","unknown","","unknown","unknown",70.83332228660583,"unknown","unknown",77.52322602272034,"",""
"a300755",-79269.50565505028,"unknown",-79262.69858813286,-79256.6627626419,0.0,6.050522804260254,8.513668298721313,16.703362226486206,27.97860550880432,33.58246445655823,40.9582462310791,46.97650074958801,"unknown",52.92942023277283,54.54360485076904,"unknown","","unknown","unknown","unknown","","unknown","","unknown","unknown",59.96102476119995,"unknown","unknown",65.5098328590393,"",""
"802d704",-50092.535707473755,"unknown",-50085.49131011963,-50079.429980278015,0.0,5.655030250549316,11.733646392822266,18.8395893573761,62.872177839279175,68.5927746295929,80.31580018997192,87.5461859703064,"unknown",93.52135372161865,99.07898616790771,"unknown","","unknown","unknown","unknown","","unknown","","unknown","unknown",104.88395166397095,"unknown","unknown",110.18910527229309,"",""
"e892cd4","","","","","","","","","","","","","","","","","","","","","","","","","","","","","","",""
"ac42d69",-247.27039313316345,"unknown",-240.76862907409668,-234.33272314071655,0.0,7.3081159591674805,14.111009120941162,21.98065161705017,59.70151352882385,66.4266471862793,85.54787158966064,92.71892881393433,"unknown",99.37159514427185,105.54938864707947,"unknown","","unknown","unknown","unknown","","unknown","","unknown","unknown",112.59449815750122,"unknown","unknown",119.8149471282959,"",""
"7bb45d3",-672.5191581249237,"unknown",-666.7522418498993,-659.7813589572906,0.0,6.827979564666748,13.147446155548096,19.768675088882446,34.495301961898804,40.464189529418945,58.14415669441223,64.27113199234009,"unknown",70.10829329490662,72.11514639854431,"unknown","","unknown","unknown","unknown","","unknown","","unknown","unknown",77.61478471755981,"unknown","unknown",84.81607866287231,"",""
"7622483",-17013.459135770798,"unknown",-17008.065465927124,-17001.450111865997,0.0,6.859119415283203,90.21497440338135,98.47211241722107,103.32705688476562,108.99476099014282,113.38220357894897,"unknown",119.9511239528656,126.08755445480347,135.39367938041687,"unknown","","unknown","unknown","unknown","","unknown","","unknown","unknown",142.1179642677307,"unknown","unknown",148.5052843093872,"",""
"730747e",-8676.046365976334,"unknown",-8670.318402290344,-8663.73776936531,0.0,7.210569381713867,11.763127565383911,20.34258008003235,30.11418104171753,36.02676486968994,47.92560386657715,"unknown",55.22072148323059,61.833351135253906,63.478976011276245,"unknown","","unknown","unknown","unknown","","unknown","","unknown","unknown",69.98145532608032,"unknown","unknown",77.0750298500061,"",""
"07ff49d",-94.67753386497498,"unknown",-89.30339336395264,-82.28030896186829,0.0,6.1091694831848145,11.105443477630615,18.91086721420288,35.390955209732056,42.49836015701294,50.64112567901611,56.91867518424988,"unknown",63.94497990608215,65.3926784992218,"unknown","","unknown","unknown","unknown","","unknown","","unknown","unknown",72.23652267456055,"unknown","unknown",79.18505144119263,"",""
"22fdb61",-55083.12841296196,"unknown",-55077.13331127167,-55070.70289301872,0.0,7.098716735839844,16.499019861221313,23.353803873062134,42.49686622619629,48.72367715835571,58.17604327201843,"unknown",64.58722376823425,70.73258972167969,75.94660067558289,"unknown","","unknown","unknown","unknown","","unknown","","unknown","unknown",82.70477175712585,"unknown","unknown",88.15502429008484,"",""
"db046f2",-458.68245029449463,"unknown",-452.23911023139954,-445.1833758354187,0.0,6.921318292617798,9.568515539169312,17.478095293045044,27.99964475631714,33.64465522766113,39.75990605354309,45.468793630599976,"unknown",51.53692030906677,53.29226279258728,"unknown","","unknown","unknown","unknown","","unknown","","unknown","unknown",58.6389946937561,"unknown","unknown",65.45295810699463,"",""
"99ee852",-35302.04140853882,"unknown",-35296.45326304436,-35289.660885095596,0.0,5.547878742218018,10.04653000831604,18.495392560958862,57.00458478927612,63.50640606880188,86.22840929031372,91.90738320350647,"unknown",98.0566759109497,100.56430745124817,"unknown","","unknown","unknown","unknown","","unknown","","unknown","unknown",107.41666603088379,"unknown","unknown",113.35259556770325,"",""
"ad2fc5b",-71.97790718078613,"unknown",-65.20910859107971,-58.98019456863403,0.0,7.484757661819458,21.18468451499939,28.71457028388977,59.52764654159546,65.73687744140625,100.68849444389343,"unknown",107.34534668922424,112.69855666160583,115.1520299911499,"unknown","","unknown","unknown","unknown","","unknown","","unknown","unknown",121.28265023231506,"unknown","unknown",127.55007648468018,"",""
"d318264","","","","","","","","","","","","","","","","","","","","","","","","","","","","","","",""
"741ef32",-1274.0060408115387,"unknown",-1267.596087217331,-1260.7114837169647,0.0,5.755263805389404,14.532339096069336,22.58954668045044,39.198652267456055,44.93091344833374,108.90200638771057,114.99559688568115,"unknown",120.27977061271667,121.98612594604492,"unknown","","unknown","unknown","unknown","","unknown","","unknown","unknown",130.3637990951538,"unknown","unknown",137.34501671791077,"",""
"b75259d",-2078647.1184670925,"unknown",-2078641.6205780506,-2078635.4689612389,0.0,7.16256856918335,35.36912536621094,43.51742601394653,57.059534549713135,63.192676305770874,87.07589507102966,93.70227479934692,"unknown",100.51974129676819,102.58954429626465,"unknown","","unknown","unknown","unknown","","unknown","","unknown","unknown",109.63685011863708,"unknown","unknown",116.81008791923523,"",""
"b67425b","","","","","","","","","","","","","","","","","","","","","","","","","","","","","","",""
"446ad6c",-32284.164973974228,"unknown",-32277.098342180252,-32271.41542816162,0.0,6.999725818634033,10.778403520584106,19.41297435760498,44.36407804489136,50.59722852706909,63.64541172981262,"unknown",70.07804489135742,75.61324906349182,80.89900708198547,"unknown","","unknown","unknown","unknown","","unknown","","unknown","unknown",87.10024905204773,"unknown","unknown",93.73462915420532,"",""
"70405ea","","","","","","","","","","","","","","","","","","","","","","","","","","","","","","",""
"1117a63",-2332.3977556228638,"unknown",-2326.802041053772,-2321.0493359565735,0.0,6.9462196826934814,13.782480478286743,21.02712845802307,47.50255537033081,52.9610550403595,101.01454591751099,106.24907612800598,"unknown",113.15202951431274,115.71392393112183,"unknown","","unknown","unknown","unknown","","unknown","","unknown","unknown",121.09559297561646,"unknown","unknown",126.35377049446106,"",""
"537189f","","","","","","","","","","","","","","","","","","","","","","","","","","","","","","",""
"17b5a6e","","","","","","","","","","","","","","","","","","","","","","","","","","","","","","",""
"d3e37eb",-84736.89964437485,"unknown",-84729.92655277252,-84723.5506966114,0.0,7.255761384963989,9.496957540512085,16.572453260421753,39.09355068206787,45.8527557849884,59.89124345779419,66.63680720329285,"unknown",72.31738543510437,74.74900913238525,"unknown","","unknown","unknown","unknown","","unknown","","unknown","unknown",80.51511859893799,"unknown","unknown",87.8128387928009,"",""
"2ee7f92",-28.929941177368164,"unknown",-22.3893826007843,-16.484240293502808,0.0,7.2654430866241455,17.461695671081543,25.01789116859436,36.65133595466614,42.538291454315186,52.97242021560669,"unknown",59.35205340385437,65.05844902992249,84.24898266792297,"unknown","","unknown","unknown","unknown","","unknown","","unknown","unknown",90.52280259132385,"unknown","unknown",96.5346896648407,"",""
"89d63ed",-4604.410165071487,"unknown",-4597.593991518021,-4591.5975930690765,0.0,7.622498989105225,9.89166259765625,18.478525161743164,22.292354106903076,27.8265700340271,40.47136425971985,46.55763244628906,"unknown",53.14640665054321,55.11615467071533,"unknown","","unknown","unknown","unknown","","unknown","","unknown","unknown",61.330055475234985,"unknown","unknown",67.9477698802948,"",""
"c0a644e",-1815.5435445308685,"unknown",-1809.6424658298492,-1804.143170595169,0.0,6.605720520019531,11.700244903564453,20.170164108276367,46.19511914253235,52.163835525512695,62.39591097831726,69.07417583465576,"unknown",76.06589126586914,78.13974714279175,"unknown","","unknown","unknown","unknown","","unknown","","unknown","unknown",85.28791570663452,"unknown","unknown",92.09283947944641,"",""
"80f558b",-1584.668508529663,"unknown",-1577.718663930893,-1570.575439453125,0.0,5.985736846923828,10.83594298362732,17.78391408920288,43.527830839157104,49.56221318244934,69.66836380958557,"unknown",76.8396737575531,83.76979351043701,86.56837248802185,"unknown","","unknown","unknown","unknown","","unknown","","unknown","unknown",92.52526187896729,"unknown","unknown",99.59133839607239,"",""
"87e4f18",-13567.349840641022,"unknown",-13560.628618955612,-13555.034924268723,0.0,6.13018798828125,14.973597764968872,22.73838210105896,59.9168803691864,66.60053372383118,77.19681215286255,82.76087760925293,"unknown",88.31574940681458,89.76120281219482,"unknown","","unknown","unknown","unknown","","unknown","","unknown","unknown",95.33672761917114,"unknown","unknown",100.55547022819519,"",""
"0186834",-52296.31593990326,"unknown",-52290.2963719368,-52284.50041890144,0.0,6.392061710357666,11.721941471099854,19.660805225372314,51.367889165878296,57.3356146812439,75.02123761177063,"unknown",80.9611406326294,86.6278920173645,88.37459683418274,"unknown","","unknown","unknown","unknown","","unknown","","unknown","unknown",94.11494755744934,"unknown","unknown",99.56249070167542,"",""
"0355f6d",-73928.8288025856,"unknown",-73922.70325684547,-73916.09335923195,0.0,6.040416240692139,13.263784646987915,21.75754141807556,64.81007122993469,71.27012228965759,80.5152542591095,86.86036801338196,"unknown",93.19706773757935,95.04661226272583,"unknown","","unknown","unknown","unknown","","unknown","","unknown","unknown",101.3551721572876,"unknown","unknown",107.56765103340149,"",""
"fa6a8b8","","","","","","","","","","","","","","","","","","","","","","","","","","","","","","",""
"145d339",-7008.541893720627,"unknown",-7003.044095277786,-6996.087238550186,0.0,5.444361925125122,11.07261347770691,18.356499671936035,68.84679198265076,75.75627589225769,82.54892015457153,87.9799153804779,"unknown",94.83192038536072,96.53422570228577,"unknown","","unknown","unknown","unknown","","unknown","","unknown","unknown",102.62265920639038,"unknown","unknown",109.22260594367981,"",""
"e96f42c","","","","","","","","","","","","","","","","","","","","","","","","","","","","","","",""
"f382ec0","","","","","","","","","","","","","","","","","","","","","","","","","","","","","","",""
"962a7dd",-295.4445872306824,"unknown",-288.6319582462311,-281.43936824798584,0.0,6.69349217414856,13.10168194770813,21.280099868774414,52.808125495910645,59.12856364250183,74.3657488822937,81.19163751602173,"unknown",86.61266040802002,88.16725516319275,"unknown","","unknown","unknown","unknown","","unknown","","unknown","unknown",94.71159887313843,"unknown","unknown",100.61901807785034,"",""
"5c97513",-36661.79146814346,"unknown",-36654.66165328026,-36648.91775226593,0.0,5.893918037414551,26.10145401954651,34.32675814628601,58.10029196739197,64.69162940979004,75.90991878509521,81.7128734588623,"unknown",88.79081082344055,1554.9051871299744,"unknown","","unknown","unknown","unknown","","unknown","","unknown","unknown",1561.1077587604523,"unknown","unknown",1567.13631772995,"",""
"acc6118",-28160.62574481964,"unknown",-28155.149085521698,-28148.322963237762,0.0,5.880066156387329,12.709822654724121,19.470686197280884,69.30055332183838,75.42714548110962,84.27424502372742,89.83650422096252,"unknown",96.37805581092834,98.57469034194946,"unknown","","unknown","unknown","unknown","","unknown","","unknown","unknown",103.85337138175964,"unknown","unknown",109.40839147567749,"",""
"d33371d",-877633.3412082195,"unknown",-877626.8631317616,-877620.3219077587,0.0,5.695213317871094,28.639642000198364,36.45015788078308,86.7810571193695,92.75736737251282,124.97897481918335,130.53006196022034,"unknown",136.11348390579224,140.2793595790863,"unknown","","unknown","unknown","unknown","","unknown","","unknown","unknown",146.67728424072266,"unknown","unknown",152.35747003555298,"",""
"5d45bd1",-4526.515877723694,"unknown",-4520.78041934967,-4513.642221927643,0.0,7.44823694229126,10.887083053588867,19.035823106765747,50.11454367637634,56.78280448913574,93.61308240890503,"unknown",100.6726667881012,107.67818188667297,112.76974034309387,"unknown","","unknown","unknown","unknown","","unknown","","unknown","unknown",119.38345527648926,"unknown","unknown",124.69794797897339,"",""
"cfcbc2d","","","","","","","","","","","","","","","","","","","","","","","","","","","","","","",""
"98ecb86",-13800.512349128723,"unknown",-13794.934960842133,-13788.559732198715,0.0,6.800106048583984,13.487770080566406,21.045214414596558,30.93164610862732,38.11234092712402,44.10183644294739,"unknown",50.292067527770996,56.4169499874115,62.89296770095825,"unknown","","unknown","unknown","unknown","","unknown","","unknown","unknown",69.59304809570312,"unknown","unknown",75.17742204666138,"",""
"7636563",-22.923248529434204,"unknown",-17.229182720184326,-11.786606550216675,0.0,6.235433340072632,10.07309103012085,17.86478543281555,84.1894941329956,89.6141254901886,180.31574892997742,"unknown",186.60771250724792,193.19315838813782,195.13216090202332,"unknown","","unknown","unknown","unknown","","unknown","","unknown","unknown",201.36437559127808,"unknown","unknown",207.73676896095276,"",""
"5d2b358",-1246.5443017482758,"unknown",-1239.7600729465485,-1234.0443840026855,0.0,6.824452877044678,11.82364559173584,19.077699422836304,32.31970739364624,38.16346001625061,45.413103103637695,"unknown",50.849098682403564,56.250460386276245,59.2409086227417,"unknown","","unknown","unknown","unknown","","unknown","","unknown","unknown",65.23949098587036,"unknown","unknown",71.48355531692505,"",""
"5d9ae0c","","","","","","","","","","","","","","","","","","","","","","","","","","","","","","",""
"73d4e20",-38.072683572769165,"unknown",-32.133017778396606,-26.710930824279785,0.0,6.031451940536499,37.990092039108276,46.6540846824646,54.56135582923889,61.980414628982544,96.64348697662354,"unknown",103.47040343284607,109.3624005317688,111.39960432052612,"unknown","","unknown","unknown","unknown","","unknown","","unknown","unknown",117.20957016944885,"unknown","unknown",123.48519968986511,"",""
"be94a32",-23105.762249469757,"unknown",-23099.739099264145,-23093.965857982635,0.0,5.427818775177002,6.553070783615112,14.534003496170044,16.35980463027954,21.596051454544067,41.75769877433777,"unknown",47.77511715888977,54.995062828063965,61.64165759086609,67.70602130889893,75.70260047912598,82.400235414505,"unknown",89.52601051330566,92.41653275489807,"unknown","","unknown","unknown","unknown",99.56254720687866,"unknown",106.01451754570007,"",""
"9f972fb",-18.24687957763672,"unknown",-11.352274179458618,-4.8580334186553955,0.0,5.225464820861816,20.586154460906982,30.637186288833618,70.30074286460876,76.52917051315308,86.1534492969513,"unknown",92.7360486984253,99.73688316345215,105.41199350357056,"unknown","","unknown","unknown","unknown","","unknown","","unknown","unknown",111.8976194858551,"unknown","unknown",117.83199429512024,"",""
"6e93efd",-13470.828416585922,"unknown",-13465.135915517807,-13459.167641878128,0.0,6.357582330703735,61.70647573471069,70.27496552467346,76.82416415214539,82.612384557724,95.47260308265686,"unknown",102.74312472343445,109.42501091957092,111.99744987487793,"unknown","","unknown","unknown","unknown","","unknown","","unknown","unknown",117.96055555343628,"unknown","unknown",124.7986364364624,"",""
"5a4afae",-289662.5486264229,"unknown",-289656.2143421173,-289650.12248396873,0.0,6.047210693359375,10.243175745010376,18.915031909942627,37.19028282165527,43.054423809051514,61.31865358352661,"unknown",67.35343766212463,73.85732817649841,75.34447908401489,"unknown","","unknown","unknown","unknown","","unknown","","unknown","unknown",81.26095533370972,"unknown","unknown",87.96960783004761,"",""
"c34e373","","","","","","","","","","","","","","","","","","","","","","","","","","","","","","",""
"6bac72b",-619.8411436080933,"unknown",-614.271674156189,-608.4902663230896,0.0,7.263794422149658,11.015323877334595,19.323329210281372,35.550705909729004,40.8812689781189,54.578949213027954,61.15909671783447,"unknown",68.3793306350708,70.30315828323364,"unknown","","unknown","unknown","unknown","","unknown","","unknown","unknown",77.10209798812866,"unknown","unknown",83.55039405822754,"",""
"c9285e4",-45882.149797439575,"unknown",-45812.32276034355,-45745.519384384155,0.0,5.881086111068726,9.821311950683594,16.641667366027832,1554.2206017971039,1561.27494597435,1572.5500230789185,1577.923419713974,"unknown",1583.2092649936676,1585.1264164447784,"unknown","","unknown","unknown","unknown","","unknown","","unknown","unknown",1591.797605752945,"unknown","unknown",1597.1870529651642,"",""
"bd4b2f4",-43552.61637091637,"unknown",-43546.14178752899,-43538.93059682846,0.0,5.68546199798584,11.014835119247437,17.563234090805054,58.989022731781006,64.38299775123596,72.6187355518341,"unknown",79.19910979270935,84.65685486793518,86.89277672767639,"unknown","","unknown","unknown","unknown","","unknown","","unknown","unknown",93.67087697982788,"unknown","unknown",99.35287499427795,"",""
"bd650e8","","","","","","","","","","","","","","","","","","","","","","","","","","","","","","",""
"b81bc6e","","","","","","","","","","","","","","","","","","","","","","","","","","","","","","",""
"0ff20c2",-1345.1500194072723,"unknown",-1338.7956323623657,-1332.0839788913727,0.0,5.363809585571289,11.142194509506226,18.604655265808105,31.70962166786194,37.99361205101013,58.613686084747314,64.97203993797302,"unknown",71.46311688423157,73.53576183319092,"unknown","","unknown","unknown","unknown","","unknown","","unknown","unknown",79.68786716461182,"unknown","unknown",85.10734987258911,"",""
"b0e3caa",-22933.491532564163,"unknown",-22927.00995326042,-22920.591471672058,0.0,6.797774791717529,11.975064754486084,19.65494179725647,506.5743455886841,513.6311330795288,569.2705693244934,575.2398352622986,"unknown",581.638902425766,584.5267117023468,"unknown","","unknown","unknown","unknown","","unknown","","unknown","unknown",591.1949598789215,"unknown","unknown",598.3903031349182,"",""
"45f7f6c",-2242509.087082863,"unknown",-2242503.4986059666,-2242496.461573839,0.0,5.9784462451934814,19.896501302719116,27.55457091331482,50.07993125915527,55.348557233810425,66.70628476142883,73.1178150177002,"unknown",79.43216919898987,81.31623911857605,"unknown","","unknown","unknown","unknown","","unknown","","unknown","unknown",88.14504051208496,"unknown","unknown",94.26284694671631,"",""
"1df700a",-98.72490215301514,"unknown",-92.30054306983948,-86.99615550041199,0.0,5.94581937789917,11.15552306175232,18.304405212402344,52.35305094718933,58.24965763092041,65.60845851898193,71.07884860038757,"unknown",77.86231541633606,80.1650185585022,"unknown","","unknown","unknown","unknown","","unknown","","unknown","unknown",85.95621752738953,"unknown","unknown",92.94229936599731,"",""
"d3a396c",-19236.41537976265,"unknown",-19229.828286409378,-19223.77212357521,0.0,6.88113260269165,15.26389455795288,22.568587064743042,48.24477195739746,55.14667868614197,64.3014509677887,"unknown",71.09352159500122,76.76691842079163,78.5186595916748,"unknown","","unknown","unknown","unknown","","unknown","","unknown","unknown",85.85420346260071,"unknown","unknown",92.24754571914673,"",""
"79b129c",-153.62936091423035,"unknown",-147.66115283966064,-141.89021277427673,0.0,7.0871593952178955,13.202286720275879,20.990554571151733,124.87920618057251,131.19325399398804,158.43581652641296,164.36735367774963,"unknown",171.03369569778442,174.02556848526,"unknown","","unknown","unknown","unknown","","unknown","","unknown","unknown",179.7437229156494,"unknown","unknown",186.58568716049194,"",""
"d85b5c4",-3512.448853492737,"unknown",-3505.9822812080383,-3499.0257127285004,0.0,6.805677175521851,17.64392590522766,25.164380073547363,81.29598784446716,88.36450409889221,97.51315093040466,"unknown",103.1488790512085,109.10758113861084,111.70549058914185,"unknown","","unknown","unknown","unknown","","unknown","","unknown","unknown",118.78343272209167,"unknown","unknown",125.40399432182312,"",""
"43b56f8",-453870.0403916836,"unknown",-453864.38544368744,-453858.95837545395,0.0,5.486872673034668,10.12057638168335,18.357512712478638,57.513349294662476,62.96231293678284,85.00157737731934,"unknown",91.7757339477539,98.56248950958252,106.40068221092224,"unknown","","unknown","unknown","unknown","","unknown","","unknown","unknown",112.27666139602661,"unknown","unknown",119.52417993545532,"",""
"3ecbabb",-224361.45613098145,"unknown",-224355.42331671715,-224349.37896585464,0.0,6.2602996826171875,12.360576152801514,20.68782925605774,46.57368516921997,53.50371074676514,72.08995842933655,"unknown",77.93426012992859,83.68158173561096,85.15969729423523,"unknown","","unknown","unknown","unknown","","unknown","","unknown","unknown",90.64148354530334,"unknown","unknown",97.2241063117981,"",""
"c9c92b5",-11832.334562063217,"unknown",-11825.763722658157,-11818.826033592224,0.0,6.2059667110443115,41.449310541152954,48.93563461303711,62.89821529388428,69.35369300842285,93.23571610450745,100.1169638633728,"unknown",107.27674722671509,108.97556042671204,"unknown","","unknown","unknown","unknown","","unknown","","unknown","unknown",115.01129412651062,"unknown","unknown",121.30713272094727,"",""
"f9b9236",-8151.768863916397,"unknown",-8146.37560915947,-8140.284863948822,0.0,6.973994731903076,10.000672817230225,17.703375101089478,58.24644637107849,65.16565752029419,122.11553883552551,128.09701991081238,"unknown",133.8450334072113,135.92488837242126,"unknown","","unknown","unknown","unknown","","unknown","","unknown","unknown",141.84427976608276,"unknown","unknown",148.32763838768005,"",""
"4a0236d","","","","","","","","","","","","","","","","","","","","","","","","","","","","","","",""
"b7a265d",-6973.376626968384,"unknown",-6967.825666189194,-6962.014292001724,0.0,6.484924793243408,13.23963713645935,21.98961305618286,43.23958230018616,50.12952423095703,59.71006798744202,"unknown",66.532461643219,73.61616110801697,76.23689866065979,"unknown","","unknown","unknown","unknown","","unknown","","unknown","unknown",82.6846399307251,"unknown","unknown",89.94560027122498,"",""
"912afde","","","","","","","","","","","","","","","","","","","","","","","","","","","","","","",""
"c97639e",-566964.0353674889,"unknown",-566957.5169434547,-566951.788936615,0.0,6.157252073287964,9.380502939224243,17.24982523918152,30.486451864242554,35.81474804878235,42.87977910041809,"unknown",50.09384489059448,55.68242406845093,56.821696519851685,"unknown","","unknown","unknown","unknown","","unknown","","unknown","unknown",62.850006341934204,"unknown","unknown",69.31407856941223,"",""
"af72486",-80892.15463638306,"unknown",-80822.51792883873,-80755.22486925125,0.0,5.5496556758880615,12.843151807785034,20.955697059631348,38.117921590805054,45.28744673728943,63.09909391403198,"unknown",68.7075719833374,75.8556866645813,79.35276079177856,"unknown","","unknown","unknown","unknown","","unknown","","unknown","unknown",85.38551664352417,"unknown","unknown",91.73697280883789,"",""
"e2517d9",-42717.910648822784,"unknown",-42711.32269072533,-42705.15124940872,0.0,6.806448698043823,15.69605827331543,22.200687885284424,33.86505484580994,40.84808683395386,50.33271622657776,57.29046106338501,"unknown",62.745503187179565,71.41068148612976,"unknown","","unknown","unknown","unknown","","unknown","","unknown","unknown",77.78534317016602,"unknown","unknown",83.15669798851013,"",""
"1e88a68",-50084.608335733414,"unknown",-50079.10999298096,-50072.29200196266,0.0,6.4233222007751465,16.05651617050171,22.71155619621277,52.81418752670288,58.42248558998108,69.26338005065918,75.30472493171692,"unknown",81.10865712165833,83.0561842918396,"unknown","","unknown","unknown","unknown","","unknown","","unknown","unknown",89.35351157188416,"unknown","unknown",95.1062524318695,"",""
"9d97673",-23.261582374572754,"unknown",-16.459726572036743,-10.479548692703247,0.0,5.334851980209351,10.761949062347412,18.41301131248474,50.7931387424469,56.99321746826172,62.82259511947632,69.28458976745605,"unknown",76.23468279838562,81.65065312385559,"unknown","","unknown","unknown","unknown","","unknown","","unknown","unknown",87.00265669822693,"unknown","unknown",93.97143650054932,"",""
"aa07d95",-2791.0966334342957,"unknown",-2785.7980992794037,-2780.3498623371124,0.0,7.091578006744385,14.66903018951416,21.683838367462158,127.04787397384644,134.21209144592285,201.22845792770386,206.6249349117279,"unknown",212.48543119430542,221.69890642166138,"unknown","","unknown","unknown","unknown","","unknown","","unknown","unknown",228.24148058891296,"unknown","unknown",233.97504234313965,"",""
"d27b032","","","","","","","","","","","","","","","","","","","","","","","","","","","","","","",""
"38c4951",-920369.6901404858,"unknown",-920362.9786548615,-920357.3414852619,0.0,6.376278400421143,12.129762172698975,19.917457342147827,33.69435381889343,40.009695529937744,51.73713755607605,57.89285731315613,"unknown",63.88837170600891,70.65584254264832,"unknown","","unknown","unknown","unknown","","unknown","","unknown","unknown",75.98973155021667,"unknown","unknown",81.69519829750061,"",""
"13dba9e",-98961.6588230133,"unknown",-98954.56918811798,-98949.23900103569,0.0,5.792644023895264,12.184421300888062,20.19578218460083,34.95802855491638,41.40352773666382,68.30035281181335,75.51202821731567,"unknown",82.007479429245,85.30331659317017,"unknown","","unknown","unknown","unknown","","unknown","","unknown","unknown",90.72921538352966,"unknown","unknown",96.80686712265015,"",""
"e6d310e",-125683.22558951378,"unknown",-125675.44817519188,-125667.67622160912,0.0,7.176149368286133,16.473482847213745,24.365405082702637,61.264543294906616,67.74831652641296,97.05883932113647,102.75229930877686,"unknown",108.79848194122314,110.92625975608826,"unknown","","unknown","unknown","unknown","","unknown","","unknown","unknown",116.63333702087402,"unknown","unknown",122.93807244300842,"",""
"8c74aa5",-2713.9635224342346,"unknown",-2706.9310092926025,-2700.915783405304,0.0,5.354741096496582,6.961277961730957,14.0265793800354,31.039456605911255,38.33003544807434,44.02824330329895,49.59197640419006,"unknown",55.048861026763916,86.45105957984924,"unknown","","unknown","unknown","unknown","","unknown","","unknown","unknown",93.37763476371765,"unknown","unknown",100.26511693000793,"",""
"679fa36","","","","","","","","","","","","","","","","","","","","","","","","","","","","","","",""
"b164bf7",-14.325975179672241,"unknown",-7.661103010177612,-1.5156810283660889,0.0,6.663935422897339,20.307819366455078,28.08110547065735,40.84818196296692,48.12732815742493,58.2057421207428,65.51220893859863,"unknown",71.7190990447998,73.64246726036072,"unknown","","unknown","unknown","unknown","","unknown","","unknown","unknown",79.07390546798706,"unknown","unknown",84.49244666099548,"",""
"7e62763",-7480.365463733673,"unknown",-7473.159267425537,-7466.101432561874,0.0,7.259086608886719,15.285456895828247,23.68791890144348,60.628973722457886,67.311607837677,97.25700426101685,"unknown",102.76697087287903,109.56181383132935,111.56897830963135,"unknown","","unknown","unknown","unknown","","unknown","","unknown","unknown",118.88767695426941,"unknown","unknown",124.35535597801208,"",""
"c7a7d85",-2505.16259932518,"unknown",-2497.94753074646,-2491.425379037857,0.0,6.382920742034912,9.549743413925171,16.63538432121277,30.75010919570923,37.27678680419922,47.95139980316162,"unknown",54.70726561546326,61.82460331916809,65.77627515792847,"unknown","","unknown","unknown","unknown","","unknown","","unknown","unknown",72.46258735656738,"unknown","unknown",78.26252365112305,"",""
"3b7f267","","","","","","","","","","","","","","","","","","","","","","","","","","","","","","",""
"fa1efad","","","","","","","","","","","","","","","","","","","","","","","","","","","","","","",""
"ae58bf1",-9299.952954769135,"unknown",-9293.368955612183,-9286.822195529938,0.0,5.836268424987793,9.96803092956543,17.66317343711853,27.771284818649292,34.44137907028198,48.840147256851196,54.37221598625183,"unknown",60.416693925857544,62.508161306381226,"unknown","","unknown","unknown","unknown","","unknown","","unknown","unknown",68.72836780548096,"unknown","unknown",74.78433775901794,"",""
"492238f","","","","","","","","","","","","","","","","","","","","","","","","","","","","","","",""
"43c977d",-18185.88247203827,"unknown",-18180.228292942047,-18174.463317871094,0.0,5.811733961105347,32.50883889198303,41.348108768463135,81.53567814826965,87.47232747077942,113.04192423820496,"unknown",120.34182405471802,126.29603147506714,128.45768404006958,"unknown","","unknown","unknown","unknown","","unknown","","unknown","unknown",133.94704389572144,"unknown","unknown",139.18093299865723,"",""
"4eff6be",-4812979.026365042,"unknown",-4812972.068156242,-4812965.108356476,0.0,5.676851749420166,10.688692331314087,18.794108867645264,34.47466540336609,40.57361364364624,89.97215461730957,"unknown",95.37817907333374,100.70739841461182,102.82940602302551,"unknown","","unknown","unknown","unknown","","unknown","","unknown","unknown",109.64071035385132,"unknown","unknown",115.12987732887268,"",""
"e1b193b",-1000.6105959415436,"unknown",-995.2296869754791,-988.0885996818542,0.0,5.504780530929565,45801.35453701019,45809.60044503212,46222.87277388573,46229.02753949165,46234.28622674942,46239.69189500809,"unknown",46245.918563604355,46251.637239933014,"unknown","","unknown","unknown","unknown","","unknown","","unknown","unknown",46257.44746923447,"unknown","unknown",46263.505095005035,38290.43310403824,""
"1415cd3","","","","","","","","","","","","","","","","","","","","","","","","","","","","","","",""
"2953e33",-270387.76678586006,"unknown",-270381.2063589096,-270374.86712884903,0.0,6.5009424686431885,7.824856281280518,15.907153129577637,56.41534161567688,62.44850945472717,77.75901317596436,84.75254344940186,"unknown",90.34121918678284,92.27015042304993,"unknown","","unknown","unknown","unknown","","unknown","","unknown","unknown",97.99212265014648,"unknown","unknown",103.8644368648529,"",""
"a540012","","","","","","","","","","","","","","","","","","","","","","","","","","","","","","",""
"dd88e0f",-7427160.016125202,"unknown",-7427153.831387758,-7427146.81584096,0.0,6.232000350952148,14.600415706634521,22.520270586013794,59.90874528884888,67.4807779788971,81.17632865905762,87.47908568382263,"unknown",93.39910769462585,95.87710475921631,"unknown","","unknown","unknown","unknown","","unknown","","unknown","unknown",101.51472401618958,"unknown","unknown",108.00170087814331,"",-5639856.93115139
"d135983",-12607.425956964493,"unknown",-12600.344702720642,-12594.623008966446,0.0,7.019603967666626,13.901857614517212,22.75443196296692,38.62088656425476,45.270819425582886,59.92157316207886,66.29960179328918,"unknown",72.50434041023254,76.98696422576904,"unknown","","unknown","unknown","unknown","","unknown","","unknown","unknown",83.5858633518219,"unknown","unknown",89.48278546333313,"",""
"814517e",-30.160231590270996,"unknown",-24.752028465270996,-15.80647349357605,0.0,10.11909556388855,16.95124650001526,24.930361032485962,51.175716161727905,57.88037157058716,169.0464358329773,175.9283332824707,"unknown",182.98888993263245,186.8101465702057,"unknown","","unknown","unknown","unknown","","unknown","","unknown","unknown",209.6981725692749,"unknown","unknown",231.10911965370178,"",""
"53deb5c",-218396.47970223427,"unknown",-218389.30737304688,-218383.630423069,0.0,6.540379047393799,21.63641381263733,28.969139337539673,57.0305380821228,63.400383949279785,73.6732542514801,80.21845626831055,"unknown",87.10405111312866,89.17462587356567,"unknown","","unknown","unknown","unknown","","unknown","","unknown","unknown",96.4139244556427,"unknown","unknown",103.29476881027222,"",""
"e4cf342","","","","","","","","","","","","","","","","","","","","","","","","","","","","","","",""
"c1a9909",-16648.705508470535,"unknown",-16641.614934682846,-16635.05880522728,0.0,6.5770347118377686,8.288482666015625,15.248488664627075,26.839807510375977,33.04526925086975,47.062758922576904,53.537991523742676,"unknown",59.774850845336914,61.58188772201538,67.0158166885376,75.55628395080566,"unknown",81.04307985305786,87.32372379302979,89.55929708480835,"unknown","","unknown","unknown","unknown",96.34088706970215,"unknown",103.11354303359985,"",""
"844ab34","","","","","","","","","","","","","","","","","","","","","","","","","","","","","","",""
"fc2538d",-29077.440858602524,"unknown",-29072.026329517365,-29066.32994532585,0.0,6.030854940414429,801.226170539856,808.4128079414368,812.9231243133545,819.3561038970947,841.0450546741486,848.3472163677216,"unknown",855.0418574810028,859.1823065280914,"unknown","","unknown","unknown","unknown","","unknown","","unknown","unknown",865.1599814891815,"unknown","unknown",870.6408658027649,"",""
"4c228f6",-53.55583643913269,"unknown",-46.35633945465088,-40.13137364387512,0.0,6.208856582641602,16.54454731941223,23.969664096832275,78.10874819755554,83.46347498893738,142.07638669013977,"unknown",148.86061239242554,155.71372747421265,158.82242608070374,"unknown","","unknown","unknown","unknown","","unknown","","unknown","unknown",164.75680088996887,"unknown","unknown",170.2355592250824,"",""
"747ce5f",-378337.37329888344,"unknown",-378331.14835715294,-378325.35095334053,0.0,6.518734693527222,17.852970838546753,26.908857107162476,37.55591416358948,44.566296100616455,54.38535404205322,60.312753677368164,"unknown",67.12042188644409,69.15053296089172,"unknown","","unknown","unknown","unknown","","unknown","","unknown","unknown",75.05248594284058,"unknown","unknown",81.95389103889465,"",""
"6ab42f2",-1813.7834901809692,"unknown",-1807.8115274906158,-1800.6186168193817,0.0,5.651968479156494,7.298412799835205,15.255603551864624,23.065107822418213,30.11491823196411,42.24454998970032,"unknown",48.454330921173096,55.64938712120056,57.776355504989624,"unknown","","unknown","unknown","unknown","","unknown","","unknown","unknown",63.72810387611389,"unknown","unknown",71.1175811290741,"",""
"41f2447",-11774.473472118378,"unknown",-11766.586809635162,-11759.46207499504,0.0,6.097245693206787,10.839153289794922,18.950592041015625,45.90574789047241,53.2343213558197,81.23981475830078,88.24946808815002,"unknown",94.53285932540894,96.64080786705017,"unknown","","unknown","unknown","unknown","","unknown","","unknown","unknown",102.15926623344421,"unknown","unknown",107.42520904541016,"",""
"5bf619a",-53643.85343456268,"unknown",-53637.03851675987,-53631.74361753464,0.0,6.412489414215088,14.101287126541138,22.967456579208374,73.97232437133789,81.32549524307251,99.08265042304993,105.63900232315063,"unknown",111.12275791168213,113.19225215911865,"unknown","","unknown","unknown","unknown","","unknown","","unknown","unknown",118.84445190429688,"unknown","unknown",124.42620062828064,"",""
"a123713",-29.81495237350464,"unknown",-24.144952058792114,-17.715200185775757,0.0,5.762802839279175,12.4364755153656,20.98640727996826,35.46019792556763,41.00195002555847,47.000303983688354,52.35049605369568,"unknown",58.368035316467285,59.64355540275574,"unknown","","unknown","unknown","unknown","","unknown","","unknown","unknown",65.02163481712341,"unknown","unknown",70.46146869659424,"",""
"4997357","","","","","","","","","","","","","","","","","","","","","","","","","","","","","","",""
"5455b1d","","","","","","","","","","","","","","","","","","","","","","","","","","","","","","",""
"f52861b","","","","","","","","","","","","","","","","","","","","","","","","","","","","","","",""
"466a0ab",-384252.42638754845,"unknown",-384245.9019834995,-384239.65721964836,0.0,6.178358554840088,8.753597021102905,16.3843731880188,28.47867512702942,35.08179569244385,61.671794176101685,68.18409323692322,"unknown",73.83849000930786,76.66791152954102,"unknown","","unknown","unknown","unknown","","unknown","","unknown","unknown",83.12357878684998,"unknown","unknown",88.5360004901886,"",""
"399b994","","","","","","","","","","","","","","","","","","","","","","","","","","","","","","",""
"6568ea1",-60.82688355445862,"unknown",-51.03235840797424,-41.36593556404114,0.0,8.101163864135742,18.775391101837158,31.220240116119385,58.495972633361816,72.01454186439514,130.1853563785553,140.0121886730194,"unknown",150.42813968658447,158.78401732444763,"unknown","","unknown","unknown","unknown","","unknown","","unknown","unknown",170.4067759513855,"unknown","unknown",183.77385425567627,"",""
"a839247",-2484.830757379532,"unknown",-2479.552718400955,-2473.866204738617,0.0,6.929342746734619,12.374974012374878,20.360636472702026,88.93877911567688,94.94114971160889,105.5830328464508,"unknown",112.06839895248413,118.14814758300781,135.53273487091064,"unknown","","unknown","unknown","unknown","","unknown","","unknown","unknown",140.98502159118652,"unknown","unknown",147.0137960910797,"",""
"5d6ad7f",-390711.40055179596,"unknown",-390641.75588846207,-390574.2929480076,0.0,6.766255140304565,9.727995872497559,17.81205415725708,32.408791065216064,37.83228135108948,70.45207953453064,"unknown",76.21112322807312,81.86820483207703,85.12255263328552,"unknown","","unknown","unknown","unknown","","unknown","","unknown","unknown",91.42840647697449,"unknown","unknown",97.49887371063232,"",""
"528d0fe",-6430.082541227341,"unknown",-6423.218493461609,-6416.258231163025,0.0,6.125966548919678,10.841888189315796,18.704408168792725,25.11523723602295,30.45580744743347,36.017783880233765,43.034531593322754,"unknown",50.176379919052124,52.7283833026886,"unknown","","unknown","unknown","unknown","","unknown","","unknown","unknown",58.08749747276306,"unknown","unknown",63.9900906085968,"",""
"900150c",-3437.706870317459,"unknown",-3431.9612050056458,-3424.9843983650208,0.0,5.788100242614746,22.285512924194336,29.718246459960938,64.2997670173645,71.52772974967957,98.75064444541931,105.44368267059326,"unknown",110.78976631164551,113.75881361961365,"unknown","","unknown","unknown","unknown","","unknown","","unknown","unknown",120.18641424179077,"unknown","unknown",127.04951167106628,"",""
"924de30",-118396.76493239403,"unknown",-118390.63794493675,-118383.7770614624,0.0,6.139279365539551,10.52454423904419,18.896410703659058,51.99445867538452,57.95157051086426,85.40888237953186,"unknown",92.38939547538757,97.6668004989624,100.46070742607117,"unknown","","unknown","unknown","unknown","","unknown","","unknown","unknown",107.64364266395569,"unknown","unknown",114.18085551261902,"",""
"d925650",-108815.38341164589,"unknown",-108809.5644955635,-108803.38416814804,0.0,6.96071457862854,19.177229166030884,27.04687523841858,45.38609266281128,52.032997369766235,70.1738338470459,"unknown",75.78458857536316,81.20605444908142,84.46508431434631,91.71456575393677,101.09880447387695,106.65128993988037,"unknown",112.28032231330872,115.0948076248169,"unknown","","unknown","unknown","unknown",120.76984310150146,"unknown",126.20302081108093,"",""
"37798a6","","","","","","","","","","","","","","","","","","","","","","","","","","","","","","",""
"ff10184",-144955.5061290264,"unknown",-144948.18031668663,-144941.81116580963,0.0,6.4290571212768555,10.287292242050171,18.384303331375122,43.110764026641846,49.28284049034119,91.84532046318054,98.90442562103271,"unknown",104.61683082580566,106.29338693618774,"unknown","","unknown","unknown","unknown","","unknown","","unknown","unknown",112.39454293251038,"unknown","unknown",119.5790491104126,"",""
"cde7968",-11673.971359491348,"unknown",-11668.60816025734,-11662.845479726791,0.0,6.992814064025879,33.32368326187134,41.832735776901245,65.16290593147278,70.81066966056824,119.05705404281616,124.43658709526062,"unknown",131.7151117324829,134.3478503227234,"unknown","","unknown","unknown","unknown","","unknown","","unknown","unknown",140.20382571220398,"unknown","unknown",146.85957551002502,"",""
"52d61f6",-76953.65397906303,"unknown",-76898.24261498451,-76842.96902513504,0.0,7.207870006561279,9.603026866912842,17.761348724365234,41.42090368270874,47.43659853935242,61.974151849746704,"unknown",69.08468770980835,74.54302787780762,75.86341881752014,"unknown","","unknown","unknown","unknown","","unknown","","unknown","unknown",81.74054837226868,"unknown","unknown",88.76639127731323,"",""
"34d8485",-33762.51080584526,"unknown",-33755.872054576874,-33749.015993118286,0.0,5.9846577644348145,14.3641939163208,23.668087482452393,99.08086824417114,104.63973546028137,140.99969959259033,147.09609723091125,"unknown",153.33846473693848,155.79402351379395,"unknown","","unknown","unknown","unknown","","unknown","","unknown","unknown",162.49420523643494,"unknown","unknown",169.1275291442871,"",""
"693ef79",-11861.89304804802,"unknown",-11856.54486656189,-11850.893996953964,0.0,6.340756177902222,16.673221588134766,24.728800773620605,47.37777638435364,52.85885500907898,66.21309757232666,"unknown",71.73377966880798,79.22968769073486,87.96127080917358,"unknown","","unknown","unknown","unknown","","unknown","","unknown","unknown",94.54081106185913,"unknown","unknown",101.36530470848083,"",""
"0d5233e","","","","","","","","","","","","","","","","","","","","","","","","","","","","","","",""
"f0a4194",-532.3278720378876,"unknown",-525.3838815689087,-518.9769909381866,0.0,6.536445140838623,33.32279706001282,41.41673803329468,44.09152126312256,50.56768751144409,70.90201354026794,"unknown",77.01969909667969,82.42219066619873,88.35505437850952,"unknown","","unknown","unknown","unknown","","unknown","","unknown","unknown",94.78171896934509,"unknown","unknown",100.01763010025024,"",""
"11e5d50",-11277.359726428986,"unknown",-11271.881167411804,-11265.857524394989,0.0,6.5083677768707275,8.680063962936401,17.259653568267822,31.889187574386597,37.80854821205139,42.3969783782959,"unknown",48.243725061416626,54.635952949523926,56.49026274681091,"unknown","","unknown","unknown","unknown","","unknown","","unknown","unknown",62.53252029418945,"unknown","unknown",68.58842754364014,"",""
"047f2ca",-1422.4446351528168,"unknown",-1415.738768339157,-1410.2994918823242,0.0,5.4999871253967285,12.093127489089966,20.22210454940796,28.818018913269043,34.596330642700195,48.05376172065735,53.58321785926819,"unknown",59.45740294456482,60.72363233566284,"unknown","","unknown","unknown","unknown","","unknown","","unknown","unknown",67.32498478889465,"unknown","unknown",72.68397235870361,"",""
"02b634c","","","","","","","","","","","","","","","","","","","","","","","","","","","","","","",""
"0f91d63",-185.36987328529358,"unknown",-179.83743619918823,-173.68929314613342,0.0,5.318417310714722,20.306898832321167,27.14588975906372,40.54000949859619,47.63110327720642,72.75300621986389,79.60127282142639,"unknown",84.8523964881897,87.09840250015259,"unknown","","unknown","unknown","unknown","","unknown","","unknown","unknown",94.6453309059143,"unknown","unknown",101.67539882659912,"",""
"87e086c","","","","","","","","","","","","","","","","","","","","","","","","","","","","","","",""
"ece9ce7",-57.31506681442261,"unknown",-50.95773649215698,-44.04295063018799,0.0,6.753095865249634,18.236701011657715,33.99867010116577,53.639145612716675,60.48369383811951,218.40345788002014,223.73866248130798,"unknown",230.80726027488708,232.90343403816223,"unknown","","unknown","unknown","unknown","","unknown","","unknown","unknown",239.2126703262329,"unknown","unknown",250.56261324882507,"",""
"a975113",-202.84748148918152,"unknown",-195.8564612865448,-190.4665629863739,0.0,6.4907050132751465,79.10215926170349,86.01465463638306,105.15312647819519,112.1076934337616,127.14247417449951,133.29458045959473,"unknown",140.08769488334656,144.2183322906494,"unknown","","unknown","unknown","unknown","","unknown","","unknown","unknown",151.49145436286926,"unknown","unknown",156.88789105415344,"",""
"59c79dc",-32887.71757388115,"unknown",-32881.76532173157,-32875.67259120941,0.0,5.5049943923950195,14.378541946411133,22.41504406929016,53.3451464176178,59.817888498306274,123.61406946182251,"unknown",130.42987847328186,137.39047288894653,140.00003695487976,"unknown","","unknown","unknown","unknown","","unknown","","unknown","unknown",145.54833960533142,"unknown","unknown",151.62095737457275,"",""
"dee5269",-174.01842188835144,"unknown",-166.93750643730164,-160.94220685958862,0.0,7.1192357540130615,13.401251554489136,20.236307382583618,48.454578161239624,53.89235472679138,81.92812442779541,"unknown",89.27497339248657,95.00720620155334,96.87237930297852,"unknown","","unknown","unknown","unknown","","unknown","","unknown","unknown",103.23493242263794,"unknown","unknown",109.46307587623596,"",""
"844fef2",-5059.493923425674,"unknown",-5053.015540122986,-5046.017371892929,0.0,5.695597171783447,23.45064425468445,32.27779769897461,46.722100496292114,52.75944995880127,80.47310590744019,"unknown",86.7641954421997,93.78026485443115,96.08413910865784,"unknown","","unknown","unknown","unknown","","unknown","","unknown","unknown",102.82025122642517,"unknown","unknown",108.31094908714294,"",""
"ef7d623","","","","","","","","","","","","","","","","","","","","","","","","","","","","","","",""
"a54cf83","","","","","","","","","","","","","","","","","","","","","","","","","","","","","","",""
"e98cdcd",-21964.77108001709,"unknown",-21957.59313583374,-21951.46261024475,0.0,7.015048980712891,15.864753246307373,24.145227193832397,38.60318398475647,45.52768349647522,55.664021253585815,61.663955211639404,"unknown",67.18759512901306,69.3595781326294,"unknown","","unknown","unknown","unknown","","unknown","","unknown","unknown",75.48826861381531,"unknown","unknown",82.32855176925659,"",""
"a3ff1ab",-91336.19487667084,"unknown",-91330.02243995667,-91324.17410349846,0.0,6.01991605758667,8.920775651931763,15.463788032531738,43.12699222564697,48.631001472473145,175516.23955988884,"unknown",175522.5117738247,175529.29915499687,175533.5667564869,"unknown","","unknown","unknown","unknown","","unknown","","unknown","unknown",175538.98307013512,"unknown","unknown",175545.8273921013,"",""
"33bcee6",-128823.24426579475,"unknown",-128816.19132399559,-128809.11574459076,0.0,5.876681327819824,10.379112958908081,18.30155301094055,63.37959432601929,70.70080351829529,78.83595585823059,85.82841372489929,"unknown",91.82806539535522,94.77235293388367,"unknown","","unknown","unknown","unknown","","unknown","","unknown","unknown",101.42723321914673,"unknown","unknown",107.63991618156433,"",""
"c494a29",-50627.26664686203,"unknown",-50620.28790307045,-50613.944311380386,0.0,7.014186143875122,9.479556560516357,17.438511610031128,38.599305629730225,44.11262273788452,76.79857063293457,"unknown",83.33312177658081,90.4148120880127,94.70880556106567,101.33983492851257,107.85684084892273,"unknown",113.75026416778564,119.44682741165161,121.05114459991455,"unknown","","unknown","unknown","unknown",126.48333096504211,"unknown",132.69922924041748,"",""
"aa68b7a",-24141.070605516434,"unknown",-24134.267350673676,-24128.205225229263,0.0,6.687304496765137,21.186536073684692,29.18857455253601,60.43316197395325,66.23597955703735,110.06078100204468,"unknown",116.05879735946655,122.53170347213745,126.43651723861694,"unknown","","unknown","unknown","unknown","","unknown","","unknown","unknown",133.2866542339325,"unknown","unknown",138.80201625823975,"",""
"92db041",-811955.8666579723,"unknown",-811949.9403896332,-811944.2139792442,0.0,7.373354196548462,11.223695039749146,19.18960976600647,38.89808797836304,44.826340436935425,84.28052759170532,89.52024579048157,"unknown",96.40803050994873,98.26716303825378,"unknown","","unknown","unknown","unknown","","unknown","","unknown","unknown",105.41172432899475,"unknown","unknown",111.69928669929504,"",""
"b921637",-22.88016676902771,"unknown",-16.39964199066162,-10.650509595870972,0.0,5.45906138420105,42091.844076156616,42098.97889375687,42121.74768257141,42128.14748048782,42145.11910247803,42151.39096856117,"unknown",42156.9933950901,42159.62707853317,"unknown","","unknown","unknown","unknown","","unknown","","unknown","unknown",42166.6274895668,"unknown","unknown",42172.96240186691,"",""
"0fa3c49","","","","","","","","","","","","","","","","","","","","","","","","","","","","","","",""
"cb28371",-1861.728196144104,"unknown",-1855.3980021476746,-1848.6911251544952,0.0,7.21670389175415,27.71287512779236,35.57728052139282,95.19738674163818,101.08105659484863,142.7063410282135,149.3036823272705,"unknown",154.6235990524292,158.78429913520813,"unknown","","unknown","unknown","unknown","","unknown","","unknown","unknown",165.96818614006042,"unknown","unknown",171.61771249771118,"",""
"a664235","","","","","","","","","","","","","","","","","","","","","","","","","","","","","","",""
"81f41fd",-60.228323221206665,"unknown",-54.114667892456055,-47.295156955718994,0.0,13.427244186401367,20.88830327987671,36.14948797225952,77.46909499168396,91.82780861854553,120.81359910964966,126.8581862449646,"unknown",132.449688911438,134.53056478500366,"unknown","","unknown","unknown","unknown","","unknown","","unknown","unknown",140.40512323379517,"unknown","unknown",147.45904302597046,"",""
"f38953f",-414766.83274793625,"unknown",-414760.6635158062,-414755.4034547806,0.0,6.466885328292847,12.116482496261597,20.125829458236694,24.783518075942993,30.944873094558716,49.76311421394348,56.73306941986084,"unknown",61.98663258552551,63.126649618148804,"unknown","","unknown","unknown","unknown","","unknown","","unknown","unknown",69.75463795661926,"unknown","unknown",75.59826254844666,"",""
"6801018",-3764.4910051822662,"unknown",-3758.896735191345,-3752.340837955475,0.0,5.94481086730957,48.004281520843506,55.79274129867554,73.14924478530884,79.67850399017334,97.096435546875,"unknown",104.15853548049927,110.3747889995575,112.57045269012451,"unknown","","unknown","unknown","unknown","","unknown","","unknown","unknown",119.7242579460144,"unknown","unknown",126.17605495452881,"",""
"ac3a94c",-5952.370441198349,"unknown",-5947.04204750061,-5940.994752168655,0.0,6.859908103942871,8.44688367843628,16.95958662033081,53.095890283584595,59.38062357902527,78.72216296195984,84.64033341407776,"unknown",91.59001636505127,94.70267701148987,"unknown","","unknown","unknown","unknown","","unknown","","unknown","unknown",101.91985416412354,"unknown","unknown",107.4790952205658,"",""
"eccfff0","","","","","","","","","","","","","","","","","","","","","","","","","","","","","","",""
"49f21e0","","","","","","","","","","","","","","","","","","","","","","","","","","","","","","",""
"02ed09a","","","","","","","","","","","","","","","","","","","","","","","","","","","","","","",""
"37b9a9f",-697.8004703521729,"unknown",-692.3122644424438,-686.5819325447083,0.0,7.516724109649658,9.707473993301392,17.73089599609375,28.092466354370117,34.95829749107361,77.08275151252747,84.11788034439087,"unknown",91.33374428749084,92.90570282936096,"unknown","","unknown","unknown","unknown","","unknown","","unknown","unknown",98.46377944946289,"unknown","unknown",104.67722940444946,"",""
"3c0c7c1",-318509.80052113533,"unknown",-318504.04964494705,-318496.865473032,0.0,5.390275239944458,17.211769580841064,24.90264868736267,51.6882107257843,57.790635108947754,71.92471671104431,"unknown",77.54507946968079,83.07624220848083,85.71721458435059,"unknown","","unknown","unknown","unknown","","unknown","","unknown","unknown",92.89252948760986,"unknown","unknown",99.13814640045166,"",""
"89f6d9e",-34147.86096692085,"unknown",-34141.65983390808,-34134.546571969986,0.0,5.612433910369873,15.066874504089355,23.821277856826782,53.92972135543823,61.24261450767517,80.73719787597656,86.18075799942017,"unknown",91.66338920593262,94.57781600952148,"unknown","","unknown","unknown","unknown","","unknown","","unknown","unknown",100.55803108215332,"unknown","unknown",107.13608860969543,"",""
"39dc9b8",-655219.2164931297,"unknown",-655212.9392392635,-655206.0442595482,0.0,5.778804779052734,15.764883041381836,24.706408739089966,55.408303022384644,61.60906672477722,135.0816192626953,142.38830518722534,"unknown",149.62299752235413,151.87824058532715,"unknown","","unknown","unknown","unknown","","unknown","","unknown","unknown",158.20715808868408,"unknown","unknown",165.0562219619751,"",""
"56bae3a",-383042.69935822487,"unknown",-383037.16239738464,-383030.11087584496,0.0,6.895898818969727,9.601132869720459,17.003440856933594,33.260069370269775,39.96799111366272,65.47022724151611,72.17954206466675,"unknown",77.76856899261475,80.76867127418518,"unknown","","unknown","unknown","unknown","","unknown","","unknown","unknown",87.23921704292297,"unknown","unknown",94.12514543533325,"",-130252.62237071991
"28ec805",-43591.02439570427,"unknown",-43584.59439086914,-43577.60694360733,0.0,5.873786926269531,19.547958374023438,26.488709449768066,64.90841817855835,71.23093819618225,90.12586855888367,96.64379119873047,"unknown",102.48662328720093,119.08912324905396,"unknown","","unknown","unknown","unknown","","unknown","","unknown","unknown",124.99049139022827,"unknown","unknown",130.91253662109375,"",""
"4c8a5bc",-540.6433520317078,"unknown",-533.5492405891418,-526.4520337581635,0.0,5.776667833328247,14.44718313217163,22.87908911705017,53.80627250671387,59.54061198234558,67.77327418327332,"unknown",74.2993106842041,80.11942291259766,82.61430406570435,"unknown","","unknown","unknown","unknown","","unknown","","unknown","unknown",89.18145298957825,"unknown","unknown",96.00727415084839,"",""
"48179d1","","","","","","","","","","","","","","","","","","","","","","","","","","","","","","",""
"e845b6b",-112733.99049782753,"unknown",-112727.89594244957,-112721.18146252632,0.0,6.391596555709839,9.529219627380371,17.8164165019989,90.97578358650208,98.09910917282104,115.78746676445007,122.5291039943695,"unknown",129.66038346290588,131.3721261024475,"unknown","","unknown","unknown","unknown","","unknown","","unknown","unknown",137.36181235313416,"unknown","unknown",142.83967351913452,"",""
"619e952",-4722.812707185745,"unknown",-4716.104402303696,-4710.0566918849945,0.0,6.046479940414429,12.628619909286499,20.68721294403076,46.02492713928223,52.736905097961426,64.904700756073,70.32539081573486,"unknown",76.73538947105408,79.76902532577515,"unknown","","unknown","unknown","unknown","","unknown","","unknown","unknown",86.95691990852356,"unknown","unknown",92.86866974830627,"",""
"0fd9ca7","","","","","","","","","","","","","","","","","","","","","","","","","","","","","","",""
"ff125d4","","","","","","","","","","","","","","","","","","","","","","","","","","","","","","",""
"0dc7823","","","","","","","","","","","","","","","","","","","","","","","","","","","","","","",""
"64155b9",-596818.9504415989,"unknown",-596812.7475821972,-596805.4840521812,0.0,5.994932174682617,11.432685852050781,19.541701078414917,35.46586465835571,42.70578384399414,48.8051643371582,54.44025254249573,"unknown",61.56643080711365,63.45606350898743,"unknown","","unknown","unknown","unknown","","unknown","","unknown","unknown",69.58942103385925,"unknown","unknown",76.53322672843933,"",""
"9cfbb83",-8096.329810857773,"unknown",-8090.639332294464,-8083.7435982227325,0.0,5.788772344589233,340.6434864997864,348.55143785476685,367.7716097831726,373.87653613090515,381.42869901657104,387.19319462776184,"unknown",392.8837149143219,399.7097430229187,"unknown","","unknown","unknown","unknown","","unknown","","unknown","unknown",407.07140278816223,"unknown","unknown",412.88083243370056,"",""
"f6ffd76","","","","","","","","","","","","","","","","","","","","","","","","","","","","","","",""
"57b0697",-170694.5966682434,"unknown",-170687.4811835289,-170680.62873888016,0.0,7.195388317108154,14.516976833343506,22.548489093780518,126.33655858039856,133.5898039340973,142.7227020263672,150.01034927368164,"unknown",155.7784993648529,157.3914189338684,"unknown","","unknown","unknown","unknown","","unknown","","unknown","unknown",163.10507941246033,"unknown","unknown",169.20570874214172,"",""
"1c202a8","","","","","","","","","","","","","","","","","","","","","","","","","","","","","","",""
"3e625ac","","","","","","","","","","","","","","","","","","","","","","","","","","","","","","",""
"6b36bf5",-49987.95404744148,"unknown",-49981.353845119476,-49975.16727924347,0.0,5.717533588409424,65.46122002601624,74.49382400512695,105.95663905143738,111.70852375030518,119.16668558120728,"unknown",125.14656233787537,130.43537878990173,209.0126326084137,"unknown","","unknown","unknown","unknown","","unknown","","unknown","unknown",214.69800543785095,"unknown","unknown",221.30572390556335,"",""
"99775ba",-182.38434314727783,"unknown",-176.18201684951782,-169.57434678077698,0.0,6.529863595962524,20.358278274536133,27.325563430786133,43.04836630821228,48.51449728012085,71.17532920837402,"unknown",77.66153955459595,83.56887125968933,112.1962161064148,"unknown","","unknown","unknown","unknown","","unknown","","unknown","unknown",118.84007954597473,"unknown","unknown",125.9402756690979,"",""
"152aa4d",-5112.167020320892,"unknown",-5106.6687660217285,-5100.163984775543,0.0,5.726487636566162,15.778686761856079,24.57348942756653,69.71104431152344,75.85922980308533,82.91541075706482,"unknown",88.51900124549866,95.326824426651,97.7238450050354,"unknown","","unknown","unknown","unknown","","unknown","","unknown","unknown",103.27024149894714,"unknown","unknown",109.40909481048584,"",""
"ced331f","","","","","","","","","","","","","","","","","","","","","","","","","","","","","","",""
"1d235c1",-3930.3028099536896,"unknown",-3923.208887577057,-3916.814212322235,0.0,6.0634331703186035,10.43650507926941,18.18417763710022,94.47180104255676,101.47452664375305,116.40746068954468,122.8804841041565,"unknown",129.5204577445984,140.67407393455505,"unknown","","unknown","unknown","unknown","","unknown","","unknown","unknown",146.16101837158203,"unknown","unknown",152.12424230575562,"",""
"e6de912",-2562.7553684711456,"unknown",-2556.066968202591,-2549.791698694229,0.0,6.286298751831055,12.080920219421387,19.86100482940674,59.7728807926178,66.15339279174805,97.85294675827026,"unknown",104.59567952156067,110.0819480419159,112.89786195755005,"unknown","","unknown","unknown","unknown","","unknown","","unknown","unknown",118.47274136543274,"unknown","unknown",125.36674380302429,"",""
"76bbc0d",-8301510.338756323,"unknown",-8301502.748609066,-8301494.822327852,0.0,5.406529426574707,13.25765585899353,21.174508571624756,39.68640947341919,46.380539417266846,62.83564496040344,"unknown",69.74318957328796,75.98535633087158,78.2493941783905,"unknown","","unknown","unknown","unknown","","unknown","","unknown","unknown",83.68754863739014,"unknown","unknown",89.08567905426025,"",""
"36b4ec5",-11522.611787557602,"unknown",-11515.488348007202,-11509.492699623108,0.0,6.231232404708862,106042.30584001541,106050.48880934715,106058.56861329079,106064.05947709084,106074.48719072342,"unknown",106080.84885001183,106087.18825387955,106088.80340480804,"unknown","","unknown","unknown","unknown","","unknown","","unknown","unknown",106095.17310333252,"unknown","unknown",106103.12355089188,"",""
"7de2a3d",-2057.4561228752136,"unknown",-2051.565747022629,-2045.847116947174,0.0,6.428418397903442,939.411957025528,947.6565496921539,957.2408125400543,963.5526161193848,257424.67821907997,257431.9036579132,"unknown",257437.31893992424,257438.88312792778,"unknown","","unknown","unknown","unknown","","unknown","","unknown","unknown",257444.56984114647,"unknown","unknown",257451.787671566,"",""
"dbe3880","","","","","","","","","","","","","","","","","","","","","","","","","","","","","","",""
"877fb69",-9883.920646905899,"unknown",-9878.252120256424,-9870.902086019516,0.0,5.918620347976685,41.50818419456482,49.57286286354065,56.53822875022888,63.42889761924744,69.6410710811615,76.62195444107056,"unknown",83.47118830680847,84.79702687263489,"unknown","","unknown","unknown","unknown","","unknown","","unknown","unknown",90.96352672576904,"unknown","unknown",98.10439729690552,"",""
"c17e360","","","","","","","","","","","","","","","","","","","","","","","","","","","","","","",""
"51be121",-4567.382657289505,"unknown",-4561.761075258255,-4554.6357164382935,0.0,6.4691925048828125,13.742465257644653,21.226759672164917,37.229220390319824,44.23988366127014,55.97385811805725,"unknown",63.072083473205566,69.29857611656189,71.89784216880798,"unknown","","unknown","unknown","unknown","","unknown","","unknown","unknown",79.0103907585144,"unknown","unknown",84.96858739852905,"",""
"e9e1409",-147524.61651086807,"unknown",-147518.18830776215,-147511.00362610817,0.0,6.464743137359619,19.51193404197693,28.379915714263916,51.11860013008118,56.980363607406616,73.29488635063171,79.48195338249207,"unknown",85.41468286514282,87.44370174407959,"unknown","","unknown","unknown","unknown","","unknown","","unknown","unknown",94.43529009819031,"unknown","unknown",99.94397211074829,"",""
"051761f",-6414.582992076874,"unknown",-6409.049069404602,-6403.3282198905945,0.0,6.539481163024902,14.244720935821533,23.82302188873291,51.48384094238281,58.26292872428894,67.96598315238953,73.82274794578552,"unknown",80.80568790435791,82.80321502685547,"unknown","","unknown","unknown","unknown","","unknown","","unknown","unknown",88.63752174377441,"unknown","unknown",94.2661361694336,"",""
"1c627cb",-81020.05266213417,"unknown",-81013.61901688576,-81006.62801837921,0.0,6.475932836532593,12.266435146331787,19.887726068496704,49.33632946014404,56.24040985107422,82.37239599227905,89.12937021255493,"unknown",94.82293748855591,96.67640471458435,"unknown","","unknown","unknown","unknown","","unknown","","unknown","unknown",101.98566675186157,"unknown","unknown",108.99972939491272,"",""
"5177026",-487044.17885661125,"unknown",-487037.64429807663,-487031.8915014267,0.0,6.299355983734131,18.350623607635498,25.210328340530396,27.055468797683716,32.799832344055176,53.565823554992676,"unknown",59.3939905166626,65.18106198310852,69.25216841697693,"unknown","","unknown","unknown","unknown","","unknown","","unknown","unknown",75.47728276252747,"unknown","unknown",81.95462799072266,"",""
"db0051d","","","","","","","","","","","","","","","","","","","","","","","","","","","","","","",""
"9e9a81e","","","","","","","","","","","","","","","","","","","","","","","","","","","","","","",""
"6289e6c",-1868.1382629871368,"unknown",-1862.497150182724,-1855.4919338226318,0.0,6.3687217235565186,27.996946334838867,35.38760495185852,55.14289951324463,62.10046601295471,68.51276302337646,74.64858222007751,"unknown",81.85838150978088,89.46823143959045,"unknown","","unknown","unknown","unknown","","unknown","","unknown","unknown",95.5499656200409,"unknown","unknown",101.7651777267456,"",""
"a9b4533","","","","","","","","","","","","","","","","","","","","","","","","","","","","","","",""
"1db8420","","","","","","","","","","","","","","","","","","","","","","","","","","","","","","",""
"8a1ecd0",-912137.9820036888,"unknown",-912131.7527480125,-912125.9920578003,0.0,7.11713433265686,27.706374406814575,35.193604946136475,70.39418935775757,76.3978898525238,84.4444432258606,90.51591372489929,"unknown",97.24455738067627,101.24418687820435,"unknown","","unknown","unknown","unknown","","unknown","","unknown","unknown",108.15188884735107,"unknown","unknown",113.71876430511475,"",""
"8fd863f",-20303.486410856247,"unknown",-20297.96048307419,-20291.294872760773,0.0,7.0936644077301025,9.791971683502197,18.15058135986328,34.09173655509949,39.539796113967896,50.488744020462036,57.38907861709595,"unknown",63.9147424697876,64.98145294189453,"unknown","","unknown","unknown","unknown","","unknown","","unknown","unknown",71.14639401435852,"unknown","unknown",77.32165288925171,"",""
"644830a","","","","","","","","","","","","","","","","","","","","","","","","","","","","","","",""
"5dbecee",-90.63238430023193,"unknown",-85.09219694137573,-77.94728112220764,0.0,5.544198751449585,7.602757453918457,14.913812398910522,33.837703466415405,40.72962713241577,46.77116417884827,52.47708201408386,"unknown",58.68885135650635,60.03089666366577,"unknown","","unknown","unknown","unknown","","unknown","","unknown","unknown",66.4159824848175,"unknown","unknown",72.35431051254272,"",""
"86c5f35",-27785.530878067017,"unknown",-27778.839611768723,-27771.62373328209,0.0,7.247083902359009,17.769144773483276,25.844977617263794,55.94387888908386,62.68088889122009,96.1928243637085,103.29461622238159,"unknown",110.08127450942993,111.84978818893433,"unknown","","unknown","unknown","unknown","","unknown","","unknown","unknown",118.56850409507751,"unknown","unknown",125.77500820159912,"",""
"4c072d3",-9356.91903090477,"unknown",-9349.781745910645,-9343.71828341484,0.0,6.37027907371521,37.69887948036194,50.492934465408325,76.35145854949951,83.11110091209412,98.94482517242432,104.77579665184021,"unknown",111.09512376785278,113.93115043640137,"unknown","","unknown","unknown","unknown","","unknown","","unknown","unknown",120.29334545135498,"unknown","unknown",126.34550642967224,"",""
"89bbcd3",-593.4106721878052,"unknown",-586.611964225769,-581.005277633667,0.0,6.543452024459839,21.367544174194336,30.808224201202393,57.417054176330566,63.572367906570435,67.9364960193634,"unknown",74.4208312034607,81.0184268951416,83.04161715507507,"unknown","","unknown","unknown","unknown","","unknown","","unknown","unknown",89.14892554283142,"unknown","unknown",96.36461138725281,"",""
"aa9ac00","","","","","","","","","","","","","","","","","","","","","","","","","","","","","","",""
"9a1b5fa",-13583.860496044159,"unknown",-13578.218300580978,-13571.165914058685,0.0,5.422401666641235,10.012496948242188,18.64439868927002,30.504902124404907,37.21111011505127,84.88553428649902,90.83944320678711,"unknown",97.19350051879883,99.1910662651062,"unknown","","unknown","unknown","unknown","","unknown","","unknown","unknown",105.30957889556885,"unknown","unknown",111.24586129188538,"",""
"d003724",-21678.01619029045,"unknown",-21672.79442000389,-21666.79108762741,0.0,7.26367712020874,12.002642393112183,20.124717235565186,70.87976050376892,77.07480311393738,90.57253408432007,97.78517889976501,"unknown",104.69458436965942,106.42658543586731,"unknown","","unknown","unknown","unknown","","unknown","","unknown","unknown",112.9136860370636,"unknown","unknown",118.41827249526978,"",""
"3a03bea","","","","","","","","","","","","","","","","","","","","","","","","","","","","","","",""
"e427669","","","","","","","","","","","","","","","","","","","","","","","","","","","","","","",""
"12dfda3","","","","","","","","","","","","","","","","","","","","","","","","","","","","","","",""
"3226bb3",-23067.691112995148,"unknown",-23060.42706131935,-23053.539481401443,0.0,6.390625953674316,34.4097626209259,41.389928102493286,63.40034103393555,68.93823599815369,86.9254195690155,93.9637041091919,"unknown",99.57153248786926,102.41054797172546,"unknown","","unknown","unknown","unknown","","unknown","","unknown","unknown",107.92685198783875,"unknown","unknown",113.57655024528503,"",""
"9f4d288",-1535.0765035152435,"unknown",-1529.4899230003357,-1523.451934337616,0.0,7.325241565704346,11.72709321975708,18.852887392044067,43.15237784385681,48.8786187171936,74.9079897403717,81.77023959159851,"unknown",87.09798574447632,88.91776490211487,"unknown","","unknown","unknown","unknown","","unknown","","unknown","unknown",94.71919870376587,"unknown","unknown",101.70815968513489,"",""
"35adcf1","","","","","","","","","","","","","","","","","","","","","","","","","","","","","","",""
"b2621a2","unknown","unknown","unknown","unknown",0.0,"unknown",15.62946629524231,"unknown",42.23625040054321,"unknown",80.17187237739563,"unknown","unknown","unknown",94.36008048057556,"unknown","","unknown","unknown","unknown","","unknown","","unknown","unknown","unknown","unknown","unknown","unknown","",""
"6099d06",-1353.0138621330261,"unknown",-1347.8267817497253,-1341.5601434707642,0.0,7.092898607254028,15.481879234313965,22.955169677734375,42.97801184654236,49.07289791107178,78.3574743270874,"unknown",84.47105526924133,91.20851349830627,93.45874071121216,"unknown","","unknown","unknown","unknown","","unknown","","unknown","unknown",99.50183176994324,"unknown","unknown",105.89605498313904,"",""
"d91bf84","unknown","unknown","unknown","unknown",0.0,"unknown",7.925020456314087,"unknown",29.77145481109619,"unknown",40.107646465301514,"unknown","unknown","unknown",60.444902181625366,"unknown","","unknown","unknown","unknown","","unknown","","unknown","unknown","unknown","unknown","unknown","unknown","",""
"c3db77a",-55504.72018623352,"unknown",-55497.87427997589,-55490.80852985382,0.0,6.64227819442749,14.92336106300354,22.453510284423828,42.036675691604614,49.24249339103699,55.18639850616455,"unknown",61.67401957511902,68.46656107902527,70.75697541236877,"unknown","","unknown","unknown","unknown","","unknown","","unknown","unknown",77.7297089099884,"unknown","unknown",83.84072947502136,"",""
"db7d9c3","unknown","unknown","unknown","unknown",0.0,"unknown",13.141303777694702,"unknown",57.77048397064209,"unknown",67.32198977470398,"unknown","unknown","unknown",82.04983448982239,"unknown","","unknown","unknown","unknown","","unknown","","unknown","unknown","unknown","unknown","unknown","unknown","",""
"7d9c3_1","unknown","unknown","unknown","unknown",0.0,"unknown",13.141303777694702,"unknown",57.77048397064209,"unknown",67.32198977470398,"unknown","unknown","unknown",82.04983448982239,"unknown","","unknown","unknown","unknown","","unknown","","unknown","unknown","unknown","unknown","unknown","unknown","",""
"804c32f",-2285.367354154587,"unknown",-2279.917879343033,-2273.1633915901184,0.0,6.982333660125732,9.063830375671387,17.545472145080566,139.61836290359497,145.3917133808136,152.39294600486755,"unknown",159.3673436641693,165.6055142879486,167.42965960502625,"unknown","","unknown","unknown","unknown","","unknown","","unknown","unknown",174.45744156837463,"unknown","unknown",181.10162687301636,"",""
