"","1","recurso","1b","2","cont","3","cont_1","4","dilema","5","x_1","6A","6B","7","v_x_1","8","x_2","9A","9B","10","v_x_2","11","x_3","12A","12B","13_1","13_2","13_3","15","2_1","5_1"
"518e9b8",-10632.234997987747,"unknown",-10625.060368299484,-10618.244728326797,0.0,5.511894226074219,12.785914659500122,19.143924951553345,36.086747884750366,41.6507453918457,74.34238839149475,"unknown",79.86559820175171,86.1082513332367,89.05382466316223,"unknown","","unknown","unknown","unknown","","unknown","","unknown","unknown",95.7426028251648,"unknown","unknown",101.52501726150513,"",""
"b5edd3c","unknown","unknown","unknown","unknown",0.0,"unknown",11.782706260681152,"unknown",37.46333456039429,"unknown",62.68726825714111,"unknown","unknown","unknown",80.54045343399048,"unknown","","unknown","unknown","unknown","","unknown","","unknown","unknown","unknown","unknown","unknown","unknown","",""
"374ecf8",-1439.9894371032715,"unknown",-1434.377599954605,-1427.6487798690796,0.0,6.239893198013306,13.122961521148682,18.685737133026123,41.697848320007324,48.02903914451599,74.99793910980225,"unknown",82.08594393730164,88.75280594825745,91.05882596969604,"unknown","","unknown","unknown","unknown","","unknown","","unknown","unknown",96.26547431945801,"unknown","unknown",103.34673357009888,"",""
"89f120b","","","","","","","","","","","","","","","","","","","","","","","","","","","","","","",""
"1883ca0","unknown","unknown","unknown","unknown",0.0,"unknown",8.522380828857422,"unknown",23.682398796081543,"unknown",64.23423171043396,"unknown","unknown","unknown",81.79693222045898,"unknown","","unknown","unknown","unknown","","unknown","","unknown","unknown","unknown","unknown","unknown","unknown","",""
"8d2da97",-847.3649353981018,"unknown",-841.0075814723969,-835.0136566162109,0.0,5.826333999633789,10.711910724639893,16.7981173992157,28.348456382751465,34.1927125453949,50.01529669761658,"unknown",57.2492835521698,63.80929660797119,66.27355098724365,"unknown","","unknown","unknown","unknown","","unknown","","unknown","unknown",71.83219623565674,"unknown","unknown",77.71125984191895,"",""
"2541155","unknown","unknown","unknown","unknown",0.0,"unknown",8.939310312271118,"unknown",26.898674249649048,"unknown",45.11360836029053,"unknown","unknown","unknown",61.153833866119385,"unknown","","unknown","unknown","unknown","","unknown","","unknown","unknown","unknown","unknown","unknown","unknown","",""
"ac6f3f6","unknown","unknown","unknown","unknown",0.0,"unknown",8.938098907470703,"unknown",36.30480718612671,"unknown",59.72943711280823,"unknown","unknown","unknown",73.31203532218933,"unknown","","unknown","unknown","unknown","","unknown","","unknown","unknown","unknown","unknown","unknown","unknown","",""
"62447b9",-574476.5000503063,"unknown",-574469.690580368,-574462.7786715031,0.0,6.736747741699219,11.754276752471924,18.690547227859497,90.51432061195374,96.22485899925232,150.77300810813904,"unknown",157.17722487449646,163.71575665473938,182.6018500328064,"unknown","","unknown","unknown","unknown","","unknown","","unknown","unknown",189.97880911827087,"unknown","unknown",196.61896681785583,"",""
"20f3e2e","unknown","unknown","unknown","unknown",0.0,"unknown",18.268261194229126,"unknown",114.42945265769958,"unknown",136.45257949829102,"unknown","unknown","unknown",149.31614685058594,"unknown","","unknown","unknown","unknown","","unknown","","unknown","unknown","unknown","unknown","unknown","unknown","",""
"4e53c5c","unknown","unknown","unknown","unknown",0.0,"unknown",17.057087659835815,"unknown",46.71416211128235,"unknown",76.7040696144104,"unknown","unknown","unknown",91.76818680763245,"unknown","","unknown","unknown","unknown","","unknown","","unknown","unknown","unknown","unknown","unknown","unknown","",""
"ac6ecda","","","","","","","","","","","","","","","","","","","","","","","","","","","","","","",""
"c899adb","unknown","unknown","unknown","unknown",0.0,"unknown",75.52635884284973,"unknown",159.63202810287476,"unknown",197.9666633605957,"unknown","unknown","unknown",212.67512440681458,"unknown","","unknown","unknown","unknown","","unknown","","unknown","unknown","unknown","unknown","unknown","unknown","",""
"b8ec123","","","","","","","","","","","","","","","","","","","","","","","","","","","","","","",""
"07b298c","","","","","","","","","","","","","","","","","","","","","","","","","","","","","","",""
"49db8c4","unknown","unknown","unknown","unknown",0.0,"unknown",14.774953842163086,"unknown",62.896106243133545,"unknown",93.09299063682556,"unknown","unknown","unknown",108.59167265892029,"unknown","","unknown","unknown","unknown","","unknown","","unknown","unknown","unknown","unknown","unknown","unknown","",""
"ea8c0d6","unknown","unknown","unknown","unknown",0.0,"unknown",9.923884391784668,"unknown",63.578391790390015,"unknown",91.35690355300903,"unknown","unknown","unknown",163.07370138168335,"unknown","","unknown","unknown","unknown","","unknown","","unknown","unknown","unknown","unknown","unknown","unknown","",""
"7cf831f","unknown","unknown","unknown","unknown",0.0,"unknown",22.945087671279907,"unknown",109.03466463088989,"unknown",139.28687381744385,"unknown","unknown","unknown",157.32992935180664,"unknown","","unknown","unknown","unknown","","unknown","","unknown","unknown","unknown","unknown","unknown","unknown","",""
"41f497c","","","","","","","","","","","","","","","","","","","","","","","","","","","","","","",""
"f496964","","","","","","","","","","","","","","","","","","","","","","","","","","","","","","",""
"68c3192","","","","","","","","","","","","","","","","","","","","","","","","","","","","","","",""
"eb77de6",-1331036.7391753197,"unknown",-1331030.3563489914,-1331023.387847662,0.0,6.2280113697052,18.57659363746643,25.929442167282104,50.83663249015808,57.1822144985199,1559.0514504909515,"unknown",1565.9172849655151,1571.494374513626,1574.474752664566,"unknown","","unknown","unknown","unknown","","unknown","","unknown","unknown",1580.417290687561,"unknown","unknown",1586.607437133789,"",""
"8ce483d","unknown","unknown","unknown","unknown",0.0,"unknown",7.523758411407471,"unknown",23.655531883239746,"unknown",52.40463829040527,"unknown","unknown","unknown",75.34794235229492,"unknown","","unknown","unknown","unknown","","unknown","","unknown","unknown","unknown","unknown","unknown","unknown","",""
"79868cd","unknown","unknown","unknown","unknown",0.0,"unknown",63238.81855916977,"unknown",63259.63252186775,"unknown",63275.27760004997,"unknown","unknown","unknown",63289.551082611084,"unknown","","unknown","unknown","unknown","","unknown","","unknown","unknown","unknown","unknown","unknown","unknown","",""
"56ee475",-1796.599286556244,"unknown",-1791.2870576381683,-1784.5388417243958,0.0,6.850612640380859,10.576459884643555,17.57012176513672,394.3318009376526,400.21625995635986,514.8647105693817,520.754590511322,"unknown",527.8161416053772,529.6114590167999,"unknown","","unknown","unknown","unknown","","unknown","","unknown","unknown",535.2403724193573,"unknown","unknown",541.0233542919159,"",""
"916c172","unknown","unknown","unknown","unknown",0.0,"unknown",506.816956281662,"unknown",2211.8370912075043,"unknown",2838.3905930519104,"unknown","unknown","unknown",2873.202965259552,"unknown","","unknown","unknown","unknown","","unknown","","unknown","unknown","unknown","unknown","unknown","unknown","",""
"d9696dd",-201141.23558926582,"unknown",-201134.9984881878,-201128.83083081245,0.0,6.5844714641571045,61936.83017683029,61942.73059272766,61969.89158344269,61975.65836763382,61993.20764017105,"unknown",61999.918281793594,62005.40976476669,62008.32481837273,"unknown","","unknown","unknown","unknown","","unknown","","unknown","unknown",62013.70447802544,"unknown","unknown",62020.49247121811,"",""
"eff7ebe",-2774.950877904892,"unknown",-2768.2565405368805,-2761.975855112076,0.0,6.508250713348389,8.66702151298523,15.825863122940063,32.917646646499634,39.61479902267456,54.34193468093872,"unknown",61.6521942615509,68.71580100059509,134.75230312347412,"unknown","","unknown","unknown","unknown","","unknown","","unknown","unknown",141.56195616722107,"unknown","unknown",147.27050304412842,"",""
"5d4fcbe","unknown","unknown","unknown","unknown",0.0,"unknown",8.253731966018677,"unknown",36.447746992111206,"unknown",86.33966159820557,"unknown","unknown","unknown",102.07515406608582,"unknown","","unknown","unknown","unknown","","unknown","","unknown","unknown","unknown","unknown","unknown","unknown","",""
"170bd80",-690.8810768127441,"unknown",-684.9694290161133,-678.4620537757874,0.0,6.722526788711548,13.563400030136108,19.737975120544434,44.18428921699524,49.83988285064697,71.49552369117737,"unknown",78.21211576461792,84.16582226753235,88.61813521385193,"unknown","","unknown","unknown","unknown","","unknown","","unknown","unknown",94.26349997520447,"unknown","unknown",100.77556943893433,"",""
"7a54533","unknown","unknown","unknown","unknown",0.0,"unknown",11.72157907485962,"unknown",51.809136152267456,"unknown",68.49571394920349,"unknown","unknown","unknown",83.25336980819702,"unknown","","unknown","unknown","unknown","","unknown","","unknown","unknown","unknown","unknown","unknown","unknown","",""
"d874e84","","","","","","","","","","","","","","","","","","","","","","","","","","","","","","",""
"c28b1a9","","","","","","","","","","","","","","","","","","","","","","","","","","","","","","",""
"7384692",-806922.971991539,"unknown",-806915.8741714954,-806908.7066648006,0.0,5.453389644622803,19.499042987823486,25.772361516952515,45.44884133338928,51.77354574203491,86.01809740066528,"unknown",93.2971453666687,100.06319785118103,102.23503708839417,"unknown","","unknown","unknown","unknown","","unknown","","unknown","unknown",107.54475998878479,"unknown","unknown",112.8627655506134,"",""
"90ccafb",-1730261.6597192287,"unknown",-1730256.2014820576,-1730249.4823009968,0.0,7.228770971298218,171.20995712280273,177.06390023231506,192.86960101127625,199.01131653785706,214.87512302398682,"unknown",222.19385480880737,229.19406747817993,233.25718712806702,"unknown","","unknown","unknown","unknown","","unknown","","unknown","unknown",240.41860461235046,"unknown","unknown",245.91873955726624,"",""
"0327530",-40834.67159032822,"unknown",-40829.021060705185,-40822.403529405594,0.0,5.5362701416015625,12.251047372817993,17.884562492370605,44.238627433776855,51.66067147254944,86.84324312210083,"unknown",93.52531886100769,100.29752993583679,102.19739747047424,"unknown","","unknown","unknown","unknown","","unknown","","unknown","unknown",108.8366150856018,"unknown","unknown",115.14460706710815,"",""
"47dcadc",-14733.794962644577,"unknown",-14727.806322574615,-14722.623787403107,0.0,6.608088970184326,17.179001569747925,23.269976377487183,61.46749925613403,68.574147939682,155.29224061965942,"unknown",160.8088572025299,166.4055495262146,168.70129346847534,"unknown","","unknown","unknown","unknown","","unknown","","unknown","unknown",174.02399373054504,"unknown","unknown",179.84464359283447,"",""
"233ee90",-738066.5788929462,"unknown",-738059.8913228512,-738052.8038189411,0.0,6.387850522994995,9.475448608398438,15.127500772476196,36.40615439414978,42.16585826873779,76.65934538841248,"unknown",82.76891732215881,89.27122211456299,91.13838934898376,"unknown","","unknown","unknown","unknown","","unknown","","unknown","unknown",98.2568416595459,"unknown","unknown",104.77484154701233,"",""
"db844b1","","","","","","","","","","","","","","","","","","","","","","","","","","","","","","",""
"e4c0f9c","","","","","","","","","","","","","","","","","","","","","","","","","","","","","","",""
"fd01af9","","","","","","","","","","","","","","","","","","","","","","","","","","","","","","",""
"77a5d2f","","","","","","","","","","","","","","","","","","","","","","","","","","","","","","",""
"b92dee2","","","","","","","","","","","","","","","","","","","","","","","","","","","","","","",""
"50ec1c5",-1014.1087965965271,"unknown",-1007.4894714355469,-1000.2930819988251,0.0,7.163058757781982,33.93412446975708,40.39004468917847,85.42706370353699,92.14360427856445,145.89102935791016,152.6402771472931,"unknown",158.5643184185028,162.32668256759644,"unknown","","unknown","unknown","unknown","","unknown","","unknown","unknown",168.0729386806488,"unknown","unknown",173.75925970077515,"",""
"11892fd",-554432.1148767471,"unknown",-554426.3165709972,-554419.485421896,0.0,6.8524205684661865,12.90273404121399,18.232368230819702,42.90093111991882,50.07441830635071,78.88961958885193,"unknown",85.57710480690002,92.05394911766052,94.37296438217163,"unknown","","unknown","unknown","unknown","","unknown","","unknown","unknown",100.70844435691833,"unknown","unknown",107.75857520103455,"",""
"5ba2fe6","","","","","","","","","","","","","","","","","","","","","","","","","","","","","","",""
"c94e42e",-13109.580377817154,"unknown",-13103.25403547287,-13097.520299911499,0.0,5.971717596054077,11.9878408908844,18.56844186782837,34.83323311805725,41.49624156951904,113.25753855705261,118.59581708908081,"unknown",124.9715485572815,131.1442985534668,"unknown","","unknown","unknown","unknown","","unknown","","unknown","unknown",136.85971355438232,"unknown","unknown",143.58489894866943,"",""
"ee4b6cd",-1375.4907302856445,"unknown",-1369.7710196971893,-1364.374742269516,0.0,5.4523234367370605,10.66727352142334,15.967481136322021,43.16758465766907,50.14983320236206,64.04938840866089,"unknown",70.48814272880554,76.68896460533142,86.14122033119202,"unknown","","unknown","unknown","unknown","","unknown","","unknown","unknown",91.85463237762451,"unknown","unknown",98.46430349349976,"",""
"f2291ba",-465557.6618051529,"unknown",-465551.4214103222,-465544.4565393925,0.0,6.846799612045288,12.796139240264893,18.96706795692444,62.99390435218811,69.42896223068237,79.77128887176514,"unknown",85.89740467071533,92.6913275718689,96.45155048370361,"unknown","","unknown","unknown","unknown","","unknown","","unknown","unknown",103.61879539489746,"unknown","unknown",109.58993458747864,"",""
"fb6ca94",-841572.5423212051,"unknown",-841566.8119192123,-841560.9342489243,0.0,5.535962343215942,7.6726720333099365,14.017833948135376,50.609405755996704,56.97607398033142,84.64280676841736,90.6988172531128,"unknown",97.77664184570312,100.65378069877625,"unknown","","unknown","unknown","unknown","","unknown","","unknown","unknown",107.78546261787415,"unknown","unknown",113.46345949172974,"",""
"516417f",-166982.27025413513,"unknown",-166975.25074219704,-166967.9939415455,0.0,7.0513715744018555,16.723823308944702,21.93069076538086,55.447112798690796,60.7769730091095,121.35481691360474,"unknown",128.28877687454224,133.5329990386963,136.36439514160156,"unknown","","unknown","unknown","unknown","","unknown","","unknown","unknown",143.17540383338928,"unknown","unknown",150.10786867141724,-62233.7312579155,""
"7a0eabe",-3598.573830127716,"unknown",-3591.5104126930237,-3584.2362854480743,0.0,5.6761298179626465,12.937615633010864,19.010921955108643,49.48327422142029,55.63169598579407,80.98493432998657,86.77143931388855,"unknown",93.77953100204468,95.77038860321045,"unknown","","unknown","unknown","unknown","","unknown","","unknown","unknown",102.77493619918823,"unknown","unknown",108.99815583229065,"",""
"7b65802","","","","","","","","","","","","","","","","","","","","","","","","","","","","","","",""
"5e09b84","","","","","","","","","","","","","","","","","","","","","","","","","","","","","","",""
"7da3821","","","","","","","","","","","","","","","","","","","","","","","","","","","","","","",""
"2f5762a",-59149.36450767517,"unknown",-59142.661722660065,-59136.11975288391,0.0,6.569275140762329,11.748424768447876,18.597266674041748,35.557796478271484,42.18894982337952,53.856353998184204,"unknown",59.997638463974,66.57661890983582,69.1090497970581,"unknown","","unknown","unknown","unknown","","unknown","","unknown","unknown",75.56623816490173,"unknown","unknown",81.05663895606995,"",""
"50a0fdd",-2540.6378269195557,"unknown",-2534.0573127269745,-2527.048262357712,0.0,5.592298746109009,11.428229093551636,17.70880627632141,43.67189025878906,49.76619505882263,62.21970510482788,"unknown",69.19523406028748,74.9939374923706,77.91168904304504,"unknown","","unknown","unknown","unknown","","unknown","","unknown","unknown",84.84545993804932,"unknown","unknown",91.24758768081665,"",""
"b7cec81",-54900.775891542435,"unknown",-54895.30992650986,-54889.741485118866,0.0,6.303991794586182,10.662362337112427,16.79204559326172,32.89963626861572,39.17238974571228,73.86673426628113,"unknown",79.28600931167603,84.63967895507812,86.88551783561707,"unknown","","unknown","unknown","unknown","","unknown","","unknown","unknown",93.03328585624695,"unknown","unknown",100.18074774742126,"",""
"bf983ba",-288.3363769054413,"unknown",-282.9967370033264,-275.8830132484436,0.0,5.290108680725098,6.9645140171051025,13.249322891235352,24.07969903945923,31.103217840194702,45.35337853431702,"unknown",51.69885802268982,58.11638331413269,60.13335156440735,67.28622579574585,70.11976861953735,76.40875267982483,"unknown",82.63888669013977,84.77177429199219,"unknown","","unknown","unknown","unknown",90.8988938331604,"unknown",97.80511617660522,"",""
"b53b559",-469063.32948613167,"unknown",-469057.0601270199,-469051.116109848,0.0,6.5910727977752686,17.974379301071167,25.132331371307373,73.06750750541687,78.79849147796631,117.16055345535278,"unknown",123.08295917510986,128.6621470451355,132.1983814239502,"unknown","","unknown","unknown","unknown","","unknown","","unknown","unknown",138.98151803016663,"unknown","unknown",145.19691443443298,"",""
"4a92bfd","","","","","","","","","","","","","","","","","","","","","","","","","","","","","","",""
"90434eb","","","","","","","","","","","","","","","","","","","","","","","","","","","","","","",""
"37674f9","","","","","","","","","","","","","","","","","","","","","","","","","","","","","","",""
"0dc300b","","","","","","","","","","","","","","","","","","","","","","","","","","","","","","",""
"1800004",-2661.205041885376,"unknown",-2653.909603834152,-2647.3419563770294,0.0,6.547281980514526,8.690982818603516,15.829132795333862,5860.277051210403,5866.916301250458,5874.906152248383,5880.340059995651,"unknown",5885.945353507996,10061.064873456955,"unknown","","unknown","unknown","unknown","","unknown","","unknown","unknown",10067.119877815247,"unknown","unknown",10073.655251026154,"",""
"7b3c431",-447135.2471187115,"unknown",-447128.53169608116,-447123.10692071915,0.0,6.172269582748413,34.78680467605591,40.73619747161865,64.2754271030426,69.95943927764893,111.58770322799683,117.07826232910156,"unknown",123.4078209400177,125.08675360679626,"unknown","","unknown","unknown","unknown","","unknown","","unknown","unknown",130.75491952896118,"unknown","unknown",137.48788475990295,"",""
"2457ed6",-5756.517613172531,"unknown",-5750.174527645111,-5744.078852176666,0.0,6.177351951599121,9.05881404876709,14.90671992301941,35.940085649490356,41.576008796691895,66.74310946464539,"unknown",73.72743797302246,79.29117441177368,81.06438422203064,"unknown","","unknown","unknown","unknown","","unknown","","unknown","unknown",88.13219285011292,"unknown","unknown",93.91708850860596,"",""
"c4bba29",-59.720613956451416,"unknown",-52.601391553878784,-45.44360852241516,0.0,6.695656776428223,8.684789180755615,15.409300804138184,39.62891173362732,46.87097907066345,111.03892755508423,"unknown",116.99604916572571,122.76865363121033,124.45271897315979,"unknown","","unknown","unknown","unknown","","unknown","","unknown","unknown",129.9800088405609,"unknown","unknown",135.37839126586914,"",""
"2dffb9e",-3953.291863679886,"unknown",-3946.163859128952,-3940.551956653595,0.0,7.102886199951172,12.021883249282837,17.831247091293335,35.643391132354736,42.95528864860535,49.411662101745605,"unknown",56.206671714782715,61.91035079956055,64.34334540367126,"unknown","","unknown","unknown","unknown","","unknown","","unknown","unknown",69.64685320854187,"unknown","unknown",76.86321187019348,"",""
"7a35b75",-5684.22168636322,"unknown",-5677.532806634903,-5670.83193230629,0.0,7.078433036804199,13.896600484848022,20.063907623291016,44.91198539733887,51.44525861740112,95.58392071723938,"unknown",102.45721197128296,107.79335522651672,109.77220559120178,"unknown","","unknown","unknown","unknown","","unknown","","unknown","unknown",116.25451564788818,"unknown","unknown",123.2860209941864,"",""
"3883e37","","","","","","","","","","","","","","","","","","","","","","","","","","","","","","",""
"eacd6a3","","","","","","","","","","","","","","","","","","","","","","","","","","","","","","",""
"d09321f",-90.55912804603577,"unknown",-84.85106062889099,-79.28696012496948,0.0,5.965837001800537,7.6241135597229,13.944034814834595,30.986162424087524,38.112281799316406,76.55232095718384,82.66719770431519,"unknown",87.96830487251282,89.53608059883118,"unknown","","unknown","unknown","unknown","","unknown","","unknown","unknown",96.56160354614258,"unknown","unknown",101.96136403083801,"",""
"58b1c8e",-5238.833324432373,"unknown",-5232.072694778442,-5225.031043052673,0.0,7.31838321685791,11.287828207015991,18.076497793197632,45.0856409072876,51.468039751052856,64.99202013015747,"unknown",70.5275719165802,77.13184452056885,79.57568264007568,"unknown","","unknown","unknown","unknown","","unknown","","unknown","unknown",86.36388659477234,"unknown","unknown",92.2745451927185,"",""
"bf3dfcf",-111296.99882936478,"unknown",-111291.4866566658,-111285.66619729996,0.0,6.491108179092407,10.36043119430542,15.798240661621094,19.84415340423584,26.754058361053467,107.71994757652283,"unknown",113.4696307182312,119.91490530967712,121.64248609542847,"unknown","","unknown","unknown","unknown","","unknown","","unknown","unknown",128.53899574279785,"unknown","unknown",135.25284624099731,"",""
"80e625f",-804115.3885111809,"unknown",-804108.4491176605,-804102.2139723301,0.0,6.7045066356658936,16.613831758499146,22.256713151931763,42.75171875953674,49.002113819122314,91.34488654136658,"unknown",97.51163911819458,103.50021719932556,113.57490253448486,"unknown","","unknown","unknown","unknown","","unknown","","unknown","unknown",120.88636493682861,"unknown","unknown",126.67739772796631,"",""
"9846ca8","","","","","","","","","","","","","","","","","","","","","","","","","","","","","","",""
"cc02471",-20596.165966510773,"unknown",-20590.01334309578,-20584.556430339813,0.0,6.357214689254761,7.852521181106567,14.372335195541382,63.538397550582886,70.70652318000793,114.29345464706421,120.05312705039978,"unknown",125.36065411567688,127.31207203865051,"unknown","","unknown","unknown","unknown","","unknown","","unknown","unknown",133.54896116256714,"unknown","unknown",139.9795253276825,"",""
"0a30844",-230500.6515598297,"unknown",-230494.25239539146,-230487.93063664436,0.0,6.6814494132995605,13.910978078842163,19.261993408203125,61.70414209365845,67.64150142669678,93.43405294418335,99.2598488330841,"unknown",105.47219491004944,108.8819990158081,"unknown","","unknown","unknown","unknown","","unknown","","unknown","unknown",114.91521048545837,"unknown","unknown",120.49966502189636,"",""
"43d0b63",-7171.677498102188,"unknown",-7166.120699167252,-7159.064754009247,0.0,6.214045763015747,13.596782445907593,19.17040228843689,49.56922149658203,55.58175206184387,80.79173493385315,"unknown",86.49625015258789,92.44119501113892,96.13069224357605,"unknown","","unknown","unknown","unknown","","unknown","","unknown","unknown",102.7283296585083,"unknown","unknown",108.13171577453613,"",""
"addf295",-3117.1973869800568,"unknown",-3110.54149723053,-3104.0437004566193,0.0,5.307942628860474,7.323970794677734,13.054097175598145,83.32967185974121,89.17967486381531,188.754234790802,"unknown",195.6499900817871,201.96429181098938,206.74517583847046,"unknown","","unknown","unknown","unknown","","unknown","","unknown","unknown",211.95209455490112,"unknown","unknown",217.24250388145447,"",""
"1a8e45b",-396.79893708229065,"unknown",-390.6827094554901,-383.9802553653717,0.0,5.585753679275513,10.6084885597229,17.428894758224487,30.119017601013184,36.1766791343689,48.92509937286377,54.91932654380798,"unknown",60.90519142150879,62.87107253074646,"unknown","","unknown","unknown","unknown","","unknown","","unknown","unknown",69.80501389503479,"unknown","unknown",76.2936601638794,"",""
"5f2a1aa","","","","","","","","","","","","","","","","","","","","","","","","","","","","","","",""
"87b3434",-614077.0501496792,"unknown",-614070.0732221603,-614063.6115620136,0.0,5.7926881313323975,14.931194067001343,20.790894269943237,38.647608041763306,45.085631370544434,61.642165660858154,"unknown",68.61872339248657,75.04845476150513,76.81787848472595,"unknown","","unknown","unknown","unknown","","unknown","","unknown","unknown",82.51911520957947,"unknown","unknown",88.52602744102478,-272991.7592039108,""
"bd305b8","","","","","","","","","","","","","","","","","","","","","","","","","","","","","","",""
"4b70ed3",-458.1495943069458,"unknown",-452.09125232696533,-445.7348687648773,0.0,5.7949628829956055,13.606538772583008,19.379181385040283,38.967254400253296,48.145240783691406,69.70710062980652,"unknown",75.29872703552246,81.28160285949707,83.10248064994812,"unknown","","unknown","unknown","unknown","","unknown","","unknown","unknown",89.69352388381958,"unknown","unknown",96.9619140625,"",""
"8ec15bc",-2785.7953114509583,"unknown",-2779.8602406978607,-2774.3652160167694,0.0,5.6146910190582275,8.018005609512329,14.156835079193115,36.323082447052,42.11459445953369,52.50495100021362,"unknown",58.664018869400024,64.78388500213623,68.66515755653381,"unknown","","unknown","unknown","unknown","","unknown","","unknown","unknown",75.17580914497375,"unknown","unknown",81.39046859741211,"",""
"6c8906b",-633585.8305103779,"unknown",-633579.2150764465,-633572.1084041595,0.0,6.376690149307251,19.26744508743286,26.31567072868347,53.225377798080444,59.37606620788574,8623999.33869028,8624006.162379503,"unknown",8624012.051623344,8624014.356514215,"unknown","","unknown","unknown","unknown","","unknown","","unknown","unknown",8624020.475018024,"unknown","unknown",8624026.572182894,"",""
"dae9b13","","","","","","","","","","","","","","","","","","","","","","","","","","","","","","",""
"4828266","","","","","","","","","","","","","","","","","","","","","","","","","","","","","","",""
"614fc3f",-26023.814539670944,"unknown",-26017.712642669678,-26010.517354488373,0.0,7.020036697387695,10.180094242095947,15.838416576385498,29.251842260360718,34.63565111160278,43.850783824920654,"unknown",49.29802918434143,54.69219207763672,57.28218078613281,"unknown","","unknown","unknown","unknown","","unknown","","unknown","unknown",63.82208061218262,"unknown","unknown",70.33148837089539,"",""
"a300755",-92166.29394125938,"unknown",-92159.95265126228,-92153.91327190399,0.0,7.074892282485962,10.625389814376831,17.23024320602417,31.411654949188232,36.572839975357056,46.88443326950073,"unknown",52.71848487854004,59.062087535858154,60.76224637031555,"unknown","","unknown","unknown","unknown","","unknown","","unknown","unknown",66.58842134475708,"unknown","unknown",72.22070980072021,"",""
"802d704",-16515.91816854477,"unknown",-16505.35618376732,-16499.316792488098,0.0,10.301011085510254,15.569855690002441,28.9063081741333,55.8151593208313,64.15358114242554,78.701180934906,"unknown",86.98355507850647,102.37278485298157,104.4800181388855,"unknown","","unknown","unknown","unknown","","unknown","","unknown","unknown",117.77038407325745,"unknown","unknown",126.10194802284241,"",""
"e892cd4","","","","","","","","","","","","","","","","","","","","","","","","","","","","","","",""
"ac42d69",-5456.959949970245,"unknown",-5451.243716716766,-5443.977474927902,0.0,5.994691371917725,9.472316980361938,16.092626571655273,38.00178527832031,44.10307312011719,69.0589599609375,"unknown",76.2053017616272,83.22310853004456,86.27833127975464,"unknown","","unknown","unknown","unknown","","unknown","","unknown","unknown",92.86594653129578,"unknown","unknown",99.82438135147095,"",""
"7bb45d3",-2156.100363254547,"unknown",-2150.3058998584747,-2143.1428825855255,0.0,6.9521825313568115,8.941291093826294,14.721332311630249,45.54532718658447,51.206936836242676,75.16234302520752,"unknown",81.31532001495361,87.50309562683105,89.65544652938843,"unknown","","unknown","unknown","unknown","","unknown","","unknown","unknown",95.07186508178711,"unknown","unknown",101.12974214553833,"",""
"7622483","","","","","","","","","","","","","","","","","","","","","","","","","","","","","","",""
"730747e",-2086.451639175415,"unknown",-2079.9960930347443,-2074.7540349960327,0.0,5.412135601043701,19535.207644939423,19542.017412662506,19561.443139076233,19567.40354204178,19591.47677922249,"unknown",19598.07369184494,19604.707380771637,19609.107194423676,"unknown","","unknown","unknown","unknown","","unknown","","unknown","unknown",19614.92572593689,"unknown","unknown",19620.89205479622,"",""
"07ff49d",-84.33429455757141,"unknown",-77.85857844352722,-72.19498038291931,0.0,7.4483561515808105,120.95536351203918,127.78117322921753,151.7006516456604,157.40424752235413,972.0594413280487,"unknown",977.5300464630127,982.8193655014038,984.4925997257233,"unknown","","unknown","unknown","unknown","","unknown","","unknown","unknown",991.1020805835724,"unknown","unknown",998.7843322753906,"",""
"22fdb61",-452.7698428630829,"unknown",-445.5144476890564,-439.0982141494751,0.0,7.749045133590698,16.822478771209717,23.380266904830933,49.09567475318909,55.12242913246155,62.95179343223572,"unknown",69.72273182868958,76.09072923660278,78.50605201721191,"unknown","","unknown","unknown","unknown","","unknown","","unknown","unknown",85.35681581497192,"unknown","unknown",92.3736834526062,"",""
"db046f2","","","","","","","","","","","","","","","","","","","","","","","","","","","","","","",""
"99ee852",-175018.44509911537,"unknown",-175012.87205290794,-175006.39405417442,0.0,6.331305027008057,12.325420618057251,17.90524697303772,36.420132637023926,42.63810467720032,106.47650933265686,"unknown",113.78714895248413,120.63528156280518,125.90499877929688,"unknown","","unknown","unknown","unknown","","unknown","","unknown","unknown",132.23492050170898,"unknown","unknown",138.0827271938324,"",""
"ad2fc5b",-25.83558750152588,"unknown",-20.057463884353638,-13.299246549606323,0.0,7.212796449661255,14.041118860244751,21.122050762176514,69.81247758865356,76.68131351470947,151.966157913208,157.23673486709595,"unknown",163.27562642097473,165.57797646522522,"unknown","","unknown","unknown","unknown","","unknown","","unknown","unknown",171.93762230873108,"unknown","unknown",179.09133172035217,"",""
"d318264","","","","","","","","","","","","","","","","","","","","","","","","","","","","","","",""
"741ef32",-2875.7973375320435,"unknown",-2693.180186033249,-2511.8654556274414,0.0,5.6227686405181885,18.471840381622314,25.64541792869568,633.1504545211792,638.9320228099823,729.6939346790314,"unknown",735.201788187027,742.3298673629761,756.5556468963623,"unknown","","unknown","unknown","unknown","","unknown","","unknown","unknown",763.7872233390808,"unknown","unknown",769.4834988117218,"",""
"b75259d",-98578.28179860115,"unknown",-98571.63673305511,-98566.32993340492,0.0,7.178893804550171,14.016340017318726,20.74007558822632,58.763511180877686,65.52039885520935,92.9986960887909,98.98375868797302,"unknown",105.59396433830261,110.64343118667603,"unknown","","unknown","unknown","unknown","","unknown","","unknown","unknown",117.24954509735107,"unknown","unknown",123.63981986045837,"",""
"b67425b","","","","","","","","","","","","","","","","","","","","","","","","","","","","","","",""
"446ad6c",-4360.4396686553955,"unknown",-4355.1364204883575,-4349.262155532837,0.0,6.512133359909058,9.860389947891235,15.323878049850464,46.012869358062744,52.87244415283203,61.58599352836609,"unknown",68.46609044075012,75.6737847328186,79.82346320152283,"unknown","","unknown","unknown","unknown","","unknown","","unknown","unknown",86.06794857978821,"unknown","unknown",91.99634385108948,"",""
"70405ea","","","","","","","","","","","","","","","","","","","","","","","","","","","","","","",""
"1117a63",-1149.008829832077,"unknown",-1143.5643763542175,-1135.4698481559753,0.0,5.830301761627197,12.566692590713501,19.128657341003418,60.56325340270996,67.72472095489502,79.58640646934509,"unknown",85.26121377944946,92.3565125465393,94.4500002861023,"unknown","","unknown","unknown","unknown","","unknown","","unknown","unknown",101.05517411231995,"unknown","unknown",106.74661445617676,"",""
"537189f","","","","","","","","","","","","","","","","","","","","","","","","","","","","","","",""
"17b5a6e","","","","","","","","","","","","","","","","","","","","","","","","","","","","","","",""
"d3e37eb",-150839.00613188744,"unknown",-150833.1119275093,-150826.90215706825,0.0,5.712127923965454,8.706690073013306,14.471161842346191,43.06511116027832,50.22640562057495,82.20522022247314,"unknown",87.94737124443054,94.59702014923096,96.17282748222351,"unknown","","unknown","unknown","unknown","","unknown","","unknown","unknown",103.19161915779114,"unknown","unknown",108.68566465377808,"",""
"2ee7f92",-15.561489582061768,"unknown",-8.489169836044312,-1.9256303310394287,0.0,6.016187429428101,7184.8356676101685,7191.935487747192,7193.974167585373,7201.181846618652,7222.377190351486,"unknown",7229.8140325546265,7235.415912628174,7239.274098873138,"unknown","","unknown","unknown","unknown","","unknown","","unknown","unknown",7244.9922387599945,"unknown","unknown",7251.449830532074,"",""
"89d63ed",-47.563374042510986,"unknown",-40.400397062301636,-33.31851530075073,0.0,7.162214994430542,58.67156744003296,64.71886587142944,96.03874588012695,102.5316309928894,112.17138838768005,118.47779726982117,"unknown",124.87137484550476,150.07313132286072,"unknown","","unknown","unknown","unknown","","unknown","","unknown","unknown",155.45835828781128,"unknown","unknown",161.9829704761505,"",""
"c0a644e",-411610.5675878525,"unknown",-411605.11532354355,-411597.9480371475,0.0,5.57117772102356,10.010412454605103,15.711235284805298,29.389440298080444,36.143564224243164,50.93564200401306,"unknown",57.829155683517456,63.310856342315674,66.28900241851807,"unknown","","unknown","unknown","unknown","","unknown","","unknown","unknown",72.16810441017151,"unknown","unknown",78.31631422042847,"",""
"80f558b",-72.66302371025085,"unknown",-65.61409902572632,-59.84154510498047,0.0,6.677491903305054,12.338290214538574,19.459689378738403,58.76230788230896,64.49643397331238,83.65523362159729,"unknown",90.0193190574646,97.13882637023926,99.6399736404419,"unknown","","unknown","unknown","unknown","","unknown","","unknown","unknown",104.94058585166931,"unknown","unknown",110.59269666671753,"",""
"87e4f18",-10730.286674976349,"unknown",-10724.59790468216,-10718.900972127914,0.0,6.290112733840942,31.776127338409424,38.88879656791687,56.563392162323,62.900980710983276,79.52847957611084,86.80057263374329,"unknown",93.86243963241577,96.4009108543396,"unknown","","unknown","unknown","unknown","","unknown","","unknown","unknown",103.22976803779602,"unknown","unknown",108.85329365730286,"",""
"0186834",-41726.216784477234,"unknown",-41720.26643323898,-41713.59920287132,0.0,6.756371736526489,8.877359390258789,14.830005884170532,37.73259234428406,43.13563394546509,94.34607028961182,100.18686199188232,"unknown",107.26775312423706,108.79475259780884,"unknown","","unknown","unknown","unknown","","unknown","","unknown","unknown",114.48993563652039,"unknown","unknown",120.1545159816742,"",""
"0355f6d",-172263.1845319271,"unknown",-172257.20662283897,-172250.81646299362,0.0,6.899187326431274,13.474281311035156,20.324578046798706,46.623626708984375,53.691834688186646,85.40207314491272,91.59343194961548,"unknown",97.85248160362244,100.12645959854126,"unknown","","unknown","unknown","unknown","","unknown","","unknown","unknown",105.82016611099243,"unknown","unknown",111.68254375457764,"",""
"fa6a8b8","","","","","","","","","","","","","","","","","","","","","","","","","","","","","","",""
"145d339",-1256.4660325050354,"unknown",-1250.0330572128296,-1243.7005076408386,0.0,6.572192192077637,8.280831098556519,14.764535427093506,78.39384460449219,84.41844367980957,109.16795134544373,"unknown",115.25047373771667,121.01170563697815,123.73791885375977,"unknown","","unknown","unknown","unknown","","unknown","","unknown","unknown",129.2851312160492,"unknown","unknown",136.14419198036194,"",""
"e96f42c","","","","","","","","","","","","","","","","","","","","","","","","","","","","","","",""
"f382ec0","","","","","","","","","","","","","","","","","","","","","","","","","","","","","","",""
"962a7dd",-3149.813157081604,"unknown",-3144.2288353443146,-3137.542806148529,0.0,5.212170362472534,433.6325490474701,440.4473280906677,463.027694940567,469.72126388549805,16791.995575666428,16797.941457509995,"unknown",16804.76961874962,16806.699241399765,"unknown","","unknown","unknown","unknown","","unknown","","unknown","unknown",16813.787763834,"unknown","unknown",16820.850816726685,"",""
"5c97513",-2804.6882507801056,"unknown",-2798.1248898506165,-2792.2074534893036,0.0,5.36965537071228,13.435305118560791,19.836658477783203,41.533844232559204,47.19294881820679,75.75447249412537,81.42453932762146,"unknown",87.96972942352295,91.3059868812561,"unknown","","unknown","unknown","unknown","","unknown","","unknown","unknown",98.4212155342102,"unknown","unknown",104.8678035736084,"",""
"acc6118",-27682.25648522377,"unknown",-27676.41396522522,-27669.096790075302,0.0,6.69116997718811,14.117486476898193,20.006198406219482,48.91959190368652,56.09749674797058,75.38860869407654,82.04780054092407,"unknown",88.67973136901855,90.48603343963623,"unknown","","unknown","unknown","unknown","","unknown","","unknown","unknown",97.22552514076233,"unknown","unknown",103.98192071914673,"",""
"d33371d",-722132.7664248943,"unknown",-722125.6557996273,-722119.443097353,0.0,5.669707298278809,10.90933632850647,17.162261247634888,88.30912661552429,95.33652091026306,146.28483605384827,"unknown",151.8854284286499,157.85877895355225,166.63295125961304,"unknown","","unknown","unknown","unknown","","unknown","","unknown","unknown",173.0279245376587,"unknown","unknown",179.35409593582153,"",""
"5d45bd1",-5230.752005577087,"unknown",-5223.586724758148,-5217.112778425217,0.0,6.789791822433472,2598.291499853134,2604.34281373024,2628.645882129669,2635.739886522293,2681.655326604843,2687.446723461151,"unknown",2693.9114785194397,2707.1738665103912,"unknown","","unknown","unknown","unknown","","unknown","","unknown","unknown",2712.9235458374023,"unknown","unknown",2718.5332086086273,"",""
"cfcbc2d","","","","","","","","","","","","","","","","","","","","","","","","","","","","","","",""
"98ecb86",-385.1586232185364,"unknown",-378.77678084373474,-372.9303467273712,0.0,6.375829219818115,9.316375732421875,15.942337989807129,38.33247184753418,44.40357208251953,65.08767533302307,71.6707592010498,"unknown",77.96164965629578,80.1375777721405,"unknown","","unknown","unknown","unknown","","unknown","","unknown","unknown",86.40445852279663,"unknown","unknown",92.51675796508789,"",""
"7636563",-719.0033175945282,"unknown",-713.1904938220978,-706.1276431083679,0.0,6.810724496841431,10.833374261856079,17.017424821853638,32.26756930351257,37.60181999206543,59.77351260185242,"unknown",65.20376420021057,72.26811623573303,73.90786981582642,"unknown","","unknown","unknown","unknown","","unknown","","unknown","unknown",79.73340225219727,"unknown","unknown",85.20347332954407,"",""
"5d2b358",-3741437.2086980343,"unknown",-3741431.7317500114,-3741424.606925726,0.0,6.03539514541626,10.18384599685669,15.740164995193481,33.069541215896606,39.27987241744995,62.22976279258728,"unknown",68.73085045814514,74.20830965042114,76.04793310165405,"unknown","","unknown","unknown","unknown","","unknown","","unknown","unknown",84.02866125106812,"unknown","unknown",91.02326512336731,-1227481.253591299,""
"5d9ae0c","","","","","","","","","","","","","","","","","","","","","","","","","","","","","","",""
"73d4e20",-1612.4121508598328,"unknown",-1605.1818153858185,-1599.4147663116455,0.0,5.82852029800415,86.64103531837463,93.4432168006897,102.97044563293457,108.31490755081177,562.0826184749603,569.1173474788666,"unknown",575.0202622413635,583.925190448761,"unknown","","unknown","unknown","unknown","","unknown","","unknown","unknown",589.9764883518219,"unknown","unknown",595.9609200954437,"",""
"be94a32","","","","","","","","","","","","","","","","","","","","","","","","","","","","","","",""
"9f972fb","","","","","","","","","","","","","","","","","","","","","","","","","","","","","","",""
"6e93efd",-12297.99549460411,"unknown",-12292.104714632034,-12285.686980009079,0.0,5.810475826263428,7.274218559265137,14.016966581344604,16.332951068878174,21.85713243484497,48.711204051971436,"unknown",54.06028199195862,60.5306875705719,62.410313844680786,"unknown","","unknown","unknown","unknown","","unknown","","unknown","unknown",69.03127145767212,"unknown","unknown",74.46887421607971,"",""
"5a4afae","","","","","","","","","","","","","","","","","","","","","","","","","","","","","","",""
"c34e373","","","","","","","","","","","","","","","","","","","","","","","","","","","","","","",""
"6bac72b",-3172.77481174469,"unknown",-3167.240415096283,-3161.9387900829315,0.0,6.822182655334473,12.535455465316772,19.297212600708008,41.329344749450684,47.92553758621216,60.316077709198,"unknown",66.10405778884888,73.14904856681824,75.50422143936157,"unknown","","unknown","unknown","unknown","","unknown","","unknown","unknown",82.37332677841187,"unknown","unknown",89.00776648521423,"",""
"c9285e4",-4438.7321434021,"unknown",-4432.510249853134,-4426.370521783829,0.0,7.031994104385376,50.75782489776611,56.98875045776367,83.82031178474426,90.99156904220581,114.1191680431366,"unknown",120.46349620819092,126.82436871528625,132.06363558769226,"unknown","","unknown","unknown","unknown","","unknown","","unknown","unknown",137.87472248077393,"unknown","unknown",144.9286186695099,"",""
"bd4b2f4",-38425.59262752533,"unknown",-38418.505246162415,-38413.10698080063,0.0,6.892452239990234,12.248603582382202,19.022077798843384,1105.008430480957,1112.121003627777,1125.3744492530823,"unknown",1132.455988407135,1138.808616399765,1142.1989951133728,"unknown","","unknown","unknown","unknown","","unknown","","unknown","unknown",1147.8059122562408,"unknown","unknown",1154.7722795009613,"",""
"bd650e8","","","","","","","","","","","","","","","","","","","","","","","","","","","","","","",""
"b81bc6e","","","","","","","","","","","","","","","","","","","","","","","","","","","","","","",""
"0ff20c2",-1123.4759199619293,"unknown",-1117.6978843212128,-1111.396790266037,0.0,6.118293762207031,11.818509101867676,18.431021213531494,34.96241736412048,41.73056960105896,52.86691498756409,"unknown",58.33291959762573,65.64813756942749,67.33842301368713,"unknown","","unknown","unknown","unknown","","unknown","","unknown","unknown",74.03314995765686,"unknown","unknown",79.56630444526672,"",""
"b0e3caa","","","","","","","","","","","","","","","","","","","","","","","","","","","","","","",""
"45f7f6c",-768.2061388492584,"unknown",-762.0253927707672,-755.2709054946899,0.0,6.517245531082153,11.602718353271484,18.554576873779297,38.95794200897217,45.780362606048584,64.993399143219,"unknown",71.45003271102905,77.45043158531189,79.55457425117493,"unknown","","unknown","unknown","unknown","","unknown","","unknown","unknown",85.85628819465637,"unknown","unknown",92.77427506446838,"",""
"1df700a",-44083.81107568741,"unknown",-44076.940391778946,-44069.75590133667,0.0,6.81752610206604,25.55964970588684,32.151349782943726,93.38309788703918,99.18105697631836,131.03670358657837,"unknown",136.44911932945251,142.72381258010864,147.00415515899658,"unknown","","unknown","unknown","unknown","","unknown","","unknown","unknown",153.93311429023743,"unknown","unknown",160.00332474708557,"",""
"d3a396c",-2864.0878369808197,"unknown",-2856.925615310669,-2849.8566403388977,0.0,7.349745273590088,408.70892786979675,415.089474439621,1260.4915425777435,1267.2775347232819,4625.397681951523,"unknown",4631.570760726929,4638.238182067871,4640.958074331284,"unknown","","unknown","unknown","unknown","","unknown","","unknown","unknown",4648.09200668335,"unknown","unknown",4654.668972253799,"",""
"79b129c",-1137.9172348976135,"unknown",-1132.3577435016632,-1126.0543172359467,0.0,6.310949087142944,10.218840837478638,16.11436891555786,57.80223202705383,64.36243844032288,83.38840246200562,"unknown",90.00162529945374,96.17419576644897,97.92961192131042,"unknown","","unknown","unknown","unknown","","unknown","","unknown","unknown",103.72522449493408,"unknown","unknown",110.55073642730713,"",""
"d85b5c4",-3987.835917711258,"unknown",-3982.4802796840668,-3976.848136663437,0.0,6.886718511581421,13.036640405654907,19.273170709609985,32.237250328063965,37.738133668899536,57.72592544555664,"unknown",63.07091522216797,70.11202883720398,71.783522605896,"unknown","","unknown","unknown","unknown","","unknown","","unknown","unknown",78.1527533531189,"unknown","unknown",83.30103826522827,"",""
"43b56f8","","","","","","","","","","","","","","","","","","","","","","","","","","","","","","",""
"3ecbabb","","","","","","","","","","","","","","","","","","","","","","","","","","","","","","",""
"c9c92b5",-1663.5520033836365,"unknown",-1656.944590806961,-1650.9488389492035,0.0,6.499171495437622,10.03955602645874,16.231853485107422,50.577550172805786,57.726919651031494,63.67260479927063,"unknown",69.12985610961914,75.28130316734314,82.6677086353302,"unknown","","unknown","unknown","unknown","","unknown","","unknown","unknown",89.21384072303772,"unknown","unknown",94.77524328231812,"",""
"f9b9236",-1299.203442811966,"unknown",-1292.8734924793243,-1286.9035868644714,0.0,6.645244359970093,9.84581446647644,16.65194272994995,33.022194623947144,39.80576825141907,77.87187767028809,"unknown",84.32621645927429,90.52202844619751,100.55919432640076,"unknown","","unknown","unknown","unknown","","unknown","","unknown","unknown",107.38955855369568,"unknown","unknown",114.45255279541016,"",""
"4a0236d","","","","","","","","","","","","","","","","","","","","","","","","","","","","","","",""
"b7a265d",-18516.72001028061,"unknown",-18510.28650021553,-18503.685090780258,0.0,6.001450300216675,13.353040933609009,19.76421856880188,39.93965744972229,45.37923717498779,76.49281334877014,"unknown",82.38047099113464,88.36183977127075,90.30337500572205,"unknown","","unknown","unknown","unknown","","unknown","","unknown","unknown",96.154550075531,"unknown","unknown",101.83168816566467,"",""
"912afde","","","","","","","","","","","","","","","","","","","","","","","","","","","","","","",""
"c97639e",-23076.092364549637,"unknown",-23065.593732357025,-23059.08056163788,0.0,7.210666179656982,11.754889726638794,18.08856725692749,19.65688967704773,26.246768951416016,79.81963324546814,87.2378523349762,"unknown",92.38110494613647,93.67409086227417,"unknown","","unknown","unknown","unknown","","unknown","","unknown","unknown",99.13620257377625,"unknown","unknown",106.31143951416016,"",""
"af72486",-24527.703670740128,"unknown",-24522.250670671463,-24516.38807439804,0.0,5.325730562210083,13.374607563018799,19.81798219680786,39.42270803451538,45.39317202568054,56.513307332992554,"unknown",62.13057851791382,67.85983276367188,69.31116533279419,"unknown","","unknown","unknown","unknown","","unknown","","unknown","unknown",74.9825427532196,"unknown","unknown",80.74574112892151,"",""
"e2517d9",-3160.136217355728,"unknown",-3153.0897631645203,-3146.599410533905,0.0,6.993447542190552,17.36422348022461,23.2923481464386,65.62270498275757,72.42711067199707,101.53843975067139,"unknown",108.72958707809448,115.65962862968445,119.01965832710266,"unknown","","unknown","unknown","unknown","","unknown","","unknown","unknown",124.41543483734131,"unknown","unknown",129.74833607673645,"",""
"1e88a68",-46181.83637523651,"unknown",-46175.43130469322,-46170.09614992142,0.0,5.365355730056763,13.43793797492981,19.976062536239624,47.950809717178345,53.84163761138916,92.79523301124573,"unknown",99.27747106552124,105.40226888656616,108.30507898330688,"unknown","","unknown","unknown","unknown","","unknown","","unknown","unknown",113.59503936767578,"unknown","unknown",119.69578099250793,"",""
"9d97673",-4968888.112502098,"unknown",-4968881.946679115,-4968874.98304677,0.0,5.769160985946655,16.90826654434204,23.545416593551636,39.96138095855713,46.196982860565186,54.614988565444946,"unknown",61.09623718261719,66.48001027107239,68.4352502822876,"unknown","","unknown","unknown","unknown","","unknown","","unknown","unknown",74.90317583084106,"unknown","unknown",80.21922421455383,-119404.95445919037,""
"aa07d95",-6417.612964630127,"unknown",-6411.948304653168,-6406.176519870758,0.0,7.075056076049805,8.93696665763855,15.188182830810547,19.23520040512085,26.25005602836609,75.72323274612427,"unknown",81.24639248847961,87.12879776954651,89.39099550247192,"unknown","","unknown","unknown","unknown","","unknown","","unknown","unknown",96.47221112251282,"unknown","unknown",102.77156591415405,"",""
"d27b032","","","","","","","","","","","","","","","","","","","","","","","","","","","","","","",""
"38c4951","","","","","","","","","","","","","","","","","","","","","","","","","","","","","","",""
"13dba9e","","","","","","","","","","","","","","","","","","","","","","","","","","","","","","",""
"e6d310e",-63416.3705060482,"unknown",-63409.695623874664,-63404.37749862671,0.0,5.741044759750366,28.55679202079773,35.19308137893677,63.75107550621033,70.10475540161133,85.38042974472046,"unknown",91.39631986618042,98.34782767295837,100.09502148628235,"unknown","","unknown","unknown","unknown","","unknown","","unknown","unknown",106.70177793502808,"unknown","unknown",112.84014654159546,"",""
"8c74aa5",-1088.069637298584,"unknown",-1082.0596816539764,-1076.6967391967773,0.0,6.767277240753174,9.431577444076538,14.996122121810913,29.892160177230835,36.725619316101074,54.81331133842468,62.13776922225952,"unknown",67.9444031715393,69.26820254325867,74.62107443809509,82.58657884597778,"unknown",88.72518920898438,94.94278860092163,96.79650378227234,"unknown","","unknown","unknown","unknown",103.22458457946777,"unknown",110.01129055023193,"",""
"679fa36","","","","","","","","","","","","","","","","","","","","","","","","","","","","","","",""
"b164bf7",-31346.293889522552,"unknown",-31339.007027626038,-31332.912945747375,0.0,6.667640447616577,12.86958909034729,18.492563247680664,31.733839511871338,37.51618313789368,55.857008934020996,"unknown",61.86476421356201,67.85370969772339,69.84292721748352,"unknown","","unknown","unknown","unknown","","unknown","","unknown","unknown",76.2057363986969,"unknown","unknown",81.84826231002808,"",""
"7e62763",-525267.2641918659,"unknown",-525261.0691514015,-525253.855833292,0.0,6.2989232540130615,10.671439409255981,15.951724529266357,44.22706723213196,50.69933271408081,80.09508657455444,"unknown",86.67141652107239,92.26862168312073,784743.1462302208,"unknown","","unknown","unknown","unknown","","unknown","","unknown","unknown",784749.7078633308,"unknown","unknown",784756.3184037209,"",""
"c7a7d85",-60477.43338108063,"unknown",-60471.06065917015,-60465.325822114944,0.0,7.2700395584106445,8.706566572189331,13.922674655914307,41.319756269454956,48.143834590911865,74.18863582611084,"unknown",81.50198197364807,87.64728236198425,103.88456320762634,"unknown","","unknown","unknown","unknown","","unknown","","unknown","unknown",109.57297992706299,"unknown","unknown",116.19875407218933,"",""
"3b7f267","","","","","","","","","","","","","","","","","","","","","","","","","","","","","","",""
"fa1efad","","","","","","","","","","","","","","","","","","","","","","","","","","","","","","",""
"ae58bf1",-8823.998096704483,"unknown",-8816.7467918396,-8811.3160302639,0.0,6.643671274185181,11.317271709442139,17.292611598968506,54.45179724693298,61.0993709564209,289.75966024398804,295.94738507270813,"unknown",301.81384348869324,304.78722524642944,311.8460063934326,324.7467122077942,"unknown",331.8488230705261,338.80260610580444,340.9373950958252,"unknown","","unknown","unknown","unknown",347.96329617500305,"unknown",353.48735785484314,"",""
"492238f","","","","","","","","","","","","","","","","","","","","","","","","","","","","","","",""
"43c977d",-80178.16237592697,"unknown",-80171.92123746872,-80165.13927960396,0.0,6.711058855056763,11.363036632537842,16.777332544326782,49.30267906188965,54.99018049240112,74.27429676055908,"unknown",80.52472996711731,86.01001763343811,88.02469205856323,"unknown","","unknown","unknown","unknown","","unknown","","unknown","unknown",94.97201180458069,"unknown","unknown",101.41762614250183,"",""
"4eff6be",-842832.8701989651,"unknown",-842825.9966070652,-842819.2659099102,0.0,6.542283296585083,12.106566667556763,18.717129707336426,38.95793175697327,45.04950308799744,66.80111837387085,"unknown",72.50378608703613,78.80691504478455,80.48123621940613,"unknown","","unknown","unknown","unknown","","unknown","","unknown","unknown",86.7368540763855,"unknown","unknown",93.39455103874207,"",""
"e1b193b",-201.04345965385437,"unknown",-194.1766152381897,-187.69264483451843,0.0,6.4185791015625,9.913043975830078,15.58473253250122,2847346.3611068726,2847351.9989774227,2847369.48635149,"unknown",2847375.3884038925,2847382.48576355,2847384.9634575844,"unknown","","unknown","unknown","unknown","","unknown","","unknown","unknown",2847391.4601709843,"unknown","unknown",2847397.731331587,"",""
"1415cd3","","","","","","","","","","","","","","","","","","","","","","","","","","","","","","",""
"2953e33",-51325.37089419365,"unknown",-51318.160078048706,-51311.17029953003,0.0,5.975016832351685,21.76430606842041,28.50882387161255,30.003136157989502,35.66277575492859,101.08089065551758,"unknown",107.5138943195343,113.78927659988403,115.42039346694946,"unknown","","unknown","unknown","unknown","","unknown","","unknown","unknown",121.4531843662262,"unknown","unknown",127.999272108078,"",""
"a540012","","","","","","","","","","","","","","","","","","","","","","","","","","","","","","",""
"dd88e0f","","","","","","","","","","","","","","","","","","","","","","","","","","","","","","",""
"d135983","","","","","","","","","","","","","","","","","","","","","","","","","","","","","","",""
"814517e",-23208.00375366211,"unknown",-23202.625746011734,-23196.10161447525,0.0,6.9329986572265625,14.655903100967407,21.45495057106018,45.793039083480835,52.19576382637024,173.70306825637817,180.860746383667,"unknown",187.13003516197205,194.9102921485901,"unknown","","unknown","unknown","unknown","","unknown","","unknown","unknown",201.1557023525238,"unknown","unknown",207.07769966125488,"",""
"53deb5c",-397867.35946035385,"unknown",-397861.180454731,-397854.6684474945,0.0,6.009094476699829,9.87690019607544,16.304129600524902,52.99248933792114,59.05778884887695,83.77046799659729,"unknown",90.71225762367249,97.06991672515869,99.59772515296936,"unknown","","unknown","unknown","unknown","","unknown","","unknown","unknown",106.76480054855347,"unknown","unknown",113.00273489952087,"",""
"e4cf342","","","","","","","","","","","","","","","","","","","","","","","","","","","","","","",""
"c1a9909",-1815.0561838150024,"unknown",-1744.9032716751099,-1677.6716783046722,0.0,5.83110499382019,47.33849358558655,54.15512180328369,56.639562129974365,62.72996997833252,5422644.05462575,"unknown",5422651.104672432,5422656.428160191,5422660.366887808,"unknown","","unknown","unknown","unknown","","unknown","","unknown","unknown",5422666.363186121,"unknown","unknown",5422679.108135223,"",5412929.961701632
"844ab34","","","","","","","","","","","","","","","","","","","","","","","","","","","","","","",""
"fc2538d",-5443.263426780701,"unknown",-5437.311175823212,-5430.5363709926605,0.0,7.720355272293091,16.05146551132202,23.10425305366516,26.799805164337158,34.149211168289185,81.15333867073059,"unknown",88.02463841438293,93.89524483680725,95.64654088020325,"unknown","","unknown","unknown","unknown","","unknown","","unknown","unknown",103.20455431938171,"unknown","unknown",109.33301711082458,"",""
"4c228f6",-238.01519465446472,"unknown",-231.0208239555359,-223.96252536773682,0.0,6.776567459106445,43.95019268989563,50.17895770072937,72.48151516914368,79.38734769821167,94.45676398277283,"unknown",100.55039572715759,107.04418754577637,110.4827606678009,"unknown","","unknown","unknown","unknown","","unknown","","unknown","unknown",115.99940872192383,"unknown","unknown",122.93687057495117,"",""
"747ce5f",-9175374.65247202,"unknown",-9175366.46709752,-9175360.631433964,0.0,7.1893229484558105,11.754406213760376,18.91271162033081,41.193047761917114,48.40371751785278,60.71463465690613,"unknown",66.1745011806488,72.62201166152954,75.69733238220215,"unknown","","unknown","unknown","unknown","","unknown","","unknown","unknown",82.51311802864075,"unknown","unknown",88.18505692481995,-35000.60942316055,""
"6ab42f2",-178.4979956150055,"unknown",-122.07576179504395,-66.39833474159241,0.0,10.382771492004395,11.781854629516602,18.170934677124023,20.470137119293213,27.499425411224365,44.356149435043335,"unknown",51.094558238983154,57.1596622467041,59.80371713638306,"unknown","","unknown","unknown","unknown","","unknown","","unknown","unknown",67.70490217208862,"unknown","unknown",75.43793630599976,"",""
"41f2447",-1497.2767634391785,"unknown",-1490.1135535240173,-1483.6218612194061,0.0,6.970136404037476,8.923905611038208,15.955420732498169,45.99656009674072,52.46177053451538,75.26589107513428,82.36175847053528,"unknown",88.19756388664246,89.61888027191162,"unknown","","unknown","unknown","unknown","","unknown","","unknown","unknown",95.79380655288696,"unknown","unknown",101.66436243057251,"",""
"5bf619a",-44657.541630744934,"unknown",-44651.40726065636,-44645.96358251572,0.0,5.525575160980225,14.59090542793274,21.644299030303955,83.38103342056274,88.9524757862091,115.87861323356628,121.95946764945984,"unknown",128.74546217918396,130.97184658050537,"unknown","","unknown","unknown","unknown","","unknown","","unknown","unknown",137.85342001914978,"unknown","unknown",144.2370491027832,"",""
"a123713",-75648.05149269104,"unknown",-75641.33982539177,-75634.53216481209,0.0,5.49244236946106,15.170834064483643,22.20750093460083,56.706674337387085,64.65027356147766,79.72604870796204,"unknown",86.37920355796814,92.13561844825745,98.75573754310608,"unknown","","unknown","unknown","unknown","","unknown","","unknown","unknown",104.25071024894714,"unknown","unknown",111.06934881210327,"",""
"4997357","","","","","","","","","","","","","","","","","","","","","","","","","","","","","","",""
"5455b1d","","","","","","","","","","","","","","","","","","","","","","","","","","","","","","",""
"f52861b","","","","","","","","","","","","","","","","","","","","","","","","","","","","","","",""
"466a0ab",-654057.0446050167,"unknown",-654050.0801689625,-654043.4840602875,0.0,6.50267481803894,11.48623275756836,18.178148984909058,31.915099382400513,38.42840266227722,84.82929706573486,90.75828313827515,"unknown",97.21218347549438,102.5989727973938,"unknown","","unknown","unknown","unknown","","unknown","","unknown","unknown",109.29788374900818,"unknown","unknown",115.25363326072693,"",""
"399b994","","","","","","","","","","","","","","","","","","","","","","","","","","","","","","",""
"6568ea1",-114.2046172618866,"unknown",-59.0238254070282,-3.395515203475952,0.0,20.696266651153564,23.735190629959106,33.37365698814392,76.17973160743713,83.499755859375,281.5116229057312,"unknown",286.98473143577576,292.8368182182312,294.5687997341156,"unknown","","unknown","unknown","unknown","","unknown","","unknown","unknown",301.85046458244324,"unknown","unknown",307.6962764263153,"",""
"a839247",-5959.252898693085,"unknown",-5952.919132709503,-5947.028384208679,0.0,6.279027938842773,1592.5855650901794,1599.6545584201813,1630.9222285747528,1636.6264655590057,1651.7952790260315,"unknown",1657.6717405319214,1664.138525724411,1665.91081905365,"unknown","","unknown","unknown","unknown","","unknown","","unknown","unknown",1672.7719202041626,"unknown","unknown",1678.787100315094,"",""
"5d6ad7f",-77902.4613904953,"unknown",-77896.79569411278,-77889.63352298737,0.0,5.935645818710327,13.361444473266602,19.11742663383484,47.54894280433655,54.36190748214722,258897.47061777115,"unknown",258902.67592859268,258909.4274880886,258920.25200247765,"unknown","","unknown","unknown","unknown","","unknown","","unknown","unknown",258927.03650045395,"unknown","unknown",258932.91082286835,"",""
"528d0fe","","","","","","","","","","","","","","","","","","","","","","","","","","","","","","",""
"900150c",-96530.72019147873,"unknown",-96525.07102108002,-96519.25381731987,0.0,6.05286717414856,14.367028951644897,20.709558486938477,56.552037954330444,63.45579266548157,103.06453585624695,"unknown",109.36187195777893,114.79729461669922,116.87945365905762,"unknown","","unknown","unknown","unknown","","unknown","","unknown","unknown",123.3341715335846,"unknown","unknown",129.55341863632202,"",""
"924de30",-1256416.0107245445,"unknown",-1256409.8445198536,-1256403.2160265446,0.0,6.5517401695251465,15.882784366607666,22.499205827713013,75.0489866733551,80.57969284057617,105.07637047767639,"unknown",112.16978812217712,118.89067935943604,121.72336840629578,"unknown","","unknown","unknown","unknown","","unknown","","unknown","unknown",127.09275126457214,"unknown","unknown",133.39135336875916,"",""
"d925650",-29.200929641723633,"unknown",-22.213794231414795,-15.973343133926392,0.0,5.917608261108398,10.030363082885742,16.242703199386597,55.82563829421997,61.599759101867676,8951.357927799225,8957.861739635468,"unknown",8963.482903718948,8966.408511638641,"unknown","","unknown","unknown","unknown","","unknown","","unknown","unknown",8972.120550632477,"unknown","unknown",8978.706766605377,"",""
"37798a6","","","","","","","","","","","","","","","","","","","","","","","","","","","","","","",""
"ff10184",-97704.18726372719,"unknown",-97698.70466470718,-97692.19061803818,0.0,5.996215105056763,12.677566528320312,19.84821057319641,101.96678972244263,107.27106285095215,163.2135307788849,169.8820822238922,"unknown",176.64491033554077,178.61509537696838,"unknown","","unknown","unknown","unknown","","unknown","","unknown","unknown",183.9827857017517,"unknown","unknown",189.41936016082764,"",""
"cde7968",-139655.93143367767,"unknown",-139649.6405286789,-139642.72010302544,0.0,6.216782331466675,19.18440866470337,26.370914220809937,63.91644310951233,69.94464564323425,97.8341920375824,"unknown",104.38820481300354,110.54509687423706,112.45274114608765,"unknown","","unknown","unknown","unknown","","unknown","","unknown","unknown",118.59229683876038,"unknown","unknown",124.4338629245758,"",""
"52d61f6",-4255.321665287018,"unknown",-4248.444393396378,-4242.470153331757,0.0,6.396921634674072,11.189520120620728,17.63521957397461,42.424243688583374,47.85102868080139,93.06570792198181,98.36424422264099,"unknown",103.72291731834412,105.50298571586609,"unknown","","unknown","unknown","unknown","","unknown","","unknown","unknown",112.46760416030884,"unknown","unknown",119.21270322799683,"",""
"34d8485",-55.63583993911743,"unknown",-48.531416177749634,-41.98061943054199,0.0,6.068665504455566,17.162121057510376,23.57237410545349,62.35288739204407,69.1691210269928,100.9148941040039,"unknown",107.25611019134521,114.43867564201355,116.9986093044281,"unknown","","unknown","unknown","unknown","","unknown","","unknown","unknown",122.31970834732056,"unknown","unknown",128.66506934165955,"",""
"693ef79",-444.91244196891785,"unknown",-437.85178208351135,-430.61732387542725,0.0,7.238454580307007,16.6291184425354,22.194988250732422,53.86922764778137,59.41860032081604,166.7047734260559,173.8763391971588,"unknown",180.02986645698547,184.79505157470703,"unknown","","unknown","unknown","unknown","","unknown","","unknown","unknown",191.22699165344238,"unknown","unknown",197.68332505226135,"",""
"0d5233e","","","","","","","","","","","","","","","","","","","","","","","","","","","","","","",""
"f0a4194",-5532.466339588165,"unknown",-5526.497761964798,-5519.806007862091,0.0,6.663465261459351,8.409173488616943,15.471221208572388,19.304109811782837,25.831993341445923,62.341960191726685,69.72966980934143,"unknown",76.00769782066345,80.4267966747284,"unknown","","unknown","unknown","unknown","","unknown","","unknown","unknown",86.4939353466034,"unknown","unknown",93.036217212677,"",""
"11e5d50",-5072.640655755997,"unknown",-5066.1698677539825,-5059.935710668564,0.0,7.267522811889648,9.753921270370483,16.76873803138733,173.72178721427917,180.01570224761963,512.8933386802673,"unknown",518.6782376766205,523.9213418960571,525.2237963676453,"unknown","","unknown","unknown","unknown","","unknown","","unknown","unknown",531.962078332901,"unknown","unknown",538.9477202892303,"",""
"047f2ca",-8875.930292606354,"unknown",-8868.683235883713,-8862.913541793823,0.0,7.410570859909058,11.02554965019226,17.384933471679688,21.001388788223267,27.49945878982544,45.985984086990356,"unknown",52.9121458530426,58.877567529678345,69.10061955451965,"unknown","","unknown","unknown","unknown","","unknown","","unknown","unknown",74.38551950454712,"unknown","unknown",80.62579536437988,"",""
"02b634c","","","","","","","","","","","","","","","","","","","","","","","","","","","","","","",""
"0f91d63",-211.9932563304901,"unknown",-206.0057282447815,-200.1258680820465,0.0,6.99549412727356,8.469176769256592,14.854106426239014,33.724218130111694,40.811460971832275,69.72382712364197,"unknown",75.30285716056824,80.80111479759216,84.23776578903198,"unknown","","unknown","unknown","unknown","","unknown","","unknown","unknown",90.25608038902283,"unknown","unknown",95.5270643234253,"",""
"87e086c","","","","","","","","","","","","","","","","","","","","","","","","","","","","","","",""
"ece9ce7","","","","","","","","","","","","","","","","","","","","","","","","","","","","","","",""
"a975113","","","","","","","","","","","","","","","","","","","","","","","","","","","","","","",""
"59c79dc",-11307.837416648865,"unknown",-11302.442079782486,-11296.789314985275,0.0,7.567392349243164,15.308050155639648,22.295382261276245,63.077035665512085,69.45669794082642,123.74865889549255,"unknown",129.79637241363525,135.81906533241272,139.38446831703186,"unknown","","unknown","unknown","unknown","","unknown","","unknown","unknown",145.23787474632263,"unknown","unknown",152.42210578918457,"",""
"dee5269",-96.28142738342285,"unknown",-90.35548996925354,-83.69693994522095,0.0,5.940494060516357,12.046284198760986,17.634440660476685,54.83164167404175,60.23972249031067,86.08189725875854,"unknown",91.8285608291626,97.48970603942871,99.52930951118469,"unknown","","unknown","unknown","unknown","","unknown","","unknown","unknown",105.2315125465393,"unknown","unknown",112.0885841846466,"",""
"844fef2",-27250.26910328865,"unknown",-27243.407846212387,-27237.2559094429,0.0,6.152310371398926,24436.669510364532,24443.059152126312,24479.29637813568,24485.464768886566,24506.807762145996,"unknown",24512.09952521324,24518.741005659103,24525.955091238022,"unknown","","unknown","unknown","unknown","","unknown","","unknown","unknown",24532.4325838089,"unknown","unknown",24537.764353513718,"",""
"ef7d623","","","","","","","","","","","","","","","","","","","","","","","","","","","","","","",""
"a54cf83","","","","","","","","","","","","","","","","","","","","","","","","","","","","","","",""
"e98cdcd",-17466.535698652267,"unknown",-17460.456000089645,-17453.710784196854,0.0,6.825139284133911,14.956783533096313,21.855787992477417,64.75174689292908,71.51511216163635,84.1895592212677,"unknown",91.4172842502594,97.20839023590088,100.38671541213989,106.78558421134949,117.68207311630249,"unknown",123.01438570022583,129.39646911621094,134.72019696235657,140.7952275276184,146.5111517906189,"unknown",152.2449345588684,"unknown","unknown",158.4770131111145,164.82714319229126,"",""
"a3ff1ab",-43594.54133629799,"unknown",-43587.59223628044,-43581.00776171684,0.0,5.462751626968384,8.945239543914795,14.521248817443848,45.66238617897034,51.61926460266113,87.77408504486084,"unknown",93.36979603767395,100.03113627433777,102.15446090698242,"unknown","","unknown","unknown","unknown","","unknown","","unknown","unknown",107.54065608978271,"unknown","unknown",113.77957463264465,"",""
"33bcee6",-143110.90096354485,"unknown",-143105.46369743347,-143099.43887114525,0.0,5.67225193977356,8.913519859313965,14.316145896911621,45.258888244628906,51.01194763183594,64.42104649543762,71.1407470703125,"unknown",77.05377578735352,82.95196294784546,"unknown","","unknown","unknown","unknown","","unknown","","unknown","unknown",89.12750101089478,"unknown","unknown",95.63058042526245,"",""
"c494a29",-8875.297446489334,"unknown",-8868.468406915665,-8861.744057893753,0.0,7.5425872802734375,13.116753101348877,18.805015087127686,34.22821593284607,39.923301696777344,62.7856810092926,"unknown",68.21238899230957,74.45746159553528,76.16018414497375,"unknown","","unknown","unknown","unknown","","unknown","","unknown","unknown",82.27660012245178,"unknown","unknown",88.7721619606018,"",""
"aa68b7a",-14388.590332269669,"unknown",-14382.715496778488,-14376.15694141388,0.0,6.925771713256836,16.46208095550537,23.634500980377197,83.11512684822083,88.60250473022461,131.26739954948425,"unknown",138.27107310295105,144.28377437591553,148.03066754341125,"unknown","","unknown","unknown","unknown","","unknown","","unknown","unknown",153.34730625152588,"unknown","unknown",160.44406390190125,"",""
"92db041","","","","","","","","","","","","","","","","","","","","","","","","","","","","","","",""
"b921637","","","","","","","","","","","","","","","","","","","","","","","","","","","","","","",""
"0fa3c49","","","","","","","","","","","","","","","","","","","","","","","","","","","","","","",""
"cb28371",-1214.0019953250885,"unknown",-1208.300682067871,-1203.0168590545654,0.0,6.732999086380005,12.666209936141968,18.900253772735596,71.05087208747864,77.59781837463379,91.86320328712463,97.31075525283813,"unknown",103.29504489898682,116.6829788684845,"unknown","","unknown","unknown","unknown","","unknown","","unknown","unknown",122.49092411994934,"unknown","unknown",128.37653255462646,"",""
"a664235","","","","","","","","","","","","","","","","","","","","","","","","","","","","","","",""
"81f41fd",-79.21793460845947,"unknown",-72.46133494377136,-66.99649739265442,0.0,7.348932981491089,12.168728828430176,18.01643204689026,53.49766993522644,59.54386353492737,120.09398198127747,126.93457651138306,"unknown",133.2871596813202,135.58890914916992,"unknown","","unknown","unknown","unknown","","unknown","","unknown","unknown",142.5046045780182,"unknown","unknown",147.7591381072998,"",""
"f38953f","","","","","","","","","","","","","","","","","","","","","","","","","","","","","","",""
"6801018",-11577790.841876745,"unknown",-11577784.401954412,-11577778.354844332,0.0,5.614469766616821,9.618142127990723,16.547948360443115,26.89769434928894,32.46607708930969,49.31938314437866,55.32538104057312,"unknown",60.95718002319336,63.02119421958923,"unknown","","unknown","unknown","unknown","","unknown","","unknown","unknown",68.46191024780273,"unknown","unknown",74.94185090065002,-90719.06967401505,""
"ac3a94c",-3935.879366874695,"unknown",-3930.6118206977844,-3923.735080718994,0.0,6.825026035308838,8.485606908798218,14.867326021194458,1679.1939084529877,1686.316465139389,1718.5275611877441,"unknown",1724.3283243179321,1729.9931497573853,1734.1632101535797,"unknown","","unknown","unknown","unknown","","unknown","","unknown","unknown",1740.4460270404816,"unknown","unknown",1746.6912951469421,"",""
"eccfff0","","","","","","","","","","","","","","","","","","","","","","","","","","","","","","",""
"49f21e0","","","","","","","","","","","","","","","","","","","","","","","","","","","","","","",""
"02ed09a","","","","","","","","","","","","","","","","","","","","","","","","","","","","","","",""
"37b9a9f",-2667.27805352211,"unknown",-2661.592440843582,-2656.149941921234,0.0,6.2598876953125,8.324202299118042,14.285568237304688,16.14695930480957,22.518397331237793,197221.1273601055,197227.53768515587,"unknown",197233.51465415955,197235.24926161766,"unknown","","unknown","unknown","unknown","","unknown","","unknown","unknown",197242.42924141884,"unknown","unknown",197248.38059782982,"",""
"3c0c7c1",-322.00111842155457,"unknown",-314.9552607536316,-308.9995319843292,0.0,7.166926860809326,13.467193841934204,19.605279684066772,54.97848463058472,62.43674397468567,93.09198451042175,100.25216937065125,"unknown",106.97833919525146,114.31324243545532,"unknown","","unknown","unknown","unknown","","unknown","","unknown","unknown",120.95962572097778,"unknown","unknown",126.94105434417725,"",""
"89f6d9e",-299156.9828004837,"unknown",-299151.65185809135,-299144.851924181,0.0,6.935968399047852,13.94586730003357,19.538556814193726,35.583245515823364,41.624228954315186,54.32840037345886,"unknown",60.69951629638672,66.37943458557129,68.16384625434875,"unknown","","unknown","unknown","unknown","","unknown","","unknown","unknown",74.56087303161621,"unknown","unknown",80.1484022140503,"",""
"39dc9b8",-641487.9870269299,"unknown",-641481.9669222832,-641475.4429922104,0.0,5.403872489929199,15.735780000686646,21.334465265274048,60.54790663719177,65.78476142883301,184.90314865112305,"unknown",191.55117011070251,196.93590664863586,199.37625527381897,"unknown","","unknown","unknown","unknown","","unknown","","unknown","unknown",205.12181329727173,"unknown","unknown",210.92292070388794,"",""
"56bae3a",-158446.96333956718,"unknown",-158440.0044169426,-158434.28883457184,0.0,6.7271740436553955,18.52333688735962,25.63784170150757,57.74718499183655,63.74072551727295,101.39627981185913,"unknown",107.26042437553406,114.07759404182434,119.64044904708862,"unknown","","unknown","unknown","unknown","","unknown","","unknown","unknown",126.28189635276794,"unknown","unknown",131.5652723312378,"",""
"28ec805",-1428.9780514240265,"unknown",-1422.1570472717285,-1415.8948521614075,0.0,5.642956733703613,10.030487060546875,17.202091455459595,31.319701194763184,38.65124988555908,67.08982491493225,72.96677613258362,"unknown",79.38474535942078,83.11349582672119,"unknown","","unknown","unknown","unknown","","unknown","","unknown","unknown",89.93707633018494,"unknown","unknown",95.26836371421814,"",""
"4c8a5bc",-993.4174840450287,"unknown",-986.3945512771606,-980.2065660953522,0.0,5.82347846031189,11.804048538208008,17.513444900512695,41.27049112319946,47.57557153701782,62.84656286239624,"unknown",69.68795990943909,75.41190481185913,77.74180150032043,"unknown","","unknown","unknown","unknown","","unknown","","unknown","unknown",83.56778860092163,"unknown","unknown",90.38093638420105,"",""
"48179d1","","","","","","","","","","","","","","","","","","","","","","","","","","","","","","",""
"e845b6b",-21198.932060480118,"unknown",-21191.801911354065,-21185.78334212303,0.0,7.481446981430054,643.6458928585052,649.2834012508392,675.6144032478333,681.5201389789581,693.4594156742096,"unknown",700.2961144447327,705.8826720714569,714.5110385417938,720.2026009559631,734.2906458377838,741.4848365783691,"unknown",746.9854083061218,750.4958102703094,"unknown","","unknown","unknown","unknown",755.8305804729462,"unknown",762.4281771183014,"",""
"619e952",-85703.0677933693,"unknown",-85696.66491913795,-85690.05703496933,0.0,6.4687347412109375,16.50491690635681,23.5049946308136,38.29513430595398,45.551560163497925,68.2521584033966,"unknown",75.28753972053528,80.96680331230164,82.69420528411865,"unknown","","unknown","unknown","unknown","","unknown","","unknown","unknown",88.56687378883362,"unknown","unknown",95.48077821731567,"",""
"0fd9ca7","","","","","","","","","","","","","","","","","","","","","","","","","","","","","","",""
"ff125d4","","","","","","","","","","","","","","","","","","","","","","","","","","","","","","",""
"0dc7823","","","","","","","","","","","","","","","","","","","","","","","","","","","","","","",""
"64155b9",-5860769.139561415,"unknown",-5860763.120257139,-5860757.602587938,0.0,61.07025337219238,3761.105733394623,3768.4426946640015,3793.6194381713867,3799.970979452133,3828.756576061249,3834.904484272003,"unknown",3841.583785057068,3843.049962759018,"unknown","","unknown","unknown","unknown","","unknown","","unknown","unknown",3848.9954962730408,"unknown","unknown",3855.051540851593,-386.94829392433167,""
"9cfbb83",-105866.34056043625,"unknown",-105859.68489336967,-105853.76207876205,0.0,6.425770044326782,7.981105804443359,15.137576580047607,17.718775510787964,23.477845191955566,52.46018195152283,"unknown",58.51277446746826,65.65555691719055,72.31495547294617,"unknown","","unknown","unknown","unknown","","unknown","","unknown","unknown",77.66915822029114,"unknown","unknown",83.28093147277832,"",""
"f6ffd76","","","","","","","","","","","","","","","","","","","","","","","","","","","","","","",""
"57b0697",-503969.92669153214,"unknown",-503964.3075838089,-503957.152831316,0.0,6.10131573677063,12.567397594451904,17.92584490776062,65.33766674995422,72.82208728790283,86.89503502845764,"unknown",92.7312843799591,99.38714337348938,101.93647146224976,"unknown","","unknown","unknown","unknown","","unknown","","unknown","unknown",108.4274845123291,"unknown","unknown",114.22561478614807,"",""
"1c202a8","","","","","","","","","","","","","","","","","","","","","","","","","","","","","","",""
"3e625ac","","","","","","","","","","","","","","","","","","","","","","","","","","","","","","",""
"6b36bf5",-14403.842329263687,"unknown",-14398.31350851059,-14391.208316326141,0.0,6.053866863250732,38.88481640815735,45.23217034339905,62.48486828804016,67.8799147605896,89.43488955497742,95.52314686775208,"unknown",102.05837631225586,105.03227663040161,"unknown","","unknown","unknown","unknown","","unknown","","unknown","unknown",111.77191400527954,"unknown","unknown",117.3568127155304,"",""
"99775ba",-69.26281070709229,"unknown",-63.16601538658142,-57.41997528076172,0.0,5.342586040496826,501.7746777534485,508.229674577713,532.4200220108032,539.170426607132,549.0210433006287,"unknown",554.9719097614288,560.6282269954681,584.0689787864685,"unknown","","unknown","unknown","unknown","","unknown","","unknown","unknown",589.9912416934967,"unknown","unknown",595.4012064933777,"",""
"152aa4d",-2467.8856003284454,"unknown",-2461.692753314972,-2454.3788120746613,0.0,6.498788118362427,12.41085410118103,18.292946100234985,49.6086368560791,56.7729914188385,68.71414089202881,"unknown",74.71145725250244,81.89880084991455,83.34501147270203,"unknown","","unknown","unknown","unknown","","unknown","","unknown","unknown",90.19923734664917,"unknown","unknown",95.63196778297424,"",""
"ced331f","","","","","","","","","","","","","","","","","","","","","","","","","","","","","","",""
"1d235c1",-171266.341227293,"unknown",-171260.331127882,-171253.52012610435,0.0,5.998817205429077,9.285899877548218,16.505969285964966,31.53084969520569,37.621124267578125,52.99129128456116,58.444215059280396,"unknown",64.19973468780518,69.01730012893677,"unknown","","unknown","unknown","unknown","","unknown","","unknown","unknown",75.46979117393494,"unknown","unknown",81.67940831184387,"",""
"e6de912",-1170.4443678855896,"unknown",-1162.6781313419342,-1156.0736014842987,0.0,5.84489107131958,9.900194644927979,17.06830072402954,74.8852379322052,81.01799702644348,98.77184295654297,"unknown",104.57001066207886,110.03323698043823,113.38049459457397,"unknown","","unknown","unknown","unknown","","unknown","","unknown","unknown",119.16352343559265,"unknown","unknown",124.5422945022583,"",""
"76bbc0d",-13139.50174999237,"unknown",-13132.692914009094,-13126.677219629288,0.0,7.062302112579346,11.367375612258911,17.052924871444702,45.21307420730591,51.71348857879639,81.16529202461243,"unknown",87.0989842414856,93.9382541179657,95.49192690849304,"unknown","","unknown","unknown","unknown","","unknown","","unknown","unknown",102.39901113510132,"unknown","unknown",108.54652166366577,"",""
"36b4ec5",-164898.10402083397,"unknown",-164892.1065208912,-164885.0646123886,0.0,6.446817636489868,83347.26120853424,83354.4270825386,83367.77178049088,83374.31662392616,83398.05888485909,"unknown",83405.15595769882,83411.44602918625,83413.2395055294,"unknown","","unknown","unknown","unknown","","unknown","","unknown","unknown",83420.33688020706,"unknown","unknown",83427.24078822136,"",""
"7de2a3d","","","","","","","","","","","","","","","","","","","","","","","","","","","","","","",""
"dbe3880","","","","","","","","","","","","","","","","","","","","","","","","","","","","","","",""
"877fb69",-60753.37636113167,"unknown",-60746.76641345024,-60741.158341407776,0.0,5.882976770401001,28.775080919265747,35.6200487613678,81.88333201408386,88.51694941520691,96.29024744033813,102.9190890789032,"unknown",108.75193810462952,145.55668306350708,"unknown","","unknown","unknown","unknown","","unknown","","unknown","unknown",151.18349838256836,"unknown","unknown",157.95706033706665,"",""
"c17e360","","","","","","","","","","","","","","","","","","","","","","","","","","","","","","",""
"51be121",-12154.029259681702,"unknown",-12146.910437822342,-12140.371379375458,0.0,6.333232164382935,12.320991516113281,17.585049629211426,49.971136808395386,55.74449610710144,66.6361072063446,"unknown",73.30563521385193,79.96699404716492,87.22228860855103,"unknown","","unknown","unknown","unknown","","unknown","","unknown","unknown",93.42374968528748,"unknown","unknown",99.89418888092041,"",""
"e9e1409",-174554.05143928528,"unknown",-174548.68495035172,-174542.1246471405,0.0,6.418497085571289,8.862284183502197,14.90200662612915,28.772972345352173,35.909560203552246,1312951.5736362934,"unknown",1312957.383437395,1312962.9122374058,1312965.0098080635,"unknown","","unknown","unknown","unknown","","unknown","","unknown","unknown",1312970.8361349106,"unknown","unknown",1312976.638790369,"",""
"051761f","","","","","","","","","","","","","","","","","","","","","","","","","","","","","","",""
"1c627cb","","","","","","","","","","","","","","","","","","","","","","","","","","","","","","",""
"5177026",-678.5483424663544,"unknown",-671.5995371341705,-664.5500991344452,0.0,6.818849086761475,789.0354368686676,795.4094729423523,815.4717860221863,821.1994962692261,849.2321286201477,"unknown",854.6789634227753,861.5011942386627,864.0498595237732,"unknown","","unknown","unknown","unknown","","unknown","","unknown","unknown",870.7168209552765,"unknown","unknown",876.9232783317566,"",""
"db0051d","","","","","","","","","","","","","","","","","","","","","","","","","","","","","","",""
"9e9a81e","","","","","","","","","","","","","","","","","","","","","","","","","","","","","","",""
"6289e6c",-361.4025866985321,"unknown",-356.0606179237366,-350.07873010635376,0.0,5.517800569534302,68.54288625717163,75.59452700614929,91.70768165588379,98.7241039276123,116.63915705680847,"unknown",123.41202664375305,128.82199501991272,140.50061869621277,"unknown","","unknown","unknown","unknown","","unknown","","unknown","unknown",146.76126194000244,"unknown","unknown",152.60240411758423,"",""
"a9b4533","","","","","","","","","","","","","","","","","","","","","","","","","","","","","","",""
"1db8420","","","","","","","","","","","","","","","","","","","","","","","","","","","","","","",""
"8a1ecd0","","","","","","","","","","","","","","","","","","","","","","","","","","","","","","",""
"8fd863f",-584488.0381667614,"unknown",-584482.0297355652,-584474.9313051701,0.0,5.623742341995239,8.423437356948853,13.822779417037964,76.58015131950378,82.43752717971802,117.9207227230072,"unknown",124.23876404762268,130.16453886032104,133.32901644706726,"unknown","","unknown","unknown","unknown","","unknown","","unknown","unknown",139.2343351840973,"unknown","unknown",146.02035355567932,"",""
"644830a","","","","","","","","","","","","","","","","","","","","","","","","","","","","","","",""
"5dbecee","","","","","","","","","","","","","","","","","","","","","","","","","","","","","","",""
"86c5f35",-15425.288244724274,"unknown",-15418.405865430832,-15412.097438573837,0.0,6.0954296588897705,9.621529340744019,16.94170045852661,48.64072299003601,54.10473036766052,77.35061764717102,"unknown",83.75574493408203,89.14975166320801,90.73192858695984,"unknown","","unknown","unknown","unknown","","unknown","","unknown","unknown",97.17666387557983,"unknown","unknown",103.06149530410767,"",""
"4c072d3",-8484.268956661224,"unknown",-8478.5603992939,-8472.081306219101,0.0,7.315840244293213,13.0489501953125,19.023561239242554,46.722219944000244,53.56219220161438,113.08034586906433,119.20574069023132,"unknown",125.60327053070068,127.10095453262329,"unknown","","unknown","unknown","unknown","","unknown","","unknown","unknown",133.9447009563446,"unknown","unknown",140.78299760818481,"",""
"89bbcd3",-103277.6416349411,"unknown",-103270.72540330887,-103265.22793889046,0.0,7.181133985519409,48.847899436950684,54.776400089263916,66.26938533782959,73.37554979324341,82.38569045066833,"unknown",89.26660203933716,95.18520593643188,97.5590934753418,"unknown","","unknown","unknown","unknown","","unknown","","unknown","unknown",104.32390475273132,"unknown","unknown",110.99571204185486,"",""
"aa9ac00","","","","","","","","","","","","","","","","","","","","","","","","","","","","","","",""
"9a1b5fa","","","","","","","","","","","","","","","","","","","","","","","","","","","","","","",""
"d003724",-18660.470338344574,"unknown",-18654.076792001724,-18647.574121952057,0.0,6.192671298980713,11.570849657058716,18.708012580871582,59.18224787712097,64.68591690063477,103.65035080909729,"unknown",110.25595736503601,115.59555459022522,118.28047132492065,"unknown","","unknown","unknown","unknown","","unknown","","unknown","unknown",124.60560870170593,"unknown","unknown",130.94755601882935,"",""
"3a03bea","","","","","","","","","","","","","","","","","","","","","","","","","","","","","","",""
"e427669","","","","","","","","","","","","","","","","","","","","","","","","","","","","","","",""
"12dfda3","","","","","","","","","","","","","","","","","","","","","","","","","","","","","","",""
"3226bb3",-210199.38421225548,"unknown",-210192.36464190483,-210186.3663532734,0.0,6.535887718200684,21.971901178359985,27.861594200134277,72.12926077842712,79.25234150886536,151.06268286705017,"unknown",157.8332803249359,164.71937942504883,167.92379903793335,"unknown","","unknown","unknown","unknown","","unknown","","unknown","unknown",174.45180201530457,"unknown","unknown",179.79909825325012,"",""
"9f4d288","","","","","","","","","","","","","","","","","","","","","","","","","","","","","","",""
"35adcf1","","","","","","","","","","","","","","","","","","","","","","","","","","","","","","",""
"b2621a2","unknown","unknown","unknown","unknown",0.0,"unknown",15.683553695678711,"unknown",53532.00410199165,"unknown",53595.46327638626,"unknown","unknown","unknown",53609.97496652603,"unknown","","unknown","unknown","unknown","","unknown","","unknown","unknown","unknown","unknown","unknown","unknown","",""
"6099d06",-125380.0838830471,"unknown",-125373.60262703896,-125366.96813225746,0.0,5.802298545837402,982.0689430236816,987.7517471313477,1010.9789102077484,1016.4118266105652,1067.5775878429413,"unknown",1073.765364408493,1079.5697357654572,1094.1825704574585,"unknown","","unknown","unknown","unknown","","unknown","","unknown","unknown",1100.8805034160614,"unknown","unknown",1107.4147613048553,"",""
"d91bf84","unknown","unknown","unknown","unknown",0.0,"unknown",12.494062662124634,"unknown",43.94494986534119,"unknown",83.33844351768494,"unknown","unknown","unknown",99.5547194480896,"unknown","","unknown","unknown","unknown","","unknown","","unknown","unknown","unknown","unknown","unknown","unknown","",""
"c3db77a",-33006.41999435425,"unknown",-33000.30553865433,-32993.24796295166,0.0,5.650496244430542,12.394336462020874,18.37140464782715,23.560837507247925,30.689363718032837,61.589314222335815,"unknown",68.41117310523987,75.3329131603241,81.33284759521484,"unknown","","unknown","unknown","unknown","","unknown","","unknown","unknown",86.89237952232361,"unknown","unknown",92.80708146095276,"",""
"db7d9c3","unknown","unknown","unknown","unknown",0.0,"unknown",984.1781804561615,"unknown",1005.1098480224609,"unknown",1019.95605635643,"unknown","unknown","unknown",1035.6064279079437,"unknown","","unknown","unknown","unknown","","unknown","","unknown","unknown","unknown","unknown","unknown","unknown","",""
"7d9c3_1","unknown","unknown","unknown","unknown",0.0,"unknown",984.1781804561615,"unknown",1005.1098480224609,"unknown",1019.95605635643,"unknown","unknown","unknown",1035.6064279079437,"unknown","","unknown","unknown","unknown","","unknown","","unknown","unknown","unknown","unknown","unknown","unknown","",""
"804c32f",-14849.761883497238,"unknown",-14826.081267356873,-14806.049143075943,0.0,7.1599695682525635,11.948446989059448,19.17301607131958,37.29115843772888,43.71506452560425,80.47826528549194,86.71122288703918,"unknown",92.60541844367981,95.7414014339447,"unknown","","unknown","unknown","unknown","","unknown","","unknown","unknown",102.62018871307373,"unknown","unknown",108.13101029396057,"",""
