"","1","recurso","1b","2","cont","3","cont_1","4","dilema","5","x_1","6A","6B","7","v_x_1","8","x_2","9A","9B","10","v_x_2","11","12A","12B","13_1","13_2","13_3","15","3_1","5_1","2_1"
"518e9b8",-2180.8712918758392,"unknown",-2173.8181931972504,-2168.456092119217,0.0,6.381919860839844,9.191956281661987,16.15432643890381,38.72282886505127,45.39357852935791,62.639055252075195,"unknown",68.71045207977295,74.18582701683044,76.47967863082886,"unknown","","unknown","unknown","unknown","","unknown","unknown","unknown",83.19611239433289,"unknown","unknown",89.14760494232178,"","",""
"b5edd3c",-4517.87740445137,"unknown",-4511.091954469681,-4504.200301647186,0.0,5.475042343139648,18.081206798553467,26.181171417236328,65.19121527671814,70.96868419647217,79.76328635215759,"unknown",85.48507881164551,91.49503946304321,93.69082307815552,"unknown","","unknown","unknown","unknown","","unknown","unknown","unknown",100.8378369808197,"unknown","unknown",107.88464903831482,"","",""
"374ecf8",-50.391215801239014,"unknown",-43.40072202682495,-37.3368444442749,0.0,6.69512677192688,11.113003015518188,19.597718715667725,47.18676018714905,53.59226179122925,61.33831596374512,"unknown",68.03145813941956,74.56213903427124,77.87947726249695,"unknown","","unknown","unknown","unknown","","unknown","unknown","unknown",83.51763582229614,"unknown","unknown",90.01290845870972,"","",""
"89f120b","","","","","","","","","","","","","","","","","","","","","","","","","","","","","","",""
"1883ca0","unknown","unknown","unknown","unknown",0.0,"unknown",13.79913592338562,"unknown",55.377227783203125,"unknown",108.21482157707214,"unknown","unknown","unknown",135.92551016807556,"unknown","","unknown","unknown","unknown","","unknown","unknown","unknown","unknown","unknown","unknown","unknown","","",""
"8d2da97",-9396.334198474884,"unknown",-9390.022659540176,-9383.302524328232,0.0,6.676672458648682,12.650532722473145,21.011067867279053,45.741201877593994,51.7176411151886,59.57464289665222,"unknown",64.98818826675415,70.58915948867798,73.3567328453064,"unknown","","unknown","unknown","unknown","","unknown","unknown","unknown",80.39807724952698,"unknown","unknown",86.05198931694031,"","",""
"2541155",-15412.270539283752,"unknown",-15406.745376110077,-15400.995391607285,0.0,6.845948934555054,18.890399932861328,26.43205976486206,41.12656855583191,47.79108428955078,60.5219783782959,66.3560426235199,"unknown",71.8105537891388,73.51693606376648,"unknown","","unknown","unknown","unknown","","unknown","unknown","unknown",79.8223397731781,"unknown","unknown",86.55806517601013,"","",""
"ac6f3f6",-352842.82080698013,"unknown",-352836.98835635185,-352831.2877135277,0.0,6.124990940093994,13.160969018936157,20.752245903015137,40.969391107559204,47.48670434951782,65.94932150840759,72.820072889328,"unknown",80.05420994758606,82.20978593826294,"unknown","","unknown","unknown","unknown","","unknown","unknown","unknown",89.3479151725769,"unknown","unknown",94.72356748580933,"","",""
"62447b9",-79726.37351679802,"unknown",-79720.57756304741,-79713.94804787636,0.0,7.113134384155273,10.435819625854492,17.96175265312195,36.94174551963806,42.798672676086426,58.68062162399292,"unknown",65.0123291015625,72.28531742095947,74.21049475669861,"unknown","","unknown","unknown","unknown","","unknown","unknown","unknown",80.31845378875732,"unknown","unknown",85.89009761810303,"","",""
"20f3e2e","unknown","unknown","unknown","unknown",0.0,"unknown",11.988569498062134,"unknown",67.78403925895691,"unknown",154.21065831184387,"unknown","unknown","unknown",169.66062712669373,"unknown","","unknown","unknown","unknown","","unknown","unknown","unknown","unknown","unknown","unknown","unknown","","",""
"4e53c5c",-3754.3821263313293,"unknown",-3747.56800031662,-3741.558594226837,0.0,6.934278964996338,14.570186376571655,22.709917545318604,48.287222146987915,53.907835483551025,65.01976728439331,72.04489588737488,"unknown",77.58275961875916,79.98282170295715,"unknown","","unknown","unknown","unknown","","unknown","unknown","unknown",87.21417951583862,"unknown","unknown",94.05162525177002,"","",""
"ac6ecda","","","","","","","","","","","","","","","","","","","","","","","","","","","","","","",""
"c899adb","unknown","unknown","unknown","unknown",0.0,"unknown",61.82369089126587,"unknown",174.79459023475647,"unknown",191.26637816429138,"unknown","unknown","unknown",206.6885528564453,"unknown","","unknown","unknown","unknown","","unknown","unknown","unknown","unknown","unknown","unknown","unknown","","",""
"b8ec123","","","","","","","","","","","","","","","","","","","","","","","","","","","","","","",""
"07b298c","","","","","","","","","","","","","","","","","","","","","","","","","","","","","","",""
"49db8c4",-11613.385953426361,"unknown",-11607.944417953491,-11602.473494291306,0.0,6.155003786087036,13.371550798416138,20.597216367721558,41.764153242111206,48.15435171127319,55.43896269798279,"unknown",62.31033372879028,68.60933566093445,73.39698314666748,"unknown","","unknown","unknown","unknown","","unknown","unknown","unknown",79.64911794662476,"unknown","unknown",85.57528710365295,"","",""
"ea8c0d6",-14740.85526394844,"unknown",-14735.255505561829,-14729.16594004631,0.0,6.462059020996094,11.897451162338257,19.701546907424927,140.18300771713257,146.64016318321228,162.901957988739,"unknown",169.9141788482666,176.80933022499084,178.80903387069702,"unknown","","unknown","unknown","unknown","","unknown","unknown","unknown",184.14579391479492,"unknown","unknown",189.8244273662567,"","",""
"7cf831f",-69.4585120677948,"unknown",-63.54579401016235,-57.33522391319275,0.0,5.866612195968628,7.615918397903442,16.177884578704834,98.65171837806702,105.8362545967102,120.46842670440674,"unknown",125.96988368034363,131.55786800384521,137.6320984363556,"unknown","","unknown","unknown","unknown","","unknown","unknown","unknown",144.41132855415344,"unknown","unknown",149.79570531845093,"","",""
"41f497c","","","","","","","","","","","","","","","","","","","","","","","","","","","","","","",""
"f496964","","","","","","","","","","","","","","","","","","","","","","","","","","","","","","",""
"68c3192","","","","","","","","","","","","","","","","","","","","","","","","","","","","","","",""
"eb77de6","","","","","","","","","","","","","","","","","","","","","","","","","","","","","","",""
"8ce483d",-156152.92548680305,"unknown",-156147.01978826523,-156140.11360764503,0.0,6.249140977859497,8.504637002944946,15.391889810562134,27.741411447525024,34.08221626281738,51.295517444610596,"unknown",56.5889675617218,63.26563811302185,69.95522952079773,"unknown","","unknown","unknown","unknown","","unknown","unknown","unknown",75.53007769584656,"unknown","unknown",82.26836323738098,"","",""
"79868cd","unknown","unknown","unknown","unknown",0.0,"unknown",8.382862091064453,"unknown",25.495320558547974,"unknown",43.865025758743286,"unknown","unknown","unknown",56.77982711791992,"unknown","","unknown","unknown","unknown","","unknown","unknown","unknown","unknown","unknown","unknown","unknown","","",""
"56ee475",-9140.503724575043,"unknown",-9133.966486215591,-9126.799151420593,0.0,6.176376819610596,175.8747010231018,184.30085253715515,183149.25260138512,183156.81779694557,183186.08954000473,"unknown",183192.58068561554,183197.90963888168,183199.30636787415,"unknown","","unknown","unknown","unknown","","unknown","unknown","unknown",183205.65780687332,"unknown","unknown",183211.71107244492,"","",""
"916c172",-8287.344551563263,"unknown",-8280.421847581863,-8274.805992364883,0.0,6.5881383419036865,54.88532018661499,63.27128791809082,9187.620215654373,9193.585633993149,9199.270937919617,"unknown",9205.27557516098,9210.664240598679,9283.267007350922,"unknown","","unknown","unknown","unknown","","unknown","unknown","unknown",9289.847282886505,"unknown","unknown",9297.027239084244,"","",""
"d9696dd",-3281.125018119812,"unknown",-3274.284704685211,-3267.6510508060455,0.0,7.302230596542358,15.521476984024048,22.51255226135254,43.328322410583496,49.94306039810181,447617.4218752384,447623.4703950882,"unknown",447628.80992007256,447630.66383457184,"unknown","","unknown","unknown","unknown","","unknown","unknown","unknown",447637.66485214233,"unknown","unknown",447644.67387247086,"","",""
"eff7ebe",-4764.776695489883,"unknown",-4758.018374443054,-4752.579043149948,0.0,7.336706161499023,9.64991044998169,17.025538444519043,34.53191351890564,40.93477916717529,52.521660566329956,"unknown",58.55325245857239,64.1927285194397,66.8184757232666,"unknown","","unknown","unknown","unknown","","unknown","unknown","unknown",73.9445583820343,"unknown","unknown",80.64386701583862,"","",""
"5d4fcbe",-2850.4329731464386,"unknown",-2843.3362214565277,-2837.468586921692,0.0,6.755441904067993,11.954686880111694,19.127113819122314,39.99426627159119,47.13527750968933,58.11440992355347,"unknown",65.38165783882141,71.69999432563782,78.25869464874268,"unknown","","unknown","unknown","unknown","","unknown","unknown","unknown",84.58883905410767,"unknown","unknown",89.99869990348816,"","",""
"170bd80",-230882.42855501175,"unknown",-230876.45409727097,-230871.15087509155,0.0,6.776162624359131,9.982155799865723,18.422318696975708,38.1416654586792,44.33505606651306,61.362789154052734,67.99322628974915,"unknown",73.4296886920929,75.50203943252563,"unknown","","unknown","unknown","unknown","","unknown","unknown","unknown",82.16775918006897,"unknown","unknown",88.14985179901123,"","",""
"7a54533",-30.2294704914093,"unknown",-23.95603370666504,-16.823487281799316,0.0,5.705873727798462,13.047358512878418,20.570873022079468,41.82026505470276,48.13304257392883,53.022112131118774,"unknown",59.51311016082764,66.03444337844849,68.79770183563232,"unknown","","unknown","unknown","unknown","","unknown","unknown","unknown",75.4008457660675,"unknown","unknown",82.68494391441345,"","",""
"d874e84","","","","","","","","","","","","","","","","","","","","","","","","","","","","","","",""
"c28b1a9","","","","","","","","","","","","","","","","","","","","","","","","","","","","","","",""
"7384692","","","","","","","","","","","","","","","","","","","","","","","","","","","","","","",""
"90ccafb","","","","","","","","","","","","","","","","","","","","","","","","","","","","","","",""
"0327530",-683.3594789505005,"unknown",-676.5448231697083,-670.6256980895996,0.0,6.314123153686523,12.742005825042725,20.557024478912354,66.74378943443298,73.55461931228638,88.80468201637268,"unknown",95.23532176017761,102.00115633010864,107.79185628890991,"unknown","","unknown","unknown","unknown","","unknown","unknown","unknown",114.60717916488647,"unknown","unknown",120.53003668785095,"","",""
"47dcadc",-10484.504687070847,"unknown",-10479.206045627594,-10472.891627550125,0.0,6.641931056976318,17.123967170715332,23.872180938720703,74.20881485939026,81.48397588729858,106.56633281707764,"unknown",112.05242347717285,119.32765245437622,121.65038251876831,"unknown","","unknown","unknown","unknown","","unknown","unknown","unknown",126.95756340026855,"unknown","unknown",134.11444807052612,"","",""
"233ee90","","","","","","","","","","","","","","","","","","","","","","","","","","","","","","",""
"db844b1","","","","","","","","","","","","","","","","","","","","","","","","","","","","","","",""
"e4c0f9c","","","","","","","","","","","","","","","","","","","","","","","","","","","","","","",""
"fd01af9","","","","","","","","","","","","","","","","","","","","","","","","","","","","","","",""
"77a5d2f","","","","","","","","","","","","","","","","","","","","","","","","","","","","","","",""
"b92dee2","","","","","","","","","","","","","","","","","","","","","","","","","","","","","","",""
"50ec1c5","","","","","","","","","","","","","","","","","","","","","","","","","","","","","","",""
"11892fd","","","","","","","","","","","","","","","","","","","","","","","","","","","","","","",""
"5ba2fe6","","","","","","","","","","","","","","","","","","","","","","","","","","","","","","",""
"c94e42e",-1095.7513196468353,"unknown",-1088.151376247406,-1080.9210076332092,0.0,5.8793768882751465,10.76396918296814,18.76277470588684,33.51490640640259,39.17672157287598,47.43526101112366,"unknown",53.293776750564575,59.29621434211731,62.36887073516846,"unknown","","unknown","unknown","unknown","","unknown","unknown","unknown",68.4364058971405,"unknown","unknown",74.77533340454102,"","",""
"ee4b6cd","","","","","","","","","","","","","","","","","","","","","","","","","","","","","","",""
"f2291ba","","","","","","","","","","","","","","","","","","","","","","","","","","","","","","",""
"fb6ca94","","","","","","","","","","","","","","","","","","","","","","","","","","","","","","",""
"516417f",-119120.00507998466,"unknown",-119113.09203648567,-119107.15038752556,0.0,5.778083086013794,14.08081316947937,22.67984676361084,51.259669065475464,57.286282539367676,67.43441224098206,"unknown",72.94975519180298,79.11028575897217,83.65784478187561,"unknown","","unknown","unknown","unknown","","unknown","unknown","unknown",90.66579270362854,"unknown","unknown",96.46719622612,"","",""
"7a0eabe","","","","","","","","","","","","","","","","","","","","","","","","","","","","","","",""
"7b65802","","","","","","","","","","","","","","","","","","","","","","","","","","","","","","",""
"5e09b84","","","","","","","","","","","","","","","","","","","","","","","","","","","","","","",""
"7da3821","","","","","","","","","","","","","","","","","","","","","","","","","","","","","","",""
"2f5762a",-24483.21538043022,"unknown",-24477.004566192627,-24470.271934747696,0.0,7.378876447677612,11.099403619766235,18.310030937194824,31.122567176818848,37.59676456451416,43.88013315200806,"unknown",50.35738778114319,57.32427477836609,59.00785994529724,"unknown","","unknown","unknown","unknown","","unknown","unknown","unknown",66.08556580543518,"unknown","unknown",72.87560415267944,"","",""
"50a0fdd",-67.32919764518738,"unknown",-61.746976375579834,-55.25417995452881,0.0,7.14463472366333,10.46351170539856,17.48768639564514,29.895853757858276,35.7688672542572,45.70572113990784,"unknown",51.70911264419556,57.198363304138184,59.38959574699402,"unknown","","unknown","unknown","unknown","","unknown","unknown","unknown",66.09810519218445,"unknown","unknown",72.12386631965637,"","",""
"b7cec81",-15194.924904584885,"unknown",-15189.4805560112,-15184.093854665756,0.0,6.76853346824646,10.86803412437439,18.724417686462402,30.578002452850342,36.65701341629028,46.687402963638306,"unknown",52.17213845252991,57.74059081077576,59.780763387680054,"unknown","","unknown","unknown","unknown","","unknown","unknown","unknown",65.26250743865967,"unknown","unknown",71.7528567314148,"","",""
"bf983ba",-27.124670267105103,"unknown",-20.126171588897705,-14.48263430595398,0.0,5.665738582611084,9.010396480560303,17.008373975753784,38.63496494293213,44.62803506851196,50.264230251312256,"unknown",57.450212478637695,64.24161696434021,65.97459292411804,"unknown","","unknown","unknown","unknown","","unknown","unknown","unknown",72.90824842453003,"unknown","unknown",78.38704800605774,"","",""
"b53b559","","","","","","","","","","","","","","","","","","","","","","","","","","","","","","",""
"4a92bfd","","","","","","","","","","","","","","","","","","","","","","","","","","","","","","",""
"90434eb","","","","","","","","","","","","","","","","","","","","","","","","","","","","","","",""
"37674f9","","","","","","","","","","","","","","","","","","","","","","","","","","","","","","",""
"0dc300b","","","","","","","","","","","","","","","","","","","","","","","","","","","","","","",""
"1800004","","","","","","","","","","","","","","","","","","","","","","","","","","","","","","",""
"7b3c431",-41625.02644300461,"unknown",-41618.53968453407,-41612.66747045517,0.0,6.02783203125,10.76857590675354,18.65834069252014,35.63864850997925,42.34108209609985,111.03083324432373,"unknown",118.19650983810425,123.5763099193573,124.95316410064697,"unknown","","unknown","unknown","unknown","","unknown","unknown","unknown",131.84156942367554,"unknown","unknown",137.3724811077118,"","",""
"2457ed6",-119028.79111456871,"unknown",-119023.10377073288,-119017.49328994751,0.0,6.050580263137817,8.944279193878174,16.054359197616577,32.77895140647888,38.722835302352905,53.72255349159241,"unknown",60.31678009033203,65.6452488899231,69.17285442352295,"unknown","","unknown","unknown","unknown","","unknown","unknown","unknown",75.68321704864502,"unknown","unknown",82.86486864089966,"","",""
"c4bba29",-1234.7036776542664,"unknown",-1052.8412246704102,-870.5500302314758,0.0,6.767831325531006,8.60291600227356,15.625622987747192,40.38662600517273,46.50642800331116,58.78406262397766,65.1447422504425,"unknown",70.83768820762634,73.22246313095093,"unknown","","unknown","unknown","unknown","","unknown","unknown","unknown",80.08151364326477,"unknown","unknown",85.6205701828003,"","",""
"2dffb9e",-16.488043546676636,"unknown",-9.281042337417603,-2.0061261653900146,0.0,6.839613914489746,8.538639783859253,15.885749578475952,29.785745859146118,35.93969011306763,42.28378677368164,"unknown",49.61341071128845,56.34920692443848,58.624340534210205,"unknown","","unknown","unknown","unknown","","unknown","unknown","unknown",65.73617792129517,"unknown","unknown",72.46680212020874,"","",""
"7a35b75",-16121.883735179901,"unknown",-16116.53827548027,-16111.06996846199,0.0,6.493136644363403,13.43393850326538,21.312235355377197,53.089401721954346,59.93215894699097,69.12110733985901,"unknown",74.42366242408752,81.49821162223816,84.14627599716187,"unknown","","unknown","unknown","unknown","","unknown","unknown","unknown",90.37628507614136,"unknown","unknown",97.53482747077942,"","",""
"3883e37","","","","","","","","","","","","","","","","","","","","","","","","","","","","","","",""
"eacd6a3","","","","","","","","","","","","","","","","","","","","","","","","","","","","","","",""
"d09321f","","","","","","","","","","","","","","","","","","","","","","","","","","","","","","",""
"58b1c8e","","","","","","","","","","","","","","","","","","","","","","","","","","","","","","",""
"bf3dfcf","","","","","","","","","","","","","","","","","","","","","","","","","","","","","","",""
"80e625f","","","","","","","","","","","","","","","","","","","","","","","","","","","","","","",""
"9846ca8","","","","","","","","","","","","","","","","","","","","","","","","","","","","","","",""
"cc02471",-97778.62218308449,"unknown",-97772.93010187149,-97767.00061941147,0.0,6.0368030071258545,10.315893411636353,18.451512098312378,42.15602469444275,47.732404947280884,74.13908958435059,"unknown",79.60207033157349,85.18979120254517,87.30431056022644,"unknown","","unknown","unknown","unknown","","unknown","unknown","unknown",94.27834725379944,"unknown","unknown",99.5857412815094,"","",""
"0a30844",-30893.51061439514,"unknown",-30886.937307596207,-30880.272361040115,0.0,6.104449987411499,11.62241816520691,18.90412950515747,38.69113779067993,45.65808892250061,55.58075022697449,"unknown",62.58633470535278,68.28464603424072,70.74629163742065,"unknown","","unknown","unknown","unknown","","unknown","unknown","unknown",76.56859827041626,"unknown","unknown",82.63028883934021,"","",""
"43d0b63",-44.72517657279968,"unknown",-38.23738074302673,-31.522451162338257,0.0,5.932913780212402,5316971.376751423,5316978.724095106,5316997.299769402,5317004.393250942,5317016.368947744,"unknown",5317023.1780536175,5317028.663146734,5317030.931053877,"unknown","","unknown","unknown","unknown","","unknown","unknown","unknown",5317036.601135254,"unknown","unknown",5317043.152482271,35032.37264585495,"",""
"addf295",-125823.71903204918,"unknown",-125818.43424367905,-125811.78388500214,0.0,5.276750087738037,11.59280276298523,19.764485359191895,68.87839365005493,75.22535872459412,125.14351177215576,"unknown",130.5645627975464,136.67227387428284,138.99019050598145,"unknown","","unknown","unknown","unknown","","unknown","unknown","unknown",144.9672212600708,"unknown","unknown",150.34929156303406,"","",""
"1a8e45b",-9412.875021219254,"unknown",-9407.410370588303,-9400.379495382309,0.0,6.384601354598999,11.241288423538208,18.505394220352173,32.88542866706848,39.95202660560608,45.44786238670349,"unknown",50.998204946517944,56.639299631118774,60.7792272567749,"unknown","","unknown","unknown","unknown","","unknown","unknown","unknown",66.16188645362854,"unknown","unknown",72.80715584754944,"","",""
"5f2a1aa","","","","","","","","","","","","","","","","","","","","","","","","","","","","","","",""
"87b3434","","","","","","","","","","","","","","","","","","","","","","","","","","","","","","",""
"bd305b8","","","","","","","","","","","","","","","","","","","","","","","","","","","","","","",""
"4b70ed3",-407.01926493644714,"unknown",-224.14826130867004,-43.016369104385376,0.0,80.26081395149231,87.387455701828,130.7757704257965,151.91940259933472,173.46872091293335,188.7230830192566,"unknown",196.97655701637268,205.37278175354004,207.4230179786682,"unknown","","unknown","unknown","unknown","","unknown","unknown","unknown",213.63083910942078,"unknown","unknown",220.26595497131348,"","",""
"8ec15bc",-13.016716241836548,"unknown",-6.890592813491821,-1.4364604949951172,0.0,7.122994899749756,17.11635971069336,24.306002378463745,1119.8724646568298,1125.8745687007904,1134.2707664966583,"unknown",1139.7882421016693,1145.170717716217,1147.201328754425,"unknown","","unknown","unknown","unknown","","unknown","unknown","unknown",1153.444461107254,"unknown","unknown",1159.3245494365692,"","",""
"6c8906b","","","","","","","","","","","","","","","","","","","","","","","","","","","","","","",""
"dae9b13","","","","","","","","","","","","","","","","","","","","","","","","","","","","","","",""
"4828266","","","","","","","","","","","","","","","","","","","","","","","","","","","","","","",""
"614fc3f",-21866.07746362686,"unknown",-21859.73929452896,-21852.59160876274,0.0,5.8716442584991455,28.827765703201294,36.757609844207764,48.96499252319336,54.33128046989441,60.216354846954346,"unknown",66.70842146873474,72.48249936103821,74.84719562530518,"unknown","","unknown","unknown","unknown","","unknown","unknown","unknown",80.38643717765808,"unknown","unknown",87.48867535591125,"","",""
"a300755","","","","","","","","","","","","","","","","","","","","","","","","","","","","","","",""
"802d704","","","","","","","","","","","","","","","","","","","","","","","","","","","","","","",""
"e892cd4","","","","","","","","","","","","","","","","","","","","","","","","","","","","","","",""
"ac42d69",-70.6794650554657,"unknown",-64.75923013687134,-57.48513889312744,0.0,6.828474521636963,31.401240348815918,40.092369079589844,54.945985078811646,61.60844874382019,68.32373571395874,"unknown",74.53435230255127,81.28839945793152,83.76368045806885,"unknown","","unknown","unknown","unknown","","unknown","unknown","unknown",90.36302042007446,"unknown","unknown",95.98043179512024,"","",""
"7bb45d3",-1535.5613341331482,"unknown",-1529.1647081375122,-1523.2233393192291,0.0,6.440626859664917,11.257785081863403,18.54019546508789,42.81559491157532,48.225550174713135,59.629401206970215,"unknown",65.87231826782227,71.9835090637207,76.22389960289001,"unknown","","unknown","unknown","unknown","","unknown","unknown","unknown",83.29385161399841,"unknown","unknown",89.17026424407959,"","",""
"7622483","","","","","","","","","","","","","","","","","","","","","","","","","","","","","","",""
"730747e",-2980.0900480747223,"unknown",-2974.3730905056,-2969.088931083679,0.0,6.62618350982666,11.382413864135742,19.203274726867676,34.40041780471802,40.89989495277405,47.558475732803345,"unknown",54.27327084541321,61.56733703613281,63.59481954574585,"unknown","","unknown","unknown","unknown","","unknown","unknown","unknown",69.24882888793945,"unknown","unknown",75.9174792766571,"","",""
"07ff49d",-1319.937903881073,"unknown",-1312.9760494232178,-1307.0253376960754,0.0,6.377864122390747,9.039329528808594,17.380656242370605,33.26599955558777,39.579180002212524,49.45056176185608,"unknown",54.76996970176697,61.745107650756836,65.01904773712158,"unknown","","unknown","unknown","unknown","","unknown","unknown","unknown",70.38900804519653,"unknown","unknown",76.63639974594116,"","",""
"22fdb61","","","","","","","","","","","","","","","","","","","","","","","","","","","","","","",""
"db046f2","","","","","","","","","","","","","","","","","","","","","","","","","","","","","","",""
"99ee852",-5944.974778652191,"unknown",-5937.989391565323,-5931.075089931488,0.0,6.386263847351074,13.61910629272461,21.7558171749115,37.290743350982666,42.73094940185547,60.44193077087402,"unknown",66.70632457733154,73.71358156204224,78.68351769447327,"unknown","","unknown","unknown","unknown","","unknown","unknown","unknown",84.33940577507019,"unknown","unknown",89.93659210205078,"","",""
"ad2fc5b",-87.92249131202698,"unknown",-82.38102984428406,-76.86356043815613,0.0,6.371753215789795,7.90571665763855,15.993765354156494,36.418214082717896,43.4646532535553,81.00888276100159,"unknown",86.7636387348175,93.2354063987732,95.37984251976013,"unknown","","unknown","unknown","unknown","","unknown","unknown","unknown",101.00014424324036,"unknown","unknown",107.07535696029663,"","",""
"d318264","","","","","","","","","","","","","","","","","","","","","","","","","","","","","","",""
"741ef32",-224.1279218196869,"unknown",-218.7977237701416,-212.70175623893738,0.0,5.895114421844482,11.128118991851807,18.08811855316162,47.65504336357117,53.56640148162842,71.57305955886841,78.47576332092285,"unknown",84.20056462287903,86.13900423049927,"unknown","","unknown","unknown","unknown","","unknown","unknown","unknown",93.63568305969238,"unknown","unknown",100.61409568786621,"","",""
"b75259d","","","","","","","","","","","","","","","","","","","","","","","","","","","","","","",""
"b67425b","","","","","","","","","","","","","","","","","","","","","","","","","","","","","","",""
"446ad6c",-11121.925400972366,"unknown",-11115.899517059326,-11109.974863052368,0.0,6.69391655921936,9.998379707336426,18.404448747634888,32.55632781982422,38.123197078704834,46.80345010757446,"unknown",53.891953468322754,59.630523920059204,61.85475707054138,"unknown","","unknown","unknown","unknown","","unknown","unknown","unknown",68.7200710773468,"unknown","unknown",75.63692927360535,"","",""
"70405ea","","","","","","","","","","","","","","","","","","","","","","","","","","","","","","",""
"1117a63",-350.8779830932617,"unknown",-344.62355852127075,-339.0169334411621,0.0,5.6234612464904785,10.935135126113892,19.377878665924072,37.4032826423645,43.03100657463074,50.69327998161316,"unknown",57.619850635528564,64.50553584098816,66.7263650894165,"unknown","","unknown","unknown","unknown","","unknown","unknown","unknown",72.94224047660828,"unknown","unknown",78.2489857673645,"","",""
"537189f","","","","","","","","","","","","","","","","","","","","","","","","","","","","","","",""
"17b5a6e","","","","","","","","","","","","","","","","","","","","","","","","","","","","","","",""
"d3e37eb",-18569.97274851799,"unknown",-18564.006277561188,-18558.642094373703,0.0,7.124348163604736,11.628652811050415,19.394527912139893,34.11750936508179,40.23558568954468,46.74383306503296,"unknown",53.399620056152344,59.681010484695435,61.037962198257446,"unknown","","unknown","unknown","unknown","","unknown","unknown","unknown",68.17611837387085,"unknown","unknown",74.64908742904663,"","",""
"2ee7f92",-3710.296309709549,"unknown",-3703.1929557323456,-3697.7740631103516,0.0,6.0043418407440186,9.23853874206543,16.46784806251526,36.6667058467865,42.209935665130615,51.24919128417969,"unknown",57.45805239677429,64.199294090271,68.34742379188538,"unknown","","unknown","unknown","unknown","","unknown","unknown","unknown",73.97761249542236,"unknown","unknown",79.28729486465454,"","",""
"89d63ed",-816.4295167922974,"unknown",-811.035487651825,-804.2069821357727,0.0,6.422642707824707,8.316624164581299,16.951491355895996,39.73545837402344,45.88445854187012,50.96862053871155,"unknown",56.655778884887695,63.9036865234375,71.00397443771362,"unknown","","unknown","unknown","unknown","","unknown","unknown","unknown",77.31007432937622,"unknown","unknown",83.54122233390808,"","",""
"c0a644e",-375.93301939964294,"unknown",-370.5150647163391,-364.738254070282,0.0,5.408605098724365,10.144022941589355,18.43087887763977,43.51254391670227,49.614264488220215,110.01486492156982,117.12054538726807,"unknown",122.87090587615967,179.76770901679993,"unknown","","unknown","unknown","unknown","","unknown","unknown","unknown",185.226135969162,"unknown","unknown",191.08028936386108,"","",""
"80f558b",-64064.319754362106,"unknown",-64057.51020717621,-64051.344761133194,0.0,6.312218427658081,12.157629251480103,19.129042148590088,38.45762014389038,44.606682777404785,60.6663031578064,66.86505556106567,"unknown",72.56175494194031,75.2771577835083,"unknown","","unknown","unknown","unknown","","unknown","unknown","unknown",82.23338222503662,"unknown","unknown",87.7096643447876,"","",""
"87e4f18",-6756.3372967243195,"unknown",-6750.752725362778,-6743.8500781059265,0.0,6.97365927696228,12.443373680114746,19.492147207260132,34.4023597240448,40.80648946762085,47.32424592971802,53.61042046546936,"unknown",60.04010987281799,62.36536145210266,"unknown","","unknown","unknown","unknown","","unknown","unknown","unknown",68.254141330719,"unknown","unknown",75.156259059906,"","",""
"0186834",-186327.83725857735,"unknown",-186320.95893454552,-186314.06716156006,0.0,6.498817205429077,12.821133136749268,20.77083420753479,86.88129019737244,93.13194060325623,102.82568168640137,"unknown",109.09056210517883,115.84110164642334,119.19391512870789,"unknown","","unknown","unknown","unknown","","unknown","unknown","unknown",125.35029411315918,"unknown","unknown",130.88635158538818,"","",""
"0355f6d",-1058306.3318543434,"unknown",-1058299.7145078182,-1058294.4126999378,0.0,6.7395055294036865,14.530681133270264,22.859466314315796,66.09021782875061,71.60901379585266,94.18201661109924,"unknown",99.734619140625,106.78018641471863,108.76700139045715,"unknown","","unknown","unknown","unknown","","unknown","unknown","unknown",114.40305233001709,"unknown","unknown",121.42556428909302,"","",""
"fa6a8b8","","","","","","","","","","","","","","","","","","","","","","","","","","","","","","",""
"145d339",-2271.4206540584564,"unknown",-2264.608291864395,-2258.179322242737,0.0,6.48464298248291,9.87187147140503,17.97705864906311,37.38711714744568,42.81355309486389,51.34281325340271,"unknown",58.14991021156311,64.14884209632874,65.95082545280457,"unknown","","unknown","unknown","unknown","","unknown","unknown","unknown",71.34663534164429,"unknown","unknown",78.52684497833252,"","",""
"e96f42c","","","","","","","","","","","","","","","","","","","","","","","","","","","","","","",""
"f382ec0","","","","","","","","","","","","","","","","","","","","","","","","","","","","","","",""
"962a7dd",-8274.149355173111,"unknown",-8268.610476255417,-8262.877657175064,0.0,6.39484715461731,15.047642469406128,24.04432702064514,37.62012052536011,43.95229959487915,69.83300685882568,"unknown",76.53968644142151,83.58880567550659,86.30133104324341,"unknown","","unknown","unknown","unknown","","unknown","unknown","unknown",92.36886954307556,"unknown","unknown",98.46937274932861,"","",""
"5c97513","","","","","","","","","","","","","","","","","","","","","","","","","","","","","","",""
"acc6118",-59755.04022717476,"unknown",-59749.075660943985,-59741.98526620865,0.0,5.470754861831665,12.025428295135498,18.864017248153687,439.0521574020386,445.9891610145569,465.6306564807892,"unknown",472.6446990966797,479.60856437683105,482.7576975822449,"unknown","","unknown","unknown","unknown","","unknown","unknown","unknown",489.9441382884979,"unknown","unknown",495.274432182312,"","",""
"d33371d",-426545.9829759598,"unknown",-426540.074750185,-426533.1268565655,0.0,6.170593023300171,14.535102367401123,21.853706121444702,60.957472801208496,67.33642792701721,81.93003916740417,"unknown",88.20924758911133,94.1074275970459,96.45732569694519,"unknown","","unknown","unknown","unknown","","unknown","unknown","unknown",103.75086069107056,"unknown","unknown",110.45905137062073,"","",""
"5d45bd1","","","","","","","","","","","","","","","","","","","","","","","","","","","","","","",""
"cfcbc2d","","","","","","","","","","","","","","","","","","","","","","","","","","","","","","",""
"98ecb86",-1731.1436188220978,"unknown",-1724.257952928543,-1718.5655553340912,0.0,5.340103626251221,8.187899112701416,16.995186805725098,26.99254298210144,32.64567279815674,38.68308901786804,"unknown",44.50799536705017,50.70097494125366,52.40331435203552,"unknown","","unknown","unknown","unknown","","unknown","unknown","unknown",57.78588128089905,"unknown","unknown",64.70171236991882,"","",""
"7636563",-54108.18838453293,"unknown",-54102.55942940712,-54097.20900392532,0.0,6.423141956329346,9.648359775543213,18.289640426635742,46.40201139450073,52.87849402427673,62.998809814453125,"unknown",70.06327366828918,77.2176263332367,79.05136799812317,"unknown","","unknown","unknown","unknown","","unknown","unknown","unknown",86.14511942863464,"unknown","unknown",91.40030694007874,"","",""
"5d2b358",-4000.7665617465973,"unknown",-3994.678189277649,-3988.0632889270782,0.0,6.302785634994507,12.3028724193573,20.174540996551514,488.79082012176514,495.58177065849304,503.6657199859619,"unknown",510.8041322231293,517.6929335594177,519.354888677597,"unknown","","unknown","unknown","unknown","","unknown","unknown","unknown",525.5834214687347,"unknown","unknown",532.7813670635223,"","",""
"5d9ae0c","","","","","","","","","","","","","","","","","","","","","","","","","","","","","","",""
"73d4e20","","","","","","","","","","","","","","","","","","","","","","","","","","","","","","",""
"be94a32","","","","","","","","","","","","","","","","","","","","","","","","","","","","","","",""
"9f972fb","","","","","","","","","","","","","","","","","","","","","","","","","","","","","","",""
"6e93efd",-6236.724228858948,"unknown",-6229.9235689640045,-6224.383172273636,0.0,6.600566864013672,8.948961734771729,17.485891819000244,35.51785469055176,41.64310932159424,1132008.0922415257,1132013.590116024,"unknown",1132020.4051976204,1132021.9295172691,"unknown","","unknown","unknown","unknown","","unknown","unknown","unknown",1132027.3212451935,"unknown","unknown",1132033.0685844421,"",1123612.047687292,""
"5a4afae","","","","","","","","","","","","","","","","","","","","","","","","","","","","","","",""
"c34e373","","","","","","","","","","","","","","","","","","","","","","","","","","","","","","",""
"6bac72b",-285.25244903564453,"unknown",-278.68263816833496,-272.82760190963745,0.0,28.56240463256836,49.61852431297302,57.15459370613098,76.11332964897156,82.50543355941772,90.50851774215698,"unknown",97.12778162956238,103.94044208526611,105.74623560905457,"unknown","","unknown","unknown","unknown","","unknown","unknown","unknown",112.16479110717773,"unknown","unknown",118.40980005264282,"","",""
"c9285e4",-272.4860849380493,"unknown",-266.228497505188,-260.0136959552765,0.0,7.134991407394409,10.08200216293335,16.89203715324402,34.396671295166016,41.75030875205994,50.21810722351074,"unknown",56.82625341415405,63.945597648620605,68.8495523929596,"unknown","","unknown","unknown","unknown","","unknown","unknown","unknown",75.84406566619873,"unknown","unknown",82.77659344673157,"","",""
"bd4b2f4",-309.1469087600708,"unknown",-302.9223725795746,-296.10250306129456,0.0,6.672253847122192,11.174980401992798,18.53714632987976,59.31138205528259,64.77329158782959,77.1791181564331,"unknown",83.8500919342041,90.82786798477173,92.76574444770813,"unknown","","unknown","unknown","unknown","","unknown","unknown","unknown",99.66796517372131,"unknown","unknown",105.53532695770264,"","",""
"bd650e8","","","","","","","","","","","","","","","","","","","","","","","","","","","","","","",""
"b81bc6e","","","","","","","","","","","","","","","","","","","","","","","","","","","","","","",""
"0ff20c2",-8547.522845745087,"unknown",-8541.088711500168,-8534.14458823204,0.0,6.308003902435303,17.429744005203247,25.42071795463562,50.27891540527344,56.32747197151184,63.28298020362854,"unknown",68.68943667411804,75.22363424301147,77.26399850845337,"unknown","","unknown","unknown","unknown","","unknown","unknown","unknown",92.28737306594849,"unknown","unknown",98.75016665458679,"","",""
"b0e3caa","","","","","","","","","","","","","","","","","","","","","","","","","","","","","","",""
"45f7f6c",-942.9338421821594,"unknown",-937.7443625926971,-930.9380605220795,0.0,6.8381171226501465,8.121376752853394,16.649739027023315,30.150503635406494,36.296602964401245,56.096763134002686,62.04961037635803,"unknown",68.37451791763306,75.2252881526947,"unknown","","unknown","unknown","unknown","","unknown","unknown","unknown",81.63007760047913,"unknown","unknown",86.86916875839233,"","",""
"1df700a","","","","","","","","","","","","","","","","","","","","","","","","","","","","","","",""
"d3a396c",-44824.75792336464,"unknown",-44818.75549578667,-44811.66691350937,0.0,7.190213680267334,8.628365993499756,16.657437324523926,42.26579213142395,49.194419860839844,66.89681005477905,73.21362352371216,"unknown",78.43517136573792,588.6328861713409,"unknown","","unknown","unknown","unknown","","unknown","unknown","unknown",594.8736116886139,"unknown","unknown",600.137190580368,"","",""
"79b129c",-460.1282832622528,"unknown",-454.06786942481995,-448.4809033870697,0.0,6.403971195220947,8.77315902709961,18.408748149871826,53.149266481399536,60.21187877655029,75.33915877342224,"unknown",81.00854420661926,87.77590227127075,89.32952308654785,"unknown","","unknown","unknown","unknown","","unknown","unknown","unknown",95.22172474861145,"unknown","unknown",100.95311784744263,"","",""
"d85b5c4",-12872.064563035965,"unknown",-12865.083086013794,-12859.357505083084,0.0,7.009380340576172,15.466643810272217,22.781761169433594,33.328336238861084,39.18780279159546,45.03004002571106,"unknown",51.981486558914185,59.19658350944519,61.431825160980225,"unknown","","unknown","unknown","unknown","","unknown","unknown","unknown",67.76844000816345,"unknown","unknown",74.22227740287781,"","",""
"43b56f8","","","","","","","","","","","","","","","","","","","","","","","","","","","","","","",""
"3ecbabb","","","","","","","","","","","","","","","","","","","","","","","","","","","","","","",""
"c9c92b5",-7137.325703859329,"unknown",-7131.192471027374,-7125.735121011734,0.0,5.270745277404785,8.141609907150269,15.053967475891113,30.587968349456787,36.70820689201355,115.60575366020203,"unknown",122.79035925865173,129.11493039131165,133.56974816322327,"unknown","","unknown","unknown","unknown","","unknown","unknown","unknown",139.76768016815186,"unknown","unknown",146.74281001091003,"","",""
"f9b9236",-4317.106343746185,"unknown",-4310.652674436569,-4304.088527679443,0.0,6.3516151905059814,11.383513689041138,19.680028915405273,33.385353565216064,39.08386731147766,56.45421600341797,"unknown",62.79118204116821,68.54319214820862,70.80267071723938,"unknown","","unknown","unknown","unknown","","unknown","unknown","unknown",77.23665261268616,"unknown","unknown",83.78754615783691,"","",""
"4a0236d","","","","","","","","","","","","","","","","","","","","","","","","","","","","","","",""
"b7a265d",-25.22513771057129,"unknown",-19.43017816543579,-13.64147400856018,0.0,6.171213150024414,12.155227422714233,19.20281147956848,35.97709035873413,42.95726132392883,53.432974100112915,"unknown",60.06444692611694,66.34848284721375,71.74312162399292,"unknown","","unknown","unknown","unknown","","unknown","unknown","unknown",78.37601256370544,"unknown","unknown",83.72991514205933,"","",""
"912afde","","","","","","","","","","","","","","","","","","","","","","","","","","","","","","",""
"c97639e",-24676.11671280861,"unknown",-24670.57856154442,-24664.829830169678,0.0,6.418923377990723,648.8730294704437,656.1396272182465,677.9782319068909,684.2188913822174,700.878187417984,706.5092203617096,"unknown",713.5475027561188,721.6355655193329,727.4288191795349,730.5118732452393,"unknown",736.5121653079987,743.4838774204254,747.7361025810242,"unknown","unknown","unknown","unknown",753.6468527317047,"unknown",759.8206651210785,"","",""
"af72486",-110199.5170173645,"unknown",-110192.99759602547,-110187.79997968674,0.0,5.40020227432251,13.432840347290039,21.241774320602417,62.95201110839844,68.51889157295227,391.01626443862915,"unknown",397.55411314964294,404.3108329772949,406.94323444366455,"unknown","","unknown","unknown","unknown","","unknown","unknown","unknown",413.252641916275,"unknown","unknown",420.03144812583923,"","",""
"e2517d9","","","","","","","","","","","","","","","","","","","","","","","","","","","","","","",""
"1e88a68",-520335.99390649796,"unknown",-520329.67596268654,-520322.5823171139,0.0,7.167808771133423,17.518433332443237,26.13120722770691,70.03643727302551,75.66490983963013,85.60413241386414,"unknown",91.61844515800476,97.70399737358093,101.61817407608032,"unknown","","unknown","unknown","unknown","","unknown","unknown","unknown",107.5842354297638,"unknown","unknown",114.84019541740417,"","",""
"9d97673","","","","","","","","","","","","","","","","","","","","","","","","","","","","","","",""
"aa07d95",-20685.828332901,"unknown",-20679.07881140709,-20673.093856334686,0.0,5.757031679153442,8.341870069503784,15.870954513549805,47.43990087509155,53.74272036552429,61.471017837524414,"unknown",67.80712485313416,74.75679659843445,77.51246619224548,"unknown","","unknown","unknown","unknown","","unknown","unknown","unknown",83.2724084854126,"unknown","unknown",88.84293150901794,"","",""
"d27b032","","","","","","","","","","","","","","","","","","","","","","","","","","","","","","",""
"38c4951","","","","","","","","","","","","","","","","","","","","","","","","","","","","","","",""
"13dba9e","","","","","","","","","","","","","","","","","","","","","","","","","","","","","","",""
"e6d310e",-467540.7936325073,"unknown",-467534.19155168533,-467527.04714250565,0.0,6.080691576004028,13.507728338241577,20.695593118667603,43.762206077575684,49.522932291030884,59.845600843429565,"unknown",65.2160394191742,71.3152060508728,73.59049820899963,"unknown","","unknown","unknown","unknown","","unknown","unknown","unknown",79.49452900886536,"unknown","unknown",86.1273078918457,"","",""
"8c74aa5",-4275.457935094833,"unknown",-4269.254127025604,-4263.532148361206,0.0,5.496905326843262,10.391165971755981,19.21855616569519,35.789424419403076,42.047327280044556,53.53282976150513,"unknown",60.52576780319214,67.03436279296875,70.77467036247253,"unknown","","unknown","unknown","unknown","","unknown","unknown","unknown",76.15268087387085,"unknown","unknown",82.88304996490479,"","",""
"679fa36","","","","","","","","","","","","","","","","","","","","","","","","","","","","","","",""
"b164bf7","","","","","","","","","","","","","","","","","","","","","","","","","","","","","","",""
"7e62763","","","","","","","","","","","","","","","","","","","","","","","","","","","","","","",""
"c7a7d85",-195241.81832933426,"unknown",-195235.9555003643,-195230.09512138367,0.0,5.622809648513794,9.36997652053833,16.88938069343567,40.22197389602661,46.444926500320435,89.97417831420898,"unknown",96.79871582984924,102.85893511772156,104.98695421218872,"unknown","","unknown","unknown","unknown","","unknown","unknown","unknown",110.51258087158203,"unknown","unknown",117.75748181343079,"","",""
"3b7f267","","","","","","","","","","","","","","","","","","","","","","","","","","","","","","",""
"fa1efad","","","","","","","","","","","","","","","","","","","","","","","","","","","","","","",""
"ae58bf1",-76072.43650007248,"unknown",-76065.35733056068,-76059.34474349022,0.0,6.678164482116699,9.555665016174316,18.017286777496338,38.10904288291931,45.71166944503784,57.64362692832947,"unknown",64.42236876487732,71.51741099357605,73.5615656375885,"unknown","","unknown","unknown","unknown","","unknown","unknown","unknown",80.84429383277893,"unknown","unknown",87.9582211971283,"","",""
"492238f","","","","","","","","","","","","","","","","","","","","","","","","","","","","","","",""
"43c977d",-42858.179005622864,"unknown",-42852.3590631485,-42846.08111810684,0.0,5.84839940071106,11.552062749862671,18.236867666244507,55.45422911643982,61.92650532722473,72.63586020469666,"unknown",78.95648503303528,85.08645224571228,89.35026288032532,"unknown","","unknown","unknown","unknown","","unknown","unknown","unknown",96.24471473693848,"unknown","unknown",101.48441410064697,"","",""
"4eff6be","","","","","","","","","","","","","","","","","","","","","","","","","","","","","","",""
"e1b193b",-24976.35676932335,"unknown",-24969.907774448395,-24962.871865987778,0.0,7.307387351989746,115.42837691307068,123.06691575050354,144.44096446037292,151.1006543636322,185.5311529636383,"unknown",192.58298778533936,198.1836438179016,210.60217666625977,"unknown","","unknown","unknown","unknown","","unknown","unknown","unknown",217.5343451499939,"unknown","unknown",223.3175389766693,"","",""
"1415cd3","","","","","","","","","","","","","","","","","","","","","","","","","","","","","","",""
"2953e33","","","","","","","","","","","","","","","","","","","","","","","","","","","","","","",""
"a540012","","","","","","","","","","","","","","","","","","","","","","","","","","","","","","",""
"dd88e0f","","","","","","","","","","","","","","","","","","","","","","","","","","","","","","",""
"d135983","","","","","","","","","","","","","","","","","","","","","","","","","","","","","","",""
"814517e",-12628.75996685028,"unknown",-12622.958428144455,-12616.667257785797,0.0,6.3931238651275635,13.034827470779419,19.814603090286255,40.746755599975586,47.12545967102051,61.9470419883728,"unknown",68.89019203186035,74.78774690628052,81.35385203361511,"unknown","","unknown","unknown","unknown","","unknown","unknown","unknown",88.58036303520203,"unknown","unknown",94.57861375808716,"","",""
"53deb5c",-534512.4645204544,"unknown",-534505.1559903622,-534498.4029669762,0.0,6.279061555862427,13.494573593139648,20.584003925323486,1444.1143684387207,1449.74973154068,1465.442788362503,"unknown",1472.124750137329,1478.3391819000244,1481.1774761676788,"unknown","","unknown","unknown","unknown","","unknown","unknown","unknown",1487.0644221305847,"unknown","unknown",1493.5916020870209,"","",""
"e4cf342","","","","","","","","","","","","","","","","","","","","","","","","","","","","","","",""
"c1a9909","","","","","","","","","","","","","","","","","","","","","","","","","","","","","","",""
"844ab34","","","","","","","","","","","","","","","","","","","","","","","","","","","","","","",""
"fc2538d",-607.6324510574341,"unknown",-600.8628933429718,-593.7336204051971,0.0,6.585085153579712,21.168470859527588,29.02184534072876,100.9194848537445,106.6000554561615,120.87960886955261,"unknown",126.49264740943909,133.7620713710785,330.9504544734955,"unknown","","unknown","unknown","unknown","","unknown","unknown","unknown",337.86290860176086,"unknown","unknown",344.1447002887726,"","",""
"4c228f6",-634.725035905838,"unknown",-629.0649161338806,-623.2049677371979,0.0,7.066590070724487,9.049983739852905,16.03248691558838,18.616093397140503,24.84848690032959,45.43104815483093,"unknown",51.50336146354675,58.40676689147949,74.06571221351624,"unknown","","unknown","unknown","unknown","","unknown","unknown","unknown",81.3858425617218,"unknown","unknown",88.0532877445221,"","",""
"747ce5f","","","","","","","","","","","","","","","","","","","","","","","","","","","","","","",""
"6ab42f2",-1410201.1345801353,"unknown",-1410194.7882902622,-1410189.378815174,0.0,6.025146484375,14819.756159067154,14827.236343622208,14842.58413362503,14849.861736536026,14858.563568115234,"unknown",14865.518522262573,14871.352038145065,14874.197167396545,"unknown","","unknown","unknown","unknown","","unknown","unknown","unknown",14880.177343606949,"unknown","unknown",14887.298736095428,"","",-12687.881623268127
"41f2447",-21439.836167812347,"unknown",-21433.85548210144,-21427.4569170475,0.0,5.663991212844849,9.201608896255493,17.273514986038208,38.67709040641785,45.6110417842865,65.73105049133301,"unknown",71.66587328910828,78.26292729377747,90.99782729148865,"unknown","","unknown","unknown","unknown","","unknown","unknown","unknown",97.115882396698,"unknown","unknown",102.39018201828003,"","",""
"5bf619a",-27171.624713897705,"unknown",-27165.503651618958,-27158.968407154083,0.0,6.32563591003418,13.017001867294312,20.49282717704773,60.15604376792908,65.80787301063538,133.34479641914368,139.09831881523132,"unknown",145.3589928150177,146.61782550811768,"unknown","","unknown","unknown","unknown","","unknown","unknown","unknown",153.47912883758545,"unknown","unknown",160.36926889419556,"","",""
"a123713","","","","","","","","","","","","","","","","","","","","","","","","","","","","","","",""
"4997357","","","","","","","","","","","","","","","","","","","","","","","","","","","","","","",""
"5455b1d","","","","","","","","","","","","","","","","","","","","","","","","","","","","","","",""
"f52861b","","","","","","","","","","","","","","","","","","","","","","","","","","","","","","",""
"466a0ab","","","","","","","","","","","","","","","","","","","","","","","","","","","","","","",""
"399b994","","","","","","","","","","","","","","","","","","","","","","","","","","","","","","",""
"6568ea1",-1239.8959245681763,"unknown",-1232.7882192134857,-1227.2960498332977,0.0,5.312135696411133,10.434873580932617,19.50868248939514,54.68053913116455,62.86648988723755,90.58804845809937,"unknown",96.61664295196533,101.96063542366028,103.9314353466034,"unknown","","unknown","unknown","unknown","","unknown","unknown","unknown",110.10557842254639,"unknown","unknown",116.95232629776001,"","",""
"a839247","","","","","","","","","","","","","","","","","","","","","","","","","","","","","","",""
"5d6ad7f",-680.6094019412994,"unknown",-673.6728873252869,-667.2508726119995,0.0,6.228655099868774,7.538845062255859,16.09206771850586,31.66124391555786,38.12342309951782,146.98731112480164,"unknown",154.02984380722046,159.52986311912537,161.16078925132751,"unknown","","unknown","unknown","unknown","","unknown","unknown","unknown",167.13358998298645,"unknown","unknown",173.14637780189514,"","",""
"528d0fe","","","","","","","","","","","","","","","","","","","","","","","","","","","","","","",""
"900150c",-109232.27151656151,"unknown",-109226.23985671997,-109220.46599507332,0.0,6.768808126449585,9.373754024505615,17.206474781036377,53.74981355667114,60.65833234786987,76.60797643661499,"unknown",82.09117984771729,87.60735273361206,89.50378823280334,"unknown","","unknown","unknown","unknown","","unknown","unknown","unknown",95.88414573669434,"unknown","unknown",102.14313220977783,"","",""
"924de30","","","","","","","","","","","","","","","","","","","","","","","","","","","","","","",""
"d925650",-14.665574789047241,"unknown",-8.471725463867188,-1.3498213291168213,0.0,6.576388359069824,9.232873439788818,18.000657558441162,38.90997099876404,45.997442960739136,54.11864638328552,"unknown",59.576783657073975,66.72668623924255,69.37392282485962,"unknown","","unknown","unknown","unknown","","unknown","unknown","unknown",76.34239435195923,"unknown","unknown",83.36937713623047,"","",""
"37798a6","","","","","","","","","","","","","","","","","","","","","","","","","","","","","","",""
"ff10184",-97690.80721664429,"unknown",-97684.16381287575,-97677.19922733307,0.0,7.3231284618377686,13.122941255569458,20.021033763885498,41.91129779815674,48.87253499031067,80.58418703079224,"unknown",87.74322390556335,94.35828828811646,96.61631798744202,"unknown","","unknown","unknown","unknown","","unknown","unknown","unknown",103.82444906234741,"unknown","unknown",111.04751110076904,"","",-85752.47755360603
"cde7968",-219612.96467733383,"unknown",-219606.17547249794,-219600.24297738075,0.0,7.3644373416900635,12.966441869735718,20.605132579803467,81.69334244728088,88.36372709274292,122.53517293930054,"unknown",128.7508101463318,134.9386522769928,138.5588309764862,"unknown","","unknown","unknown","unknown","","unknown","unknown","unknown",143.74903798103333,"unknown","unknown",149.81649327278137,"","",""
"52d61f6",-12555.539217948914,"unknown",-12548.590364456177,-12542.656109333038,0.0,5.867522716522217,12.783409118652344,20.570165872573853,38.7632622718811,44.94649910926819,53.20757865905762,"unknown",60.05643439292908,66.27007985115051,68.31760931015015,"unknown","","unknown","unknown","unknown","","unknown","unknown","unknown",74.14624047279358,"unknown","unknown",79.69337964057922,"","",""
"34d8485",-584.8249106407166,"unknown",-579.0664806365967,-572.5063865184784,0.0,6.6605470180511475,14.715595722198486,21.82526421546936,143.4998652935028,150.20482277870178,168.50157952308655,"unknown",174.2510850429535,180.00588178634644,182.70782685279846,"unknown","","unknown","unknown","unknown","","unknown","unknown","unknown",188.05472660064697,"unknown","unknown",194.82198905944824,"","",""
"693ef79",-156.03257608413696,"unknown",-149.96149921417236,-144.14801144599915,0.0,6.632623672485352,21.38784956932068,28.35597586631775,51.86202645301819,57.43844437599182,62.25113296508789,"unknown",68.97826647758484,75.43858766555786,79.35374855995178,"unknown","","unknown","unknown","unknown","","unknown","unknown","unknown",85.72596096992493,"unknown","unknown",91.30539989471436,"","",""
"0d5233e","","","","","","","","","","","","","","","","","","","","","","","","","","","","","","",""
"f0a4194",-1728.3325028419495,"unknown",-1722.053251504898,-1715.2156336307526,0.0,6.011261224746704,11.450954914093018,18.20268487930298,20.2487850189209,26.44845700263977,43.12116360664368,"unknown",49.78298592567444,56.973989486694336,58.972042083740234,"unknown","","unknown","unknown","unknown","","unknown","unknown","unknown",65.85091066360474,"unknown","unknown",71.90231919288635,"","",""
"11e5d50",-2235.025465488434,"unknown",-2229.1218831539154,-2222.4653375148773,0.0,6.862372875213623,11.104853630065918,17.87316584587097,27.801835775375366,34.34033989906311,48.26359820365906,54.24894857406616,"unknown",59.596771001815796,75.78357148170471,"unknown","","unknown","unknown","unknown","","unknown","unknown","unknown",83.0514976978302,"unknown","unknown",90.19988369941711,"","",""
"047f2ca",-138.1782615184784,"unknown",-131.8202154636383,-126.25563621520996,0.0,6.253174304962158,13.649428367614746,22.030704975128174,32.56695485115051,38.55565690994263,50.82646346092224,"unknown",57.712634563446045,63.76929068565369,72.18580651283264,"unknown","","unknown","unknown","unknown","","unknown","unknown","unknown",78.56350660324097,"unknown","unknown",85.4163773059845,"","",""
"02b634c","","","","","","","","","","","","","","","","","","","","","","","","","","","","","","",""
"0f91d63",-181.56455206871033,"unknown",-175.9404513835907,-168.82177066802979,0.0,14.459277629852295,16.774169206619263,32.672816038131714,47.766700744628906,61.34825253486633,81.74113130569458,88.12662982940674,"unknown",94.89281582832336,98.1922960281372,"unknown","","unknown","unknown","unknown","","unknown","unknown","unknown",104.10946488380432,"unknown","unknown",111.1790463924408,"","",""
"87e086c","","","","","","","","","","","","","","","","","","","","","","","","","","","","","","",""
"ece9ce7","","","","","","","","","","","","","","","","","","","","","","","","","","","","","","",""
"a975113","","","","","","","","","","","","","","","","","","","","","","","","","","","","","","",""
"59c79dc",-37315.99257802963,"unknown",-37309.78109717369,-37303.96726226807,0.0,5.909410715103149,11.660493850708008,19.511970043182373,45.56016397476196,52.20063853263855,66.77851057052612,72.95908713340759,"unknown",78.3803436756134,88.28792381286621,"unknown","","unknown","unknown","unknown","","unknown","unknown","unknown",94.7464611530304,"unknown","unknown",101.8528687953949,"","",""
"dee5269",-15.757002115249634,"unknown",-9.67201542854309,-3.191082000732422,0.0,6.0272674560546875,10.369097471237183,18.56630778312683,51.39401602745056,57.6068913936615,74.83225584030151,"unknown",80.46778702735901,86.42781448364258,88.15673875808716,"unknown","","unknown","unknown","unknown","","unknown","unknown","unknown",95.00353336334229,"unknown","unknown",102.09680390357971,"","",""
"844fef2",-14061.648911476135,"unknown",-14055.178362607956,-14048.314078569412,0.0,6.01406455039978,15.43958592414856,23.920408010482788,42.49440383911133,49.41872048377991,63.115708351135254,"unknown",68.5128071308136,74.6864104270935,77.48678588867188,"unknown","","unknown","unknown","unknown","","unknown","unknown","unknown",83.9375729560852,"unknown","unknown",89.50553584098816,"","",""
"ef7d623","","","","","","","","","","","","","","","","","","","","","","","","","","","","","","",""
"a54cf83","","","","","","","","","","","","","","","","","","","","","","","","","","","","","","",""
"e98cdcd",-30.072896003723145,"unknown",-22.711246490478516,-16.718725204467773,0.0,5.951943874359131,17.410695791244507,26.244927644729614,97.47756767272949,104.34263586997986,506.88469099998474,512.4742231369019,"unknown",517.9219508171082,520.1558737754822,"unknown","","unknown","unknown","unknown","","unknown","unknown","unknown",527.1249339580536,"unknown","unknown",532.4363412857056,"","",""
"a3ff1ab",-5502.941682815552,"unknown",-5495.835082769394,-5490.293220758438,0.0,6.104573488235474,13.89264965057373,22.41331148147583,58.66477584838867,64.96403074264526,92.14584875106812,"unknown",99.29792308807373,106.40074110031128,3542.20108795166,"unknown","","unknown","unknown","unknown","","unknown","unknown","unknown",3547.9516406059265,"unknown","unknown",3554.3869264125824,"","",""
"33bcee6",-68048.23820614815,"unknown",-68042.24333930016,-68036.51207852364,0.0,7.102552175521851,10.82647967338562,19.411212682724,40.26077747344971,46.95568060874939,56.014822244644165,"unknown",63.13074612617493,68.56911444664001,100.00929641723633,"unknown","","unknown","unknown","unknown","","unknown","unknown","unknown",105.75527667999268,"unknown","unknown",111.73912763595581,"","",""
"c494a29",-3184.112513780594,"unknown",-3176.8616518974304,-3170.7144248485565,0.0,5.699636936187744,6.789000511169434,14.45407772064209,38.40717339515686,45.356722831726074,54.212916135787964,"unknown",61.07206106185913,66.78321981430054,67.97227239608765,"unknown","","unknown","unknown","unknown","","unknown","unknown","unknown",73.33544254302979,"unknown","unknown",80.5680365562439,"","",""
"aa68b7a","","","","","","","","","","","","","","","","","","","","","","","","","","","","","","",""
"92db041","","","","","","","","","","","","","","","","","","","","","","","","","","","","","","",""
"b921637","","","","","","","","","","","","","","","","","","","","","","","","","","","","","","",""
"0fa3c49","","","","","","","","","","","","","","","","","","","","","","","","","","","","","","",""
"cb28371","","","","","","","","","","","","","","","","","","","","","","","","","","","","","","",""
"a664235","","","","","","","","","","","","","","","","","","","","","","","","","","","","","","",""
"81f41fd",-131.37678146362305,"unknown",-124.7642011642456,-118.56908917427063,0.0,7.0302159786224365,9.990739583969116,17.81368112564087,38.72322654724121,45.4379665851593,76.53895378112793,82.53178548812866,"unknown",87.8665599822998,89.93943381309509,"unknown","","unknown","unknown","unknown","","unknown","unknown","unknown",97.10345578193665,"unknown","unknown",102.86015200614929,"","",""
"f38953f","","","","","","","","","","","","","","","","","","","","","","","","","","","","","","",""
"6801018",-9155.696123123169,"unknown",-9150.02601480484,-9143.093595027924,0.0,5.477236986160278,8.580219507217407,15.953845262527466,51.69050192832947,57.927918910980225,82.75890588760376,"unknown",89.49547123908997,94.87241077423096,103.09614872932434,"unknown","","unknown","unknown","unknown","","unknown","unknown","unknown",108.58022427558899,"unknown","unknown",115.4288911819458,"","",""
"ac3a94c",-126786.54242348671,"unknown",-126779.25953555107,-126773.20802307129,0.0,6.344740629196167,8.35964560508728,15.85399055480957,36.20194458961487,43.17922782897949,56.58339858055115,"unknown",63.118231534957886,68.49194240570068,71.44289827346802,"unknown","","unknown","unknown","unknown","","unknown","unknown","unknown",78.42222857475281,"unknown","unknown",85.02513194084167,"","",""
"eccfff0","","","","","","","","","","","","","","","","","","","","","","","","","","","","","","",""
"49f21e0","","","","","","","","","","","","","","","","","","","","","","","","","","","","","","",""
"02ed09a","","","","","","","","","","","","","","","","","","","","","","","","","","","","","","",""
"37b9a9f",-14954.626228094101,"unknown",-14949.221037864685,-14943.73033118248,0.0,6.862598896026611,15.867648601531982,23.96684455871582,32.027628898620605,38.970871686935425,193.6141655445099,200.19351816177368,"unknown",207.01478266716003,744.422857761383,"unknown","","unknown","unknown","unknown","","unknown","unknown","unknown",750.8227427005768,"unknown","unknown",757.6066417694092,"","",""
"3c0c7c1","","","","","","","","","","","","","","","","","","","","","","","","","","","","","","",""
"89f6d9e",-19776.39364695549,"unknown",-19769.148171663284,-19762.11961388588,0.0,5.6015784740448,26.425615549087524,34.26809310913086,48.6489794254303,55.987995624542236,62.53299951553345,"unknown",67.98283433914185,74.84046387672424,76.98419237136841,"unknown","","unknown","unknown","unknown","","unknown","unknown","unknown",83.26759052276611,"unknown","unknown",88.7982919216156,"","",""
"39dc9b8","","","","","","","","","","","","","","","","","","","","","","","","","","","","","","",""
"56bae3a","","","","","","","","","","","","","","","","","","","","","","","","","","","","","","",""
"28ec805","","","","","","","","","","","","","","","","","","","","","","","","","","","","","","",""
"4c8a5bc",-80785.52827310562,"unknown",-80779.766248703,-80772.54638147354,0.0,5.968856334686279,90.60258913040161,98.52746748924255,898.1342220306396,904.4174392223358,919.0428280830383,"unknown",925.2453413009644,932.3796942234039,938.5505774021149,"unknown","","unknown","unknown","unknown","","unknown","unknown","unknown",944.9908449649811,"unknown","unknown",951.1032280921936,"","",""
"48179d1","","","","","","","","","","","","","","","","","","","","","","","","","","","","","","",""
"e845b6b",-494.19416189193726,"unknown",-487.79582142829895,-481.00532937049866,0.0,5.576168060302734,105.02953720092773,113.81505346298218,137.1167345046997,143.1705379486084,151.7419090270996,"unknown",158.5010049343109,165.3237156867981,197.6327986717224,"unknown","","unknown","unknown","unknown","","unknown","unknown","unknown",203.3115038871765,"unknown","unknown",209.33170652389526,"","",""
"619e952",-132575.4815723896,"unknown",-132568.59509968758,-132562.47965312004,0.0,6.6308863162994385,10.85821533203125,19.392033338546753,31.815943479537964,37.86014795303345,43.18557357788086,"unknown",48.53131890296936,54.532673358917236,59.09558963775635,"unknown","","unknown","unknown","unknown","","unknown","unknown","unknown",64.6986072063446,"unknown","unknown",70.9501781463623,"","",""
"0fd9ca7","","","","","","","","","","","","","","","","","","","","","","","","","","","","","","",""
"ff125d4","","","","","","","","","","","","","","","","","","","","","","","","","","","","","","",""
"0dc7823","","","","","","","","","","","","","","","","","","","","","","","","","","","","","","",""
"64155b9","","","","","","","","","","","","","","","","","","","","","","","","","","","","","","",""
"9cfbb83",-39.291584968566895,"unknown",-33.906641721725464,-27.117675065994263,0.0,5.821551084518433,7.694363117218018,15.652946949005127,415.07069873809814,421.3642303943634,426.64176630973816,"unknown",432.2724452018738,438.26338481903076,599.4882526397705,"unknown","","unknown","unknown","unknown","","unknown","unknown","unknown",606.4539475440979,"unknown","unknown",612.406459569931,"","",""
"f6ffd76","","","","","","","","","","","","","","","","","","","","","","","","","","","","","","",""
"57b0697","","","","","","","","","","","","","","","","","","","","","","","","","","","","","","",""
"1c202a8","","","","","","","","","","","","","","","","","","","","","","","","","","","","","","",""
"3e625ac","","","","","","","","","","","","","","","","","","","","","","","","","","","","","","",""
"6b36bf5",-2828.965098142624,"unknown",-2822.6662566661835,-2816.3610293865204,0.0,6.061901330947876,7.323975086212158,16.93811845779419,19.264668703079224,26.109415769577026,60.71345663070679,"unknown",66.35601305961609,73.3841860294342,74.76242136955261,"unknown","","unknown","unknown","unknown","","unknown","unknown","unknown",81.58219480514526,"unknown","unknown",87.1800229549408,"","",""
"99775ba",-1705.19034075737,"unknown",-1699.8862838745117,-1692.9783945083618,0.0,6.6286327838897705,9.349247217178345,17.928797006607056,51.08801293373108,57.938430070877075,77.45155334472656,"unknown",83.94653964042664,89.58760523796082,95.55482506752014,"unknown","","unknown","unknown","unknown","","unknown","unknown","unknown",102.63062310218811,"unknown","unknown",109.27705574035645,"","",""
"152aa4d",-3015.942884206772,"unknown",-3010.1091718673706,-3003.174106359482,0.0,7.17872166633606,9.65588927268982,18.038204193115234,42.16014122962952,49.281766414642334,57.725672006607056,"unknown",63.63247036933899,69.33792328834534,71.18310022354126,"unknown","","unknown","unknown","unknown","","unknown","unknown","unknown",77.33814835548401,"unknown","unknown",84.39257025718689,"","",""
"ced331f","","","","","","","","","","","","","","","","","","","","","","","","","","","","","","",""
"1d235c1","","","","","","","","","","","","","","","","","","","","","","","","","","","","","","",""
"e6de912",-13.185399055480957,"unknown",-7.862030506134033,-1.4382178783416748,0.0,6.666761636734009,27.23005437850952,35.00837182998657,50.174063205718994,56.45670795440674,72.51162600517273,79.24068641662598,"unknown",86.3233118057251,92.66616916656494,"unknown","","unknown","unknown","unknown","","unknown","unknown","unknown",98.25800800323486,"unknown","unknown",103.99575448036194,"","",""
"76bbc0d",-170282.435659647,"unknown",-170275.33806920052,-170268.07869124413,0.0,6.19538140296936,10.256067752838135,19.577946662902832,44.90929412841797,50.5671501159668,64.14503121376038,"unknown",70.45382905006409,77.36044812202454,78.73450565338135,"unknown","","unknown","unknown","unknown","","unknown","unknown","unknown",85.8750479221344,"unknown","unknown",91.68066596984863,"","",""
"36b4ec5",-386223.46762275696,"unknown",-386216.30616045,-386210.3144891262,0.0,6.550408840179443,9.299712896347046,17.9687077999115,34.112696170806885,41.11125659942627,49.66717839241028,"unknown",56.43741536140442,63.23843765258789,65.47634053230286,"unknown","","unknown","unknown","unknown","","unknown","unknown","unknown",71.29049181938171,"unknown","unknown",77.12222385406494,"","",""
"7de2a3d","","","","","","","","","","","","","","","","","","","","","","","","","","","","","","",""
"dbe3880","","","","","","","","","","","","","","","","","","","","","","","","","","","","","","",""
"877fb69",-127.03832840919495,"unknown",-121.46989512443542,-115.70062279701233,0.0,6.473097085952759,11.664605617523193,20.20328116416931,30.019989252090454,37.23286962509155,43.60202145576477,"unknown",50.752028942108154,56.3328537940979,58.48565721511841,"unknown","","unknown","unknown","unknown","","unknown","unknown","unknown",65.08117294311523,"unknown","unknown",71.71114325523376,"","",""
"c17e360","","","","","","","","","","","","","","","","","","","","","","","","","","","","","","",""
"51be121",-88912.51053786278,"unknown",-88905.69600820541,-88899.38542580605,0.0,7.212098836898804,11.948298215866089,19.85642170906067,43.904927015304565,49.99292182922363,61.84857702255249,"unknown",67.8589859008789,74.55175399780273,77.245525598526,"unknown","","unknown","unknown","unknown","","unknown","unknown","unknown",83.12816452980042,"unknown","unknown",88.94985008239746,"","",""
"e9e1409",-190048.51866221428,"unknown",-190042.60678887367,-190036.00301146507,0.0,6.605071783065796,12.207605361938477,19.998072624206543,84.32379460334778,91.77884411811829,107.31919050216675,114.57621216773987,"unknown",121.47815799713135,123.53103232383728,"unknown","","unknown","unknown","unknown","","unknown","unknown","unknown",130.32606315612793,"unknown","unknown",137.42534279823303,"","",""
"051761f","","","","","","","","","","","","","","","","","","","","","","","","","","","","","","",""
"1c627cb","","","","","","","","","","","","","","","","","","","","","","","","","","","","","","",""
"5177026","","","","","","","","","","","","","","","","","","","","","","","","","","","","","","",""
"db0051d","","","","","","","","","","","","","","","","","","","","","","","","","","","","","","",""
"9e9a81e","","","","","","","","","","","","","","","","","","","","","","","","","","","","","","",""
"6289e6c",-22020.84547162056,"unknown",-22015.19432926178,-22009.899112939835,0.0,5.983687400817871,9.460692167282104,16.751034021377563,37.317930698394775,43.037559509277344,49.606045722961426,56.49689269065857,"unknown",62.94866132736206,70.18659663200378,"unknown","","unknown","unknown","unknown","","unknown","unknown","unknown",76.67340731620789,"unknown","unknown",83.18490386009216,"","",""
"a9b4533","","","","","","","","","","","","","","","","","","","","","","","","","","","","","","",""
"1db8420","","","","","","","","","","","","","","","","","","","","","","","","","","","","","","",""
"8a1ecd0","","","","","","","","","","","","","","","","","","","","","","","","","","","","","","",""
"8fd863f",-4615.302516222,"unknown",-4609.892605543137,-4600.4582369327545,0.0,6.524266719818115,14.058910369873047,23.161105155944824,50.608593225479126,57.437320709228516,72.36137914657593,"unknown",79.31936478614807,84.66879940032959,86.64903926849365,"unknown","","unknown","unknown","unknown","","unknown","unknown","unknown",93.01338124275208,"unknown","unknown",99.67731022834778,"","",""
"644830a","","","","","","","","","","","","","","","","","","","","","","","","","","","","","","",""
"5dbecee","","","","","","","","","","","","","","","","","","","","","","","","","","","","","","",""
"86c5f35",-378896.9436619282,"unknown",-378891.47749590874,-378884.55804395676,0.0,7.139404773712158,13.463037967681885,21.54428744316101,59.66176247596741,66.96079468727112,76.37225079536438,"unknown",83.52421808242798,90.32391381263733,94.83884024620056,"unknown","","unknown","unknown","unknown","","unknown","unknown","unknown",102.02420401573181,"unknown","unknown",108.60940456390381,"","",""
"4c072d3","","","","","","","","","","","","","","","","","","","","","","","","","","","","","","",""
"89bbcd3","","","","","","","","","","","","","","","","","","","","","","","","","","","","","","",""
"aa9ac00","","","","","","","","","","","","","","","","","","","","","","","","","","","","","","",""
"9a1b5fa","","","","","","","","","","","","","","","","","","","","","","","","","","","","","","",""
"d003724","","","","","","","","","","","","","","","","","","","","","","","","","","","","","","",""
"3a03bea","","","","","","","","","","","","","","","","","","","","","","","","","","","","","","",""
"e427669","","","","","","","","","","","","","","","","","","","","","","","","","","","","","","",""
"12dfda3","","","","","","","","","","","","","","","","","","","","","","","","","","","","","","",""
"3226bb3","","","","","","","","","","","","","","","","","","","","","","","","","","","","","","",""
"9f4d288","","","","","","","","","","","","","","","","","","","","","","","","","","","","","","",""
"35adcf1","","","","","","","","","","","","","","","","","","","","","","","","","","","","","","",""
"b2621a2",-1290.4095199108124,"unknown",-1283.4764642715454,-1276.4797971248627,0.0,6.894005060195923,16.72574782371521,25.500303506851196,45.49744391441345,52.52489233016968,63.07283043861389,"unknown",68.76963329315186,75.77338314056396,77.81920337677002,"unknown","","unknown","unknown","unknown","","unknown","unknown","unknown",85.01647996902466,"unknown","unknown",91.2017068862915,"","",""
"6099d06",-181.57778668403625,"unknown",-175.41510725021362,-168.3220579624176,0.0,7.178532600402832,13.443484783172607,22.197949171066284,41.62136244773865,47.84727239608765,121.93875312805176,"unknown",128.54901385307312,134.885409116745,140.43286657333374,"unknown","","unknown","unknown","unknown","","unknown","unknown","unknown",145.7815580368042,"unknown","unknown",151.6251893043518,"","",""
"d91bf84","unknown","unknown","unknown","unknown",0.0,"unknown",8.913479328155518,"unknown",36.99408268928528,"unknown",50.11228966712952,"unknown","unknown","unknown",63.73033428192139,"unknown","","unknown","unknown","unknown","","unknown","unknown","unknown","unknown","unknown","unknown","unknown","","",""
"c3db77a","","","","","","","","","","","","","","","","","","","","","","","","","","","","","","",""
"db7d9c3","unknown","unknown","unknown","unknown",0.0,"unknown",4497.187779188156,"unknown",4530.852000713348,"unknown",5202.121947526932,"unknown","unknown","unknown",5453.718071937561,"unknown","","unknown","unknown","unknown","","unknown","unknown","unknown","unknown","unknown","unknown","unknown","","",""
"7d9c3_1","unknown","unknown","unknown","unknown",0.0,"unknown",4497.187779188156,"unknown",4530.852000713348,"unknown",5202.121947526932,"unknown","unknown","unknown",5453.718071937561,"unknown","","unknown","unknown","unknown","","unknown","unknown","unknown","unknown","unknown","unknown","unknown","","",""
"804c32f","","","","","","","","","","","","","","","","","","","","","","","","","","","","","","",""
