"","1","recurso","1b","2","cont","3","cont_1","4","dilema","5","x_1","6A","6B","7","v_x_1","8","9A","9B","10","11","12A","12B","13_1","13_2","13_3","15","2_1","2_2","4_1","7_1"
"518e9b8",-6909.856064319611,"unknown",-6903.544796466827,-6897.516243696213,0.0,7.098992347717285,16.489001274108887,22.557446479797363,54.735111236572266,60.95655298233032,72.17510676383972,77.86195373535156,"unknown",83.2979040145874,85.48437166213989,"unknown","unknown","unknown","unknown","unknown","unknown","unknown",92.13815450668335,"unknown","unknown",99.38268661499023,"","","",""
"b5edd3c",-147834.9971036911,"unknown",-147827.7779598236,-147821.02006936073,0.0,7.133288621902466,19.05588388442993,26.38664984703064,39.590336322784424,45.864951610565186,48.47404646873474,"unknown",54.485196590423584,60.90193772315979,62.88603448867798,"unknown","unknown","unknown","unknown","unknown","unknown","unknown",69.92092204093933,"unknown","unknown",75.67462611198425,"","","",""
"374ecf8",-1621.696197271347,"unknown",-1439.6433894634247,-1257.5642998218536,0.0,6.852753639221191,10.264309883117676,15.807998180389404,114.5988302230835,120.60524654388428,125.4782292842865,131.07501363754272,"unknown",138.18223690986633,141.57229828834534,"unknown","unknown","unknown","unknown","unknown","unknown","unknown",148.20708656311035,"unknown","unknown",155.18316435813904,"","","",""
"89f120b","","","","","","","","","","","","","","","","","","","","","","","","","","","","","",""
"1883ca0","unknown","unknown","unknown","unknown",0.0,"unknown",171.49379444122314,"unknown",180.14846563339233,"unknown",192.76872611045837,"unknown","unknown","unknown",216.63364028930664,"unknown","unknown","unknown","unknown","unknown","unknown","unknown","unknown","unknown","unknown","unknown","","","",""
"8d2da97",-6504.9153299331665,"unknown",-6499.312049627304,-6493.919509887695,0.0,5.6772778034210205,11.413330554962158,17.9313383102417,27.93373703956604,34.141523599624634,39.385608196258545,45.13663935661316,"unknown",50.93574786186218,53.799633264541626,"unknown","unknown","unknown","unknown","unknown","unknown","unknown",60.56279802322388,"unknown","unknown",67.88642811775208,"","","",""
"2541155",-4872.468949317932,"unknown",-4865.860566616058,-4858.915966033936,0.0,7.42632794380188,13.038134813308716,19.964021921157837,21.46756625175476,28.38213586807251,36.88775444030762,42.61626601219177,"unknown",48.53023314476013,52.38739085197449,"unknown","unknown","unknown","unknown","unknown","unknown","unknown",58.707000494003296,"unknown","unknown",65.70622873306274,"","","",""
"ac6f3f6","unknown","unknown","unknown",-496781.1342728138,0.0,6.897439956665039,37.3568389415741,42.96402716636658,341.1959638595581,346.84548807144165,367.56000566482544,373.34917163848877,"unknown",378.8534007072449,2072.604962825775,"unknown","unknown","unknown","unknown","unknown","unknown","unknown",2078.3247027397156,"unknown","unknown",2084.13339304924,-496604.14458346367,-54049.526900053024,"",""
"62447b9",-77895.16066408157,"unknown",-77888.80994272232,-77882.28777766228,0.0,6.051476240158081,10.813116550445557,17.90343427658081,28.265872716903687,33.79742693901062,38.04803490638733,43.543442726135254,"unknown",49.1502161026001,51.72778248786926,"unknown","unknown","unknown","unknown","unknown","unknown","unknown",58.70677924156189,"unknown","unknown",64.06511163711548,"","","",""
"20f3e2e","unknown","unknown","unknown","unknown",0.0,"unknown",17.811734437942505,"unknown",38.65721011161804,"unknown",51.810970067977905,"unknown","unknown","unknown",64.57075309753418,"unknown","unknown","unknown","unknown","unknown","unknown","unknown","unknown","unknown","unknown","unknown","","","",""
"4e53c5c",-2591677.3957676888,"unknown",-2591669.9886722565,-2591664.0475873947,0.0,6.022972822189331,29.044827222824097,35.72925043106079,51.13018774986267,58.01389265060425,60.82950472831726,67.77893877029419,"unknown",74.20025968551636,76.55986380577087,"unknown","unknown","unknown","unknown","unknown","unknown","unknown",83.03324437141418,"unknown","unknown",89.4310872554779,"","","",""
"ac6ecda","","","","","","","","","","","","","","","","","","","","","","","","","","","","","",""
"c899adb","unknown","unknown","unknown","unknown",0.0,"unknown",12.63381290435791,"unknown",35.94207835197449,"unknown",54.8095018863678,"unknown","unknown","unknown",69.48896098136902,"unknown","unknown","unknown","unknown","unknown","unknown","unknown","unknown","unknown","unknown","unknown","","","",""
"b8ec123","","","","","","","","","","","","","","","","","","","","","","","","","","","","","",""
"07b298c","","","","","","","","","","","","","","","","","","","","","","","","","","","","","",""
"49db8c4",-15903.573909759521,"unknown",-15896.757227182388,-15890.415347337723,0.0,6.363072872161865,11.942435026168823,17.312650442123413,28.353003978729248,34.94405508041382,38.5901255607605,44.74520754814148,"unknown",51.55672073364258,54.25399947166443,"unknown","unknown","unknown","unknown","unknown","unknown","unknown",59.806095123291016,"unknown","unknown",65.87255120277405,"","","",""
"ea8c0d6",-550887.1934776306,"unknown",-550881.1533997059,-550875.684192419,0.0,6.379233121871948,10.260757684707642,16.231269121170044,31.735360622406006,37.35581874847412,52.143513917922974,57.88288998603821,"unknown",64.87311601638794,67.50016283988953,"unknown","unknown","unknown","unknown","unknown","unknown","unknown",74.48411679267883,"unknown","unknown",80.31978988647461,"","","",""
"7cf831f",-2423.57514834404,"unknown",-2418.042732477188,-2411.834192276001,0.0,6.8758063316345215,13.828371047973633,19.783195734024048,40.42320966720581,47.150296688079834,66.39214587211609,72.16108179092407,"unknown",77.85636043548584,80.3598997592926,"unknown","unknown","unknown","unknown","unknown","unknown","unknown",86.16671419143677,"unknown","unknown",92.8699049949646,"","","",""
"41f497c","","","","","","","","","","","","","","","","","","","","","","","","","","","","","",""
"f496964","","","","","","","","","","","","","","","","","","","","","","","","","","","","","",""
"68c3192","","","","","","","","","","","","","","","","","","","","","","","","","","","","","",""
"eb77de6","","","","","","","","","","","","","","","","","","","","","","","","","","","","","",""
"8ce483d",-23315.946937561035,"unknown",-23310.571159124374,-23303.45491170883,0.0,7.346559047698975,9.667343378067017,16.14753484725952,21.07792067527771,26.880875825881958,28.79858136177063,34.936002254486084,"unknown",40.674907207489014,45.55735516548157,"unknown","unknown","unknown","unknown","unknown","unknown","unknown",52.61475229263306,"unknown","unknown",59.913020610809326,"","","",""
"79868cd","unknown","unknown","unknown","unknown",0.0,"unknown",27.190855979919434,"unknown",456.1557893753052,"unknown",470.7615671157837,"unknown","unknown","unknown",647.1036689281464,"unknown","unknown","unknown","unknown","unknown","unknown","unknown","unknown","unknown","unknown","unknown","","","",""
"56ee475",-302.4291398525238,"unknown",-296.42496252059937,-290.90774035453796,0.0,6.209800720214844,6586.949842453003,6592.499648571014,6607.457786560059,6614.654927968979,6636.603590726852,"unknown",6642.664259672165,6649.104528427124,6656.346740484238,"unknown","unknown","unknown","unknown","unknown","unknown","unknown",6662.703982114792,"unknown","unknown",6669.20320558548,"","","",""
"916c172",-12253.716742992401,"unknown",-12247.503783226013,-12240.971593141556,0.0,6.455286026000977,48.29956889152527,54.045475244522095,149.08369088172913,154.9262773990631,584.0641186237335,590.1382758617401,"unknown",596.8570084571838,671.5833444595337,"unknown","unknown","unknown","unknown","unknown","unknown","unknown",678.1548893451691,"unknown","unknown",684.7533919811249,"","","",""
"d9696dd",-31.029367208480835,"unknown",-24.950873613357544,-19.045896768569946,0.0,6.890566110610962,199.1090521812439,204.63445377349854,3566.775668859482,3572.8628618717194,3829.4451591968536,"unknown",3836.620846271515,3842.8772628307343,38400.71218800545,"unknown","unknown","unknown","unknown","unknown","unknown","unknown",38408.079503297806,"unknown","unknown",38413.56282234192,"","","",""
"eff7ebe",-4878.852019309998,"unknown",-4873.001316070557,-4866.279356241226,0.0,6.736223220825195,9.415757894515991,16.056553840637207,23.56197452545166,30.09244990348816,36.06810688972473,42.10758590698242,"unknown",49.09963512420654,57.47078204154968,"unknown","unknown","unknown","unknown","unknown","unknown","unknown",64.67345356941223,"unknown","unknown",70.95670104026794,"","","",""
"5d4fcbe",-92830.7235763073,"unknown",-92824.93448448181,-92818.48308968544,0.0,6.911181211471558,10.278364419937134,15.84138560295105,17.42634081840515,23.117088794708252,63.23637270927429,69.45074224472046,"unknown",75.64806246757507,78.2623302936554,"unknown","unknown","unknown","unknown","unknown","unknown","unknown",85.01513457298279,"unknown","unknown",91.7638111114502,"","","",""
"170bd80",-50738.627757787704,"unknown",-50732.82749199867,-50727.51664829254,0.0,7.0807225704193115,15.601044178009033,21.55808401107788,34.474151372909546,39.78870964050293,44.5994873046875,"unknown",50.07555437088013,56.616881370544434,58.189855098724365,"unknown","unknown","unknown","unknown","unknown","unknown","unknown",65.21519613265991,"unknown","unknown",70.7257170677185,"","","",""
"7a54533",-105.4966368675232,"unknown",-100.20016717910767,-93.3907265663147,0.0,6.124760627746582,13.63900637626648,19.67158532142639,32.72073674201965,39.88691687583923,44.51581430435181,"unknown",51.687731981277466,58.51876378059387,65.81768298149109,"unknown","unknown","unknown","unknown","unknown","unknown","unknown",72.68909025192261,"unknown","unknown",78.95344543457031,"","","",""
"d874e84","","","","","","","","","","","","","","","","","","","","","","","","","","","","","",""
"c28b1a9","","","","","","","","","","","","","","","","","","","","","","","","","","","","","",""
"7384692","","","","","","","","","","","","","","","","","","","","","","","","","","","","","",""
"90ccafb","","","","","","","","","","","","","","","","","","","","","","","","","","","","","",""
"0327530",-56538.075751543045,"unknown",-56531.42340135574,-56524.51181221008,0.0,6.269375562667847,10.806976079940796,16.905126333236694,44.19867658615112,51.09838271141052,110.25411748886108,"unknown",116.00800132751465,122.20473623275757,124.15613508224487,"unknown","unknown","unknown","unknown","unknown","unknown","unknown",131.30348777770996,"unknown","unknown",136.88831424713135,"","","",""
"47dcadc",-866.7554142475128,"unknown",-859.9793963432312,-854.4715633392334,0.0,6.131916761398315,21.652843713760376,28.617427349090576,54.99324941635132,62.27070426940918,101.86644291877747,108.47242975234985,"unknown",114.98387885093689,117.10647988319397,"unknown","unknown","unknown","unknown","unknown","unknown","unknown",123.93709349632263,"unknown","unknown",129.69296431541443,"","","",""
"233ee90","","","","","","","","","","","","","","","","","","","","","","","","","","","","","",""
"db844b1","","","","","","","","","","","","","","","","","","","","","","","","","","","","","",""
"e4c0f9c","","","","","","","","","","","","","","","","","","","","","","","","","","","","","",""
"fd01af9","","","","","","","","","","","","","","","","","","","","","","","","","","","","","",""
"77a5d2f","","","","","","","","","","","","","","","","","","","","","","","","","","","","","",""
"b92dee2","","","","","","","","","","","","","","","","","","","","","","","","","","","","","",""
"50ec1c5","","","","","","","","","","","","","","","","","","","","","","","","","","","","","",""
"11892fd","","","","","","","","","","","","","","","","","","","","","","","","","","","","","",""
"5ba2fe6","","","","","","","","","","","","","","","","","","","","","","","","","","","","","",""
"c94e42e",-159.38418698310852,"unknown",-152.90938544273376,-145.9559133052826,0.0,5.362698793411255,10.035875082015991,15.380808591842651,27.83247137069702,34.383124113082886,39.67721509933472,45.93734312057495,"unknown",51.59764575958252,63.166544914245605,"unknown","unknown","unknown","unknown","unknown","unknown","unknown",68.88742232322693,"unknown","unknown",74.94900131225586,"","","",""
"ee4b6cd","","","","","","","","","","","","","","","","","","","","","","","","","","","","","",""
"f2291ba","","","","","","","","","","","","","","","","","","","","","","","","","","","","","",""
"fb6ca94","","","","","","","","","","","","","","","","","","","","","","","","","","","","","",""
"516417f",-57619.9184114933,"unknown",-57613.177099466324,-57606.46377539635,0.0,6.141403436660767,12.90320897102356,18.47584843635559,31.03596067428589,36.89482808113098,52.299909830093384,59.938175678253174,"unknown",65.41703581809998,67.34266495704651,"unknown","unknown","unknown","unknown","unknown","unknown","unknown",74.4912338256836,"unknown","unknown",81.18244862556458,"","","",""
"7a0eabe","","","","","","","","","","","","","","","","","","","","","","","","","","","","","",""
"7b65802","","","","","","","","","","","","","","","","","","","","","","","","","","","","","",""
"5e09b84","","","","","","","","","","","","","","","","","","","","","","","","","","","","","",""
"7da3821","","","","","","","","","","","","","","","","","","","","","","","","","","","","","",""
"2f5762a",-20521.137469291687,"unknown",-20514.98573946953,-20508.03665280342,0.0,5.33273983001709,10.343044757843018,16.196213722229004,25.41657567024231,31.816908836364746,39.165019035339355,"unknown",45.16421151161194,50.91572856903076,53.14463949203491,"unknown","unknown","unknown","unknown","unknown","unknown","unknown",59.8090181350708,"unknown","unknown",65.46118378639221,"","","",""
"50a0fdd",-28.633161067962646,"unknown",-22.649704933166504,-15.923592567443848,0.0,6.536485195159912,8.087327241897583,13.845959186553955,26.018804788589478,31.548327922821045,36.12239050865173,42.34867596626282,"unknown",49.24079132080078,50.691853761672974,"unknown","unknown","unknown","unknown","unknown","unknown","unknown",56.12081575393677,"unknown","unknown",61.703885078430176,"","","",""
"b7cec81",-5208.732545852661,"unknown",-5203.2216811180115,-5197.76601600647,0.0,7.124943494796753,11.724483013153076,18.251529693603516,20.529594898223877,26.489962577819824,41.38453030586243,"unknown",47.046302318573,52.914047718048096,55.167624950408936,"unknown","unknown","unknown","unknown","unknown","unknown","unknown",60.510512351989746,"unknown","unknown",66.38062071800232,"","","",""
"bf983ba",-3774.3007521629333,"unknown",-3768.2461318969727,-3761.7709505558014,0.0,6.550536870956421,201.80392479896545,207.8262221813202,214.79320812225342,221.36810398101807,282.1043629646301,"unknown",289.0630702972412,295.22854375839233,296.7707471847534,"unknown","unknown","unknown","unknown","unknown","unknown","unknown",302.5981299877167,"unknown","unknown",309.2279715538025,"","","",""
"b53b559","","","","","","","","","","","","","","","","","","","","","","","","","","","","","",""
"4a92bfd","","","","","","","","","","","","","","","","","","","","","","","","","","","","","",""
"90434eb","","","","","","","","","","","","","","","","","","","","","","","","","","","","","",""
"37674f9","","","","","","","","","","","","","","","","","","","","","","","","","","","","","",""
"0dc300b","","","","","","","","","","","","","","","","","","","","","","","","","","","","","",""
"1800004","","","","","","","","","","","","","","","","","","","","","","","","","","","","","",""
"7b3c431",-59036.10733246803,"unknown",-59029.55512928963,-59022.957714796066,0.0,5.823063611984253,11.56411337852478,17.409215688705444,27.30093765258789,32.590850830078125,40.3206102848053,45.47260332107544,"unknown",52.44054651260376,54.46319222450256,"unknown","unknown","unknown","unknown","unknown","unknown","unknown",61.17179751396179,"unknown","unknown",68.32567048072815,"","","",""
"2457ed6",-43442.61370635033,"unknown",-43435.76455974579,-43430.307557821274,0.0,7.212998867034912,10.545600652694702,16.84919786453247,30.917917013168335,36.84637212753296,47.23104953765869,53.83409261703491,"unknown",60.07332110404968,62.31214904785156,"unknown","unknown","unknown","unknown","unknown","unknown","unknown",68.71546864509583,"unknown","unknown",74.84653520584106,"","","",""
"c4bba29",-6148.523206472397,"unknown",-6142.412891626358,-6136.145847797394,0.0,6.955843448638916,9.56611704826355,16.26544499397278,29.86694049835205,35.53032565116882,41.548611640930176,47.80117583274841,"unknown",53.55975413322449,55.5653440952301,"unknown","unknown","unknown","unknown","unknown","unknown","unknown",62.26877021789551,"unknown","unknown",68.55508613586426,"","","",""
"2dffb9e",-72.92312908172607,"unknown",-66.46549725532532,-60.33389925956726,0.0,6.573152780532837,10.507378578186035,17.63836407661438,25.80329442024231,31.54448938369751,35.23495888710022,"unknown",41.93960928916931,47.23832893371582,49.15079951286316,"unknown","unknown","unknown","unknown","unknown","unknown","unknown",56.36210107803345,"unknown","unknown",62.04155874252319,"","","",""
"7a35b75",-58398.96051859856,"unknown",-58393.43428206444,-58386.961074352264,0.0,6.069321393966675,11.355682611465454,18.24007534980774,28.714754581451416,34.46378684043884,37.86976170539856,43.92614221572876,"unknown",49.29065132141113,51.23920965194702,"unknown","unknown","unknown","unknown","unknown","unknown","unknown",57.18722438812256,"unknown","unknown",63.35772657394409,"","","",""
"3883e37","","","","","","","","","","","","","","","","","","","","","","","","","","","","","",""
"eacd6a3","","","","","","","","","","","","","","","","","","","","","","","","","","","","","",""
"d09321f","","","","","","","","","","","","","","","","","","","","","","","","","","","","","",""
"58b1c8e","","","","","","","","","","","","","","","","","","","","","","","","","","","","","",""
"bf3dfcf","","","","","","","","","","","","","","","","","","","","","","","","","","","","","",""
"80e625f","","","","","","","","","","","","","","","","","","","","","","","","","","","","","",""
"9846ca8","","","","","","","","","","","","","","","","","","","","","","","","","","","","","",""
"cc02471",-9146.274383306503,"unknown",-9140.287079334259,-9133.282404184341,0.0,7.164558410644531,8.96791958808899,15.38045620918274,24.920947790145874,31.370611429214478,39.696951150894165,"unknown",44.994099140167236,51.328548431396484,54.80060815811157,"unknown","unknown","unknown","unknown","unknown","unknown","unknown",60.551976680755615,"unknown","unknown",67.35582661628723,"","","",""
"0a30844",-144905.67884922028,"unknown",-144899.7319266796,-144892.54627847672,0.0,5.334893465042114,12.103903532028198,19.11648178100586,40.66655683517456,47.40693140029907,54.766767501831055,61.33284139633179,"unknown",68.55689597129822,70.77991676330566,"unknown","unknown","unknown","unknown","unknown","unknown","unknown",76.7476327419281,"unknown","unknown",82.37748217582703,"","","",""
"43d0b63",-1894154.9401278496,"unknown",-1894149.3690416813,-1894143.4258787632,0.0,6.3582093715667725,13.550995588302612,20.035535097122192,31.623636484146118,37.40885353088379,42.534250020980835,"unknown",48.00880002975464,53.344671964645386,54.94908022880554,"unknown","unknown","unknown","unknown","unknown","unknown","unknown",60.57871055603027,"unknown","unknown",67.42214822769165,-126944.32249426842,"","",""
"addf295",-1356.019255399704,"unknown",-1348.8954410552979,-1341.770891904831,0.0,5.557204961776733,10.990357398986816,17.877501487731934,32.306859254837036,39.274558544158936,47.81410336494446,53.37824773788452,"unknown",60.23094725608826,62.51564431190491,"unknown","unknown","unknown","unknown","unknown","unknown","unknown",68.05527091026306,"unknown","unknown",74.47866654396057,"","","",""
"1a8e45b",-6754.4171669483185,"unknown",-6747.990721940994,-6742.365207910538,0.0,6.386306047439575,11.60313105583191,17.197059869766235,18.763620853424072,24.349512100219727,26.931804418563843,33.41352152824402,"unknown",38.95802855491638,40.59819984436035,"unknown","unknown","unknown","unknown","unknown","unknown","unknown",46.04478454589844,"unknown","unknown",52.25339126586914,"","","",""
"5f2a1aa","","","","","","","","","","","","","","","","","","","","","","","","","","","","","",""
"87b3434","","","","","","","","","","","","","","","","","","","","","","","","","","","","","",""
"bd305b8","","","","","","","","","","","","","","","","","","","","","","","","","","","","","",""
"4b70ed3",-105.97319340705872,"unknown",-99.56321024894714,-92.67036962509155,0.0,6.882307767868042,9.218982458114624,15.34018588066101,26.903568267822266,33.27127647399902,36.589335441589355,"unknown",42.94028353691101,48.45623016357422,51.411502838134766,"unknown","unknown","unknown","unknown","unknown","unknown","unknown",57.443071126937866,"unknown","unknown",62.94595241546631,"","","",""
"8ec15bc",-2812.6593585014343,"unknown",-2805.5957198143005,-2799.4624485969543,0.0,6.600903511047363,9.505844831466675,15.298093557357788,59106.807487249374,59114.05832409859,59116.48308086395,"unknown",59123.35356450081,59128.710247039795,59130.5814807415,"unknown","unknown","unknown","unknown","unknown","unknown","unknown",59136.03532719612,"unknown","unknown",59142.435782432556,"","","",""
"6c8906b","","","","","","","","","","","","","","","","","","","","","","","","","","","","","",""
"dae9b13","","","","","","","","","","","","","","","","","","","","","","","","","","","","","",""
"4828266","","","","","","","","","","","","","","","","","","","","","","","","","","","","","",""
"614fc3f",-206607.47764325142,"unknown",-206601.04156851768,-206595.08715820312,0.0,5.859971761703491,16.035864114761353,22.951688051223755,52.579471826553345,58.54227948188782,66.10258626937866,"unknown",72.7161853313446,78.6686007976532,81.10764122009277,"unknown","unknown","unknown","unknown","unknown","unknown","unknown",88.11786484718323,"unknown","unknown",94.06328797340393,"","","",""
"a300755","","","","","","","","","","","","","","","","","","","","","","","","","","","","","",""
"802d704","","","","","","","","","","","","","","","","","","","","","","","","","","","","","",""
"e892cd4","","","","","","","","","","","","","","","","","","","","","","","","","","","","","",""
"ac42d69",-9917.8334877491,"unknown",-9911.567729949951,-9906.079794883728,0.0,5.722293853759766,11.41747784614563,17.100858211517334,29.362226724624634,35.057743549346924,54.296555519104004,"unknown",59.83220672607422,66.05968642234802,70.88326573371887,"unknown","unknown","unknown","unknown","unknown","unknown","unknown",78.55819749832153,"unknown","unknown",85.63995289802551,"","","",""
"7bb45d3",-3387.2866337299347,"unknown",-3381.9491732120514,-3375.3497223854065,0.0,6.554339647293091,16.15469980239868,22.51945734024048,43.51435852050781,50.124085903167725,53.69109797477722,"unknown",60.48559832572937,66.76311111450195,68.70966958999634,"unknown","unknown","unknown","unknown","unknown","unknown","unknown",74.65184092521667,"unknown","unknown",79.9731285572052,"","","",""
"7622483","","","","","","","","","","","","","","","","","","","","","","","","","","","","","",""
"730747e",-1943.9632234573364,"unknown",-1936.9774551391602,-1930.509256362915,0.0,5.432952880859375,8.860852003097534,15.997332572937012,29.146190881729126,35.2129442691803,43.66046738624573,50.9528021812439,"unknown",56.93240261077881,58.57012057304382,"unknown","unknown","unknown","unknown","unknown","unknown","unknown",64.99093985557556,"unknown","unknown",71.94231796264648,"","","",""
"07ff49d",-58.81538796424866,"unknown",-53.353379249572754,-46.307579040527344,0.0,6.594125509262085,18.934151649475098,26.00076198577881,27.13405442237854,32.46069097518921,97973.03946876526,"unknown",97978.31875824928,97983.88336372375,97985.83523082733,"unknown","unknown","unknown","unknown","unknown","unknown","unknown",97992.71815800667,"unknown","unknown",97999.75946879387,"","","",""
"22fdb61","","","","","","","","","","","","","","","","","","","","","","","","","","","","","",""
"db046f2","","","","","","","","","","","","","","","","","","","","","","","","","","","","","",""
"99ee852",-4510.078206777573,"unknown",-4504.412177324295,-4498.851350784302,0.0,7.356647491455078,16.555027961730957,22.810457468032837,31.500579357147217,38.15332341194153,41.23286175727844,"unknown",47.53668451309204,53.648192405700684,55.6655752658844,"unknown","unknown","unknown","unknown","unknown","unknown","unknown",62.37157964706421,"unknown","unknown",68.42877078056335,"","","",""
"ad2fc5b",-635.0858333110809,"unknown",-628.1086370944977,-622.2044978141785,0.0,5.358055830001831,7.218641519546509,13.519590616226196,20.374844312667847,27.220542430877686,40.46846532821655,46.538657426834106,"unknown",53.77864599227905,55.66130208969116,"unknown","unknown","unknown","unknown","unknown","unknown","unknown",62.93854308128357,"unknown","unknown",68.72328329086304,"","","",""
"d318264","","","","","","","","","","","","","","","","","","","","","","","","","","","","","",""
"741ef32",-36.68981885910034,"unknown",-29.85533595085144,-24.1948025226593,0.0,5.798258304595947,25.240909814834595,31.85087299346924,45.30232858657837,52.165478467941284,62.78555750846863,"unknown",69.86436533927917,75.41516995429993,77.71645426750183,"unknown","unknown","unknown","unknown","unknown","unknown","unknown",83.07640027999878,"unknown","unknown",89.01480841636658,"","","",""
"b75259d","","","","","","","","","","","","","","","","","","","","","","","","","","","","","",""
"b67425b","","","","","","","","","","","","","","","","","","","","","","","","","","","","","",""
"446ad6c",-2796.389221429825,"unknown",-2789.873684167862,-2783.0052688121796,0.0,6.440232515335083,66.51269674301147,74.23797845840454,92.19500422477722,97.90318465232849,101.52624940872192,108.06001615524292,"unknown",114.65013360977173,147.12292742729187,"unknown","unknown","unknown","unknown","unknown","unknown","unknown",152.90761590003967,"unknown","unknown",159.14401078224182,"","","",""
"70405ea","","","","","","","","","","","","","","","","","","","","","","","","","","","","","",""
"1117a63",-8786.193303108215,"unknown",-8779.744856834412,-8772.547429800034,0.0,6.213845252990723,12.4118070602417,17.9000506401062,32.437870502471924,38.91702628135681,52.13792037963867,"unknown",58.070289850234985,63.8559296131134,73.48274731636047,"unknown","unknown","unknown","unknown","unknown","unknown","unknown",80.40012335777283,"unknown","unknown",87.05073571205139,"","","",""
"537189f","","","","","","","","","","","","","","","","","","","","","","","","","","","","","",""
"17b5a6e","","","","","","","","","","","","","","","","","","","","","","","","","","","","","",""
"d3e37eb",-25628.883196115494,"unknown",-25623.630318164825,-25616.50341272354,0.0,6.655436277389526,9.33469271659851,16.090723276138306,27.573901176452637,34.60785889625549,39.684264183044434,45.91904878616333,"unknown",53.057342529296875,54.32497978210449,"unknown","unknown","unknown","unknown","unknown","unknown","unknown",59.899230003356934,"unknown","unknown",65.89601874351501,"","","",""
"2ee7f92",-2193.39515542984,"unknown",-2187.5473079681396,-2180.382903575897,0.0,5.645905494689941,8.470523595809937,15.530241250991821,47.037736892700195,52.90805196762085,231.38653373718262,237.7007884979248,"unknown",243.2094008922577,249.148099899292,"unknown","unknown","unknown","unknown","unknown","unknown","unknown",254.7875394821167,"unknown","unknown",261.83588767051697,"","","",""
"89d63ed",-135331.8782172203,"unknown",-135324.8179371357,-135317.83794140816,0.0,6.6938865184783936,30.825445652008057,38.13539528846741,44.722392082214355,51.35617399215698,55.3118953704834,"unknown",60.99820947647095,66.66272306442261,79.261967420578,"unknown","unknown","unknown","unknown","unknown","unknown","unknown",85.0139741897583,"unknown","unknown",90.30001759529114,"","","",""
"c0a644e",-20.129557609558105,"unknown",-13.96191930770874,-8.560026407241821,0.0,6.695078134536743,9.676449537277222,15.57737684249878,20.099163055419922,26.867079973220825,32.6111741065979,"unknown",39.777636766433716,46.82235026359558,49.211567640304565,"unknown","unknown","unknown","unknown","unknown","unknown","unknown",54.80079126358032,"unknown","unknown",61.576616287231445,"","","",""
"80f558b",-118737.24556517601,"unknown",-118731.10303425789,-118725.59864425659,0.0,7.273995637893677,39.079272508621216,45.36694025993347,56.47575306892395,62.1605703830719,65.71084833145142,"unknown",72.47934317588806,78.59948945045471,81.1672294139862,"unknown","unknown","unknown","unknown","unknown","unknown","unknown",86.8035876750946,"unknown","unknown",92.65152716636658,"","","",""
"87e4f18",-10685.298126220703,"unknown",-10679.00372505188,-10671.936654090881,0.0,5.799805164337158,8.593700885772705,15.474530935287476,24.509177923202515,30.03234052658081,38.59893584251404,44.80970096588135,"unknown",50.91407513618469,53.67148447036743,"unknown","unknown","unknown","unknown","unknown","unknown","unknown",59.49399995803833,"unknown","unknown",65.90387344360352,"","","",""
"0186834",-224573.3326113224,"unknown",-224566.40312480927,-224560.73342442513,0.0,13.02631664276123,15.190526008605957,27.07870578765869,41.88646841049194,48.8997597694397,62.4557728767395,"unknown",68.52416729927063,75.00572752952576,77.51877069473267,"unknown","unknown","unknown","unknown","unknown","unknown","unknown",85.79906415939331,"unknown","unknown",91.82014203071594,"","","",""
"0355f6d",-105087.69977378845,"unknown",-105080.94590830803,-105075.43832349777,0.0,5.918536186218262,13.56902027130127,19.91240668296814,32.59917759895325,39.052308082580566,57.99790906906128,"unknown",63.62516498565674,69.85236763954163,72.11523008346558,"unknown","unknown","unknown","unknown","unknown","unknown","unknown",78.65179252624512,"unknown","unknown",85.53244185447693,"","","",""
"fa6a8b8","","","","","","","","","","","","","","","","","","","","","","","","","","","","","",""
"145d339",-21.980821132659912,"unknown",-15.71989631652832,-9.440640211105347,0.0,5.677820682525635,29.47581171989441,36.39806842803955,52.78123617172241,59.45842933654785,63.213287353515625,"unknown",70.39854216575623,77.55659055709839,78.98406934738159,"unknown","unknown","unknown","unknown","unknown","unknown","unknown",86.09001350402832,"unknown","unknown",92.94306516647339,"","","",""
"e96f42c","","","","","","","","","","","","","","","","","","","","","","","","","","","","","",""
"f382ec0","","","","","","","","","","","","","","","","","","","","","","","","","","","","","",""
"962a7dd",-3278.323627948761,"unknown",-3273.065726041794,-3267.729695558548,0.0,5.591604471206665,58.457844495773315,64.76440477371216,81.06741762161255,87.6028184890747,91.65320014953613,"unknown",98.8106141090393,104.14265704154968,107.89816498756409,"unknown","unknown","unknown","unknown","unknown","unknown","unknown",113.34997057914734,"unknown","unknown",119.13754391670227,"","","",""
"5c97513","","","","","","","","","","","","","","","","","","","","","","","","","","","","","",""
"acc6118",-15434.187689304352,"unknown",-15427.971813201904,-15422.516273975372,0.0,7.0308263301849365,11.466091871261597,18.160765647888184,24.98331117630005,31.388880729675293,48.44918346405029,54.7162230014801,"unknown",60.99292731285095,67.06555771827698,"unknown","unknown","unknown","unknown","unknown","unknown","unknown",72.41517400741577,"unknown","unknown",78.87909770011902,"","","",""
"d33371d",-1536.554264307022,"unknown",-1529.2854146957397,-1523.0880453586578,0.0,6.27810525894165,40.77154874801636,47.54758095741272,72.77653336524963,78.64088892936707,106.82131147384644,114.07185769081116,"unknown",120.58992743492126,128.92458152770996,"unknown","unknown","unknown","unknown","unknown","unknown","unknown",135.90226650238037,"unknown","unknown",142.42263841629028,"","","",""
"5d45bd1","","","","","","","","","","","","","","","","","","","","","","","","","","","","","",""
"cfcbc2d","","","","","","","","","","","","","","","","","","","","","","","","","","","","","",""
"98ecb86",-24020.504314661026,"unknown",-24014.069583415985,-24008.152163267136,0.0,6.286153078079224,8.414713144302368,15.660038948059082,25.05341339111328,30.73808526992798,32.995877265930176,"unknown",38.564531564712524,44.7820725440979,46.30523633956909,"unknown","unknown","unknown","unknown","unknown","unknown","unknown",52.18882870674133,"unknown","unknown",57.81442308425903,"","","",""
"7636563",-13399.650254011154,"unknown",-13393.204420804977,-13387.510112762451,0.0,7.408884286880493,9.366731643676758,15.159077882766724,20.787838459014893,27.361026763916016,71.1490707397461,76.72510242462158,"unknown",82.22123527526855,84.19456791877747,"unknown","unknown","unknown","unknown","unknown","unknown","unknown",91.34537053108215,"unknown","unknown",97.69310879707336,"","","",""
"5d2b358",-1951.1940462589264,"unknown",-1943.95978140831,-1937.464427947998,0.0,6.1286656856536865,22.895453453063965,28.461785078048706,2027007.6888546944,2027014.4880793095,2027020.7116837502,2027026.0834796429,"unknown",2027032.9670751095,2027061.2261929512,"unknown","unknown","unknown","unknown","unknown","unknown","unknown",2027066.961071968,"unknown","unknown",2027072.9641952515,"","",2013373.729238987,""
"5d9ae0c","","","","","","","","","","","","","","","","","","","","","","","","","","","","","",""
"73d4e20","","","","","","","","","","","","","","","","","","","","","","","","","","","","","",""
"be94a32","","","","","","","","","","","","","","","","","","","","","","","","","","","","","",""
"9f972fb","","","","","","","","","","","","","","","","","","","","","","","","","","","","","",""
"6e93efd",-720.8099093437195,"unknown",-712.8947608470917,-706.6766991615295,0.0,5.3261168003082275,29.499236583709717,34.81915640830994,52.41907048225403,58.785215854644775,72.21441650390625,79.16426658630371,"unknown",85.60235929489136,102.23345303535461,"unknown","unknown","unknown","unknown","unknown","unknown","unknown",108.83506274223328,"unknown","unknown",114.67415285110474,"","","",""
"5a4afae","","","","","","","","","","","","","","","","","","","","","","","","","","","","","",""
"c34e373","","","","","","","","","","","","","","","","","","","","","","","","","","","","","",""
"6bac72b",-8689.60322523117,"unknown",-8683.876148462296,-8676.962770938873,0.0,5.926521301269531,8.820575475692749,15.293367385864258,64.4923095703125,70.07885384559631,73.6706793308258,80.08940982818604,"unknown",86.56320428848267,88.91813969612122,"unknown","unknown","unknown","unknown","unknown","unknown","unknown",94.60699033737183,"unknown","unknown",101.20173454284668,"","","",""
"c9285e4",-7131.679691553116,"unknown",-7125.031214952469,-7118.667098760605,0.0,6.28860068321228,36.005513429641724,42.59491014480591,4879.652845621109,4885.606810808182,4906.343973636627,"unknown",4911.901503801346,4917.85998749733,3346174.1810212135,"unknown","unknown","unknown","unknown","unknown","unknown","unknown",3346179.572893381,"unknown","unknown",3346185.170246601,"","","",3345082.403338909
"bd4b2f4",-5298.305415153503,"unknown",-5292.321949481964,-5286.472116947174,0.0,6.2938642501831055,10.051033973693848,15.431512594223022,30.075318098068237,37.33531212806702,48.549599409103394,"unknown",55.39931082725525,61.507261514663696,63.659234046936035,"unknown","unknown","unknown","unknown","unknown","unknown","unknown",69.59909510612488,"unknown","unknown",75.66345381736755,"","","",""
"bd650e8","","","","","","","","","","","","","","","","","","","","","","","","","","","","","",""
"b81bc6e","","","","","","","","","","","","","","","","","","","","","","","","","","","","","",""
"0ff20c2",-5094.525957107544,"unknown",-5087.712005376816,-5082.326073169708,0.0,6.8686394691467285,16.627914428710938,23.951712131500244,37.6829137802124,44.63626217842102,57.11021947860718,"unknown",64.16177201271057,69.55355882644653,71.65458989143372,"unknown","unknown","unknown","unknown","unknown","unknown","unknown",78.22132921218872,"unknown","unknown",85.02467060089111,"","","",""
"b0e3caa","","","","","","","","","","","","","","","","","","","","","","","","","","","","","",""
"45f7f6c",-260.36577439308167,"unknown",-254.73366475105286,-248.03573870658875,0.0,6.343724012374878,16.630101442337036,22.187122106552124,26.683313608169556,32.97626066207886,39.331948041915894,45.284663915634155,"unknown",51.82743453979492,58.54188776016235,"unknown","unknown","unknown","unknown","unknown","unknown","unknown",64.14797878265381,"unknown","unknown",70.75461983680725,"","","",""
"1df700a","","","","","","","","","","","","","","","","","","","","","","","","","","","","","",""
"d3a396c",-54643.7289288044,"unknown",-54636.72339320183,-54630.6118888855,0.0,5.504674434661865,8.710066318511963,14.938682556152344,19.232179403305054,25.580291986465454,28.901413440704346,"unknown",35.675885915756226,41.637943506240845,43.95436954498291,"unknown","unknown","unknown","unknown","unknown","unknown","unknown",50.00100564956665,"unknown","unknown",57.12059760093689,"","","",""
"79b129c",-3288.992776632309,"unknown",-3281.980670452118,-3275.669003725052,0.0,5.705542325973511,7.996470212936401,13.980753898620605,33.782554388046265,39.218143939971924,157.68696117401123,163.56800961494446,"unknown",169.0258526802063,170.94068431854248,"unknown","unknown","unknown","unknown","unknown","unknown","unknown",177.76434803009033,"unknown","unknown",184.53246808052063,"","","",""
"d85b5c4",-49096.82194662094,"unknown",-49090.43366742134,-49084.760382175446,0.0,5.94735050201416,10.581607103347778,16.14716601371765,25.024747610092163,32.11532020568848,36.559136629104614,42.14096689224243,"unknown",48.54699492454529,50.71734309196472,"unknown","unknown","unknown","unknown","unknown","unknown","unknown",57.54222655296326,"unknown","unknown",64.55022096633911,"","","",""
"43b56f8","","","","","","","","","","","","","","","","","","","","","","","","","","","","","",""
"3ecbabb","","","","","","","","","","","","","","","","","","","","","","","","","","","","","",""
"c9c92b5",-717509.6927506924,"unknown",-717503.9775018692,-717496.7864573002,0.0,5.434379816055298,7.794999837875366,13.011422395706177,22.5842387676239,28.6209237575531,40.4527051448822,"unknown",46.32310104370117,51.558860063552856,53.02150082588196,"unknown","unknown","unknown","unknown","unknown","unknown","unknown",58.323408126831055,"unknown","unknown",65.20273661613464,-616450.7458527088,"","",""
"f9b9236",-3398.1750650405884,"unknown",-3387.5356640815735,-3376.2147703170776,0.0,7.173636198043823,9.603224277496338,17.241082429885864,19.977139711380005,27.412495613098145,65.65535593032837,"unknown",71.5466091632843,79.75030708312988,82.25181674957275,"unknown","unknown","unknown","unknown","unknown","unknown","unknown",91.1038978099823,"unknown","unknown",100.45875382423401,"","","",""
"4a0236d","","","","","","","","","","","","","","","","","","","","","","","","","","","","","",""
"b7a265d",-24.757160425186157,"unknown",-19.08429265022278,-12.397066831588745,0.0,6.544317007064819,12.957189321517944,19.663264274597168,31.433523178100586,38.27950358390808,47.78376913070679,"unknown",54.010939836502075,60.51605677604675,62.24323868751526,"unknown","unknown","unknown","unknown","unknown","unknown","unknown",69.14295506477356,"unknown","unknown",76.130300283432,"","","",""
"912afde","","","","","","","","","","","","","","","","","","","","","","","","","","","","","",""
"c97639e",-5393.561996459961,"unknown",-5387.688305854797,-5380.535940647125,0.0,7.01165246963501,52.22292923927307,58.40769815444946,788.0472717285156,793.7317669391632,801.0570900440216,806.695939540863,"unknown",813.1414506435394,815.6994752883911,"unknown","unknown","unknown","unknown","unknown","unknown","unknown",821.916154384613,"unknown","unknown",828.4909641742706,"","","",""
"af72486",-61282.62575626373,"unknown",-61276.93855166435,-61271.46457672119,0.0,6.4984917640686035,16.422425270080566,23.430723667144775,40.887776374816895,47.98102068901062,55.54843330383301,61.63511610031128,"unknown",67.69397711753845,69.20311260223389,"unknown","unknown","unknown","unknown","unknown","unknown","unknown",75.62439155578613,"unknown","unknown",81.99831223487854,"","","",""
"e2517d9","","","","","","","","","","","","","","","","","","","","","","","","","","","","","",""
"1e88a68",-411048.8429033756,"unknown",-411041.695728302,-411035.2092754841,0.0,6.958053827285767,16.84946060180664,23.940240621566772,40.76333236694336,47.405043601989746,51.5539071559906,"unknown",57.43084502220154,62.840243101119995,66.62170100212097,"unknown","unknown","unknown","unknown","unknown","unknown","unknown",73.4165825843811,"unknown","unknown",79.35124182701111,"","","",""
"9d97673","","","","","","","","","","","","","","","","","","","","","","","","","","","","","",""
"aa07d95",-3521.2618913650513,"unknown",-3515.4789085388184,-3508.413384914398,0.0,7.110376834869385,8.768981218338013,15.16244626045227,51.70441198348999,57.6402804851532,61.57435321807861,"unknown",66.8198025226593,73.15547513961792,79.32553148269653,"unknown","unknown","unknown","unknown","unknown","unknown","unknown",86.22878384590149,"unknown","unknown",91.68378639221191,"","","",""
"d27b032","","","","","","","","","","","","","","","","","","","","","","","","","","","","","",""
"38c4951","","","","","","","","","","","","","","","","","","","","","","","","","","","","","",""
"13dba9e","","","","","","","","","","","","","","","","","","","","","","","","","","","","","",""
"e6d310e",-92551.16470813751,"unknown",-92543.93942499161,-92537.39873600006,0.0,6.50230073928833,14.159132242202759,20.573203325271606,35.683732986450195,42.01400589942932,45.515950202941895,50.80850625038147,"unknown",57.45467495918274,60.250075340270996,"unknown","unknown","unknown","unknown","unknown","unknown","unknown",66.36440348625183,"unknown","unknown",71.78221869468689,"","","",""
"8c74aa5",-2391.0968334674835,"unknown",-2385.8138744831085,-2379.1771745681763,0.0,6.038693904876709,11.92844843864441,18.136295080184937,29.892646551132202,36.309545278549194,49.89622163772583,"unknown",55.31220054626465,61.1110565662384,63.06920409202576,"unknown","unknown","unknown","unknown","unknown","unknown","unknown",69.51739573478699,"unknown","unknown",74.83425951004028,"","","",""
"679fa36","","","","","","","","","","","","","","","","","","","","","","","","","","","","","",""
"b164bf7","","","","","","","","","","","","","","","","","","","","","","","","","","","","","",""
"7e62763","","","","","","","","","","","","","","","","","","","","","","","","","","","","","",""
"c7a7d85",-1098.5505831241608,"unknown",-1091.633670091629,-1085.8488388061523,0.0,5.863768100738525,7.8787901401519775,14.27030062675476,38.742486238479614,44.62675857543945,49.42023515701294,55.89827251434326,"unknown",62.617838621139526,65.47375416755676,"unknown","unknown","unknown","unknown","unknown","unknown","unknown",72.24191784858704,"unknown","unknown",78.84301590919495,"","","",""
"3b7f267","","","","","","","","","","","","","","","","","","","","","","","","","","","","","",""
"fa1efad","","","","","","","","","","","","","","","","","","","","","","","","","","","","","",""
"ae58bf1",-5633.546363115311,"unknown",-5627.216516256332,-5620.948734760284,0.0,5.6383843421936035,8.490377187728882,15.612849473953247,26.903759479522705,33.018256425857544,41.99278140068054,49.271140336990356,"unknown",56.16880536079407,58.86240267753601,"unknown","unknown","unknown","unknown","unknown","unknown","unknown",65.84849429130554,"unknown","unknown",72.3154616355896,"","","",""
"492238f","","","","","","","","","","","","","","","","","","","","","","","","","","","","","",""
"43c977d",-150867.0872592926,"unknown",-150860.28828835487,-150854.93017458916,0.0,6.7976295948028564,42.71756148338318,49.934850454330444,70.08327507972717,75.41094470024109,89.16126108169556,"unknown",96.29110646247864,103.09440326690674,105.23070812225342,"unknown","unknown","unknown","unknown","unknown","unknown","unknown",111.49448347091675,"unknown","unknown",118.604971408844,"","","",""
"4eff6be","","","","","","","","","","","","","","","","","","","","","","","","","","","","","",""
"e1b193b",-742.6513974666595,"unknown",-737.138269662857,-730.7184329032898,0.0,5.48129677772522,36.85987401008606,42.19423294067383,99.38125109672546,105.69680953025818,298600.6717386246,298606.0186417103,"unknown",298612.1518499851,298613.9185500145,"unknown","unknown","unknown","unknown","unknown","unknown","unknown",298620.25029325485,"unknown","unknown",298627.3105492592,"","","",""
"1415cd3","","","","","","","","","","","","","","","","","","","","","","","","","","","","","",""
"2953e33",-240354.80742812157,"unknown",-240349.07059073448,-240343.27681684494,0.0,5.876737594604492,7.2045793533325195,13.974188089370728,15.155675172805786,21.91018557548523,26.664178133010864,"unknown",33.3466010093689,39.04894161224365,43.0604681968689,"unknown","unknown","unknown","unknown","unknown","unknown","unknown",48.46719932556152,"unknown","unknown",54.02351355552673,"","","",""
"a540012","","","","","","","","","","","","","","","","","","","","","","","","","","","","","",""
"dd88e0f","","","","","","","","","","","","","","","","","","","","","","","","","","","","","",""
"d135983","","","","","","","","","","","","","","","","","","","","","","","","","","","","","",""
"814517e",-2061.620003223419,"unknown",-2054.7120172977448,-2048.822090625763,0.0,5.432177305221558,12.178074359893799,19.095829963684082,32.26445651054382,38.3577299118042,44.08960485458374,49.64341378211975,"unknown",56.56278896331787,59.962178230285645,"unknown","unknown","unknown","unknown","unknown","unknown","unknown",66.20720052719116,"unknown","unknown",71.91115927696228,"","","",""
"53deb5c",-190878.41384744644,"unknown",-190871.4311413765,-190865.17557024956,0.0,5.350592851638794,11.690154790878296,17.20502805709839,34.15055823326111,40.39735126495361,43.764161586761475,"unknown",50.948392152786255,56.65060496330261,58.90441370010376,"unknown","unknown","unknown","unknown","unknown","unknown","unknown",65.66713547706604,"unknown","unknown",71.08060956001282,"","","",""
"e4cf342","","","","","","","","","","","","","","","","","","","","","","","","","","","","","",""
"c1a9909","","","","","","","","","","","","","","","","","","","","","","","","","","","","","",""
"844ab34","","","","","","","","","","","","","","","","","","","","","","","","","","","","","",""
"fc2538d",-1387.7894051074982,"unknown",-1381.6783261299133,-1374.8041787147522,0.0,6.237421274185181,57.108845233917236,63.45830178260803,65.3572850227356,71.09460520744324,76.23284530639648,81.90770959854126,"unknown",88.92947888374329,90.63735032081604,"unknown","unknown","unknown","unknown","unknown","unknown","unknown",97.21835017204285,"unknown","unknown",103.47677731513977,"","","",""
"4c228f6",-1131.7908670902252,"unknown",-1124.6466615200043,-1118.295111656189,0.0,5.494422912597656,17.977160453796387,24.579400062561035,39.39054012298584,45.016578674316406,101.00610113143921,106.68634343147278,"unknown",113.54393005371094,117.3913025856018,"unknown","unknown","unknown","unknown","unknown","unknown","unknown",124.51352262496948,"unknown","unknown",131.0059380531311,"","","",""
"747ce5f","","","","","","","","","","","","","","","","","","","","","","","","","","","","","",""
"6ab42f2",-1253.2946977615356,"unknown",-1246.46351313591,-1240.1569213867188,0.0,6.781000852584839,8.146114110946655,14.359022617340088,18.92418622970581,24.325225353240967,45.4178466796875,"unknown",51.742576599121094,57.383605003356934,59.262757301330566,"unknown","unknown","unknown","unknown","unknown","unknown","unknown",65.7236397266388,"unknown","unknown",71.27164959907532,"","","",""
"41f2447",-89062.97950553894,"unknown",-89055.96863985062,-89049.13287043571,0.0,6.770533084869385,53.0288827419281,59.735440731048584,68.71873307228088,74.82882046699524,77.62438774108887,84.208016872406,"unknown",89.65764451026917,92.07226300239563,"unknown","unknown","unknown","unknown","unknown","unknown","unknown",97.49763679504395,"unknown","unknown",104.01493096351624,"","","",""
"5bf619a",-281703.05647182465,"unknown",-281697.4601035118,-281692.17389917374,0.0,5.4073240756988525,11.178531646728516,17.50768542289734,33.85281562805176,40.07858610153198,53.9854793548584,"unknown",61.11433458328247,66.841628074646,69.39073061943054,"unknown","unknown","unknown","unknown","unknown","unknown","unknown",75.76441097259521,"unknown","unknown",82.25108313560486,"","","",""
"a123713","","","","","","","","","","","","","","","","","","","","","","","","","","","","","",""
"4997357","","","","","","","","","","","","","","","","","","","","","","","","","","","","","",""
"5455b1d","","","","","","","","","","","","","","","","","","","","","","","","","","","","","",""
"f52861b","","","","","","","","","","","","","","","","","","","","","","","","","","","","","",""
"466a0ab","","","","","","","","","","","","","","","","","","","","","","","","","","","","","",""
"399b994","","","","","","","","","","","","","","","","","","","","","","","","","","","","","",""
"6568ea1",-3179.9180357456207,"unknown",-3172.7467079162598,-3166.599058866501,0.0,7.15006160736084,17.56184720993042,24.635338306427002,42.65362048149109,49.778122425079346,321.22562766075134,326.63958501815796,"unknown",332.496009349823,334.02398014068604,"unknown","unknown","unknown","unknown","unknown","unknown","unknown",340.35066628456116,"unknown","unknown",345.9028103351593,"","","",""
"a839247","","","","","","","","","","","","","","","","","","","","","","","","","","","","","",""
"5d6ad7f",-621429.6705212593,"unknown",-621423.5546700954,-621417.9590315819,0.0,7.10483193397522,24.004083395004272,30.577459573745728,38.42454504966736,44.50727701187134,58.76253938674927,64.29529476165771,"unknown",70.12583827972412,73.573894739151,"unknown","unknown","unknown","unknown","unknown","unknown","unknown",79.32719659805298,"unknown","unknown",85.74417185783386,"","","",""
"528d0fe","","","","","","","","","","","","","","","","","","","","","","","","","","","","","",""
"900150c",-46057.549287080765,"unknown",-46051.76384449005,-46045.086924791336,0.0,5.647801160812378,7.693771600723267,14.588073253631592,36.64693355560303,42.030717611312866,77.97884154319763,84.5680284500122,"unknown",91.45068979263306,95.65143084526062,"unknown","unknown","unknown","unknown","unknown","unknown","unknown",102.03224205970764,"unknown","unknown",108.88666939735413,"","","",""
"924de30","","","","","","","","","","","","","","","","","","","","","","","","","","","","","",""
"d925650",-936395.8670525551,"unknown",-936389.1757814884,-936382.5285942554,0.0,6.9887495040893555,1883987.9270453453,1883995.1827390194,1884007.889295578,1884014.3283355236,1884020.608165741,1884025.9145007133,"unknown",1884032.4230735302,1884033.9390444756,"unknown","unknown","unknown","unknown","unknown","unknown","unknown",1884040.676069498,"unknown","unknown",1884046.8401477337,"","","",""
"37798a6","","","","","","","","","","","","","","","","","","","","","","","","","","","","","",""
"ff10184",-287164.8834798336,"unknown",-287159.0527911186,-287153.04028081894,0.0,6.3782453536987305,12.207502603530884,18.60136651992798,40.775073289871216,46.67138671875,69.08771920204163,75.30029511451721,"unknown",82.3048415184021,86.8261821269989,"unknown","unknown","unknown","unknown","unknown","unknown","unknown",93.54016828536987,"unknown","unknown",98.94416904449463,"","","",""
"cde7968",-23004.725645542145,"unknown",-22998.07586121559,-22991.758972644806,0.0,6.960540771484375,13.026771545410156,18.70013451576233,36.52306914329529,42.74067234992981,46.820189237594604,52.46685290336609,"unknown",58.76800322532654,65.40485525131226,"unknown","unknown","unknown","unknown","unknown","unknown","unknown",71.86399149894714,"unknown","unknown",77.15029335021973,"","","",""
"52d61f6",-31168.275265693665,"unknown",-31161.158278942108,-31155.04226922989,0.0,6.011219024658203,27.038515329360962,32.596720695495605,43.227025508880615,48.703685998916626,52.1331524848938,57.74438524246216,"unknown",64.49757695198059,66.41432762145996,"unknown","unknown","unknown","unknown","unknown","unknown","unknown",73.16218614578247,"unknown","unknown",80.1252281665802,"","","",""
"34d8485",-911.2642061710358,"unknown",-905.1601469516754,-898.7603118419647,0.0,5.3621838092803955,38.598576068878174,44.211204051971436,75.31996083259583,80.99621248245239,89.4505021572113,"unknown",95.17427468299866,101.58704686164856,111.02397036552429,"unknown","unknown","unknown","unknown","unknown","unknown","unknown",118.05101609230042,"unknown","unknown",123.44548153877258,"","","",""
"693ef79",-4409.171897411346,"unknown",-4403.116539716721,-4396.8714101314545,0.0,6.598832845687866,11.726482391357422,18.30661129951477,30.399420261383057,37.54157114028931,68.55796933174133,74.66769599914551,"unknown",81.20164322853088,83.4104917049408,"unknown","unknown","unknown","unknown","unknown","unknown","unknown",89.46178269386292,"unknown","unknown",95.91696095466614,"","","",""
"0d5233e","","","","","","","","","","","","","","","","","","","","","","","","","","","","","",""
"f0a4194",-641145.5023391247,"unknown",-641139.8247039318,-641133.98026371,0.0,5.465200185775757,6.505408048629761,13.547603845596313,21.265683889389038,27.453377723693848,37.51677227020264,44.59923028945923,"unknown",50.70373582839966,59.459367752075195,"unknown","unknown","unknown","unknown","unknown","unknown","unknown",65.20345520973206,"unknown","unknown",71.48431205749512,"","","",""
"11e5d50",-7216.013855457306,"unknown",-7209.844463586807,-7204.324669122696,0.0,7.194993495941162,8.546876430511475,15.58288049697876,22.050716400146484,28.542641401290894,30.76574730873108,"unknown",37.24534869194031,42.44963788986206,44.49903082847595,"unknown","unknown","unknown","unknown","unknown","unknown","unknown",51.42257571220398,"unknown","unknown",57.4060275554657,"","","",""
"047f2ca",-3410.227784395218,"unknown",-3403.436014890671,-3397.3855295181274,0.0,6.309522390365601,1099.4452936649323,1106.7105991840363,11483.641496658325,11490.53339934349,11499.136166334152,"unknown",11505.966319084167,11511.704286336899,11540.693568229675,"unknown","unknown","unknown","unknown","unknown","unknown","unknown",11546.80433511734,"unknown","unknown",11553.557000160217,"","","",""
"02b634c","","","","","","","","","","","","","","","","","","","","","","","","","","","","","",""
"0f91d63",-451189.07470178604,"unknown",-451183.4386436939,-451176.288492918,0.0,5.981630325317383,10.561063766479492,17.15918517112732,19.781937837600708,25.79297113418579,38.28238034248352,44.22995114326477,"unknown",49.65069627761841,53.57127618789673,"unknown","unknown","unknown","unknown","unknown","unknown","unknown",59.3411808013916,"unknown","unknown",65.40142107009888,"","","",""
"87e086c","","","","","","","","","","","","","","","","","","","","","","","","","","","","","",""
"ece9ce7","","","","","","","","","","","","","","","","","","","","","","","","","","","","","",""
"a975113","","","","","","","","","","","","","","","","","","","","","","","","","","","","","",""
"59c79dc",-1967.5459909439087,"unknown",-1960.6079139709473,-1954.4045236110687,0.0,7.526140928268433,13.55443263053894,20.345553398132324,37.501205921173096,43.92966365814209,56.81358098983765,"unknown",63.084425926208496,70.33421635627747,77.03272247314453,"unknown","unknown","unknown","unknown","unknown","unknown","unknown",84.04170417785645,"unknown","unknown",89.69168877601624,"","","",""
"dee5269",-23.72891902923584,"unknown",-17.87167239189148,-11.306088209152222,0.0,6.016942501068115,9.216183185577393,14.37716293334961,29.22328543663025,35.65631628036499,84.78455805778503,90.46546578407288,"unknown",95.94073939323425,97.82371735572815,"unknown","unknown","unknown","unknown","unknown","unknown","unknown",104.63387513160706,"unknown","unknown",110.41391587257385,"","","",""
"844fef2",-958.6633369922638,"unknown",-951.5465245246887,-945.8869755268097,0.0,5.902196407318115,12.261733055114746,17.989946842193604,27.147499084472656,34.01937770843506,38.42984318733215,44.32992100715637,"unknown",50.492159605026245,59.05815935134888,"unknown","unknown","unknown","unknown","unknown","unknown","unknown",65.60982489585876,"unknown","unknown",71.0496518611908,"","","",""
"ef7d623","","","","","","","","","","","","","","","","","","","","","","","","","","","","","",""
"a54cf83","","","","","","","","","","","","","","","","","","","","","","","","","","","","","",""
"e98cdcd",-288941.80332779884,"unknown",-288935.8855907917,-288929.7234880924,0.0,5.448016881942749,13.654191255569458,19.783393383026123,50.9402871131897,57.35904836654663,123.21918392181396,130.26157808303833,"unknown",136.44413828849792,139.4340376853943,"unknown","unknown","unknown","unknown","unknown","unknown","unknown",146.54691004753113,"unknown","unknown",153.68910884857178,"","","",""
"a3ff1ab",-529.762454032898,"unknown",-523.5760290622711,-517.5610153675079,0.0,6.340796947479248,30.080570459365845,37.46135926246643,58.30869174003601,64.6491014957428,85.25549530982971,91.3422281742096,"unknown",98.48488235473633,103.54610133171082,"unknown","unknown","unknown","unknown","unknown","unknown","unknown",110.52297282218933,"unknown","unknown",116.71152091026306,"","","",""
"33bcee6",-2385317.947150469,"unknown",-2385311.7174687386,-2385306.1364455223,0.0,6.047739744186401,9.02979326248169,14.712233304977417,25.563384771347046,31.381409883499146,34.49471616744995,40.01191210746765,"unknown",46.938554525375366,48.43325591087341,"unknown","unknown","unknown","unknown","unknown","unknown","unknown",53.94052219390869,"unknown","unknown",59.63346600532532,-55036.454792261124,"","",""
"c494a29",-7339.952587842941,"unknown",-7333.662738800049,-7326.659090995789,0.0,6.395727157592773,7.589926719665527,13.889814376831055,15.322202205657959,21.137619256973267,465.29096150398254,471.60056948661804,"unknown",478.603444814682,564.8205497264862,"unknown","unknown","unknown","unknown","unknown","unknown","unknown",571.1118729114532,"unknown","unknown",576.4279532432556,"","","",""
"aa68b7a","","","","","","","","","","","","","","","","","","","","","","","","","","","","","",""
"92db041","","","","","","","","","","","","","","","","","","","","","","","","","","","","","",""
"b921637","","","","","","","","","","","","","","","","","","","","","","","","","","","","","",""
"0fa3c49","","","","","","","","","","","","","","","","","","","","","","","","","","","","","",""
"cb28371","","","","","","","","","","","","","","","","","","","","","","","","","","","","","",""
"a664235","","","","","","","","","","","","","","","","","","","","","","","","","","","","","",""
"81f41fd",-50.76016569137573,"unknown",-44.56387782096863,-37.91683840751648,0.0,6.430019855499268,22.932295560836792,28.70751142501831,39.3448441028595,46.04713273048401,57.75787019729614,"unknown",64.6451404094696,70.67176485061646,72.89767384529114,"unknown","unknown","unknown","unknown","unknown","unknown","unknown",79.66616582870483,"unknown","unknown",86.66593909263611,"","","",""
"f38953f","","","","","","","","","","","","","","","","","","","","","","","","","","","","","",""
"6801018",-3940.072740316391,"unknown",-3933.7657568454742,-3927.7110166549683,0.0,7.37281608581543,9.842289924621582,16.302209615707397,25.64341449737549,32.38635849952698,39.81205439567566,"unknown",45.13962435722351,51.96820378303528,53.734811305999756,"unknown","unknown","unknown","unknown","unknown","unknown","unknown",59.81900382041931,"unknown","unknown",66.53225755691528,"","","",""
"ac3a94c",-268198.3808157444,"unknown",-268192.99454164505,-268185.99511933327,0.0,6.319370746612549,16.813894271850586,22.91529130935669,33.8730583190918,39.95492386817932,50.44898843765259,"unknown",56.73901867866516,63.450846433639526,65.3050537109375,"unknown","unknown","unknown","unknown","unknown","unknown","unknown",71.45979619026184,"unknown","unknown",77.88946056365967,"","","",""
"eccfff0","","","","","","","","","","","","","","","","","","","","","","","","","","","","","",""
"49f21e0","","","","","","","","","","","","","","","","","","","","","","","","","","","","","",""
"02ed09a","","","","","","","","","","","","","","","","","","","","","","","","","","","","","",""
"37b9a9f",-4165.878778219223,"unknown",-4160.064993143082,-4153.416248083115,0.0,5.772325277328491,7.885682582855225,13.683625936508179,53.781628370285034,60.62250351905823,452.3687460422516,"unknown",457.921728849411,465.0556855201721,4847.310410737991,"unknown","unknown","unknown","unknown","unknown","unknown","unknown",4854.593537569046,"unknown","unknown",4860.121034145355,"","","",""
"3c0c7c1","","","","","","","","","","","","","","","","","","","","","","","","","","","","","",""
"89f6d9e",-8962.621394872665,"unknown",-8956.659346580505,-8949.4293551445,0.0,6.9581944942474365,10.899431943893433,16.8571195602417,24.00567078590393,29.497620344161987,41.50472283363342,"unknown",47.96244144439697,54.64445757865906,56.042052268981934,"unknown","unknown","unknown","unknown","unknown","unknown","unknown",62.18720197677612,"unknown","unknown",67.77637314796448,"","","",""
"39dc9b8","","","","","","","","","","","","","","","","","","","","","","","","","","","","","",""
"56bae3a","","","","","","","","","","","","","","","","","","","","","","","","","","","","","",""
"28ec805","","","","","","","","","","","","","","","","","","","","","","","","","","","","","",""
"4c8a5bc",-159581.0638308525,"unknown",-159575.01293849945,-159567.92241311073,0.0,6.4265100955963135,13.996355056762695,19.444310903549194,33.35916018486023,39.16690397262573,44.218921184539795,"unknown",50.34115552902222,55.770588397979736,59.294936656951904,"unknown","unknown","unknown","unknown","unknown","unknown","unknown",65.02055716514587,"unknown","unknown",71.32710981369019,"","","",""
"48179d1","","","","","","","","","","","","","","","","","","","","","","","","","","","","","",""
"e845b6b",-2176.7914464473724,"unknown",-2170.7813682556152,-2164.553969144821,0.0,7.123252630233765,9.626148223876953,15.12252926826477,18.250497102737427,24.115814208984375,37.54078984260559,44.34536290168762,"unknown",51.53780817985535,54.01999545097351,"unknown","unknown","unknown","unknown","unknown","unknown","unknown",59.92688012123108,"unknown","unknown",66.73441743850708,"","","",""
"619e952",-55965.64627957344,"unknown",-55958.54348015785,-55953.0939040184,0.0,5.507255792617798,18.857630252838135,25.65312099456787,34.5414776802063,39.89399552345276,44.946635723114014,"unknown",52.090187788009644,58.48943591117859,61.76884889602661,"unknown","unknown","unknown","unknown","unknown","unknown","unknown",68.77428960800171,"unknown","unknown",74.96515774726868,"","","",""
"0fd9ca7","","","","","","","","","","","","","","","","","","","","","","","","","","","","","",""
"ff125d4","","","","","","","","","","","","","","","","","","","","","","","","","","","","","",""
"0dc7823","","","","","","","","","","","","","","","","","","","","","","","","","","","","","",""
"64155b9","","","","","","","","","","","","","","","","","","","","","","","","","","","","","",""
"9cfbb83",-30550.81223344803,"unknown",-30544.697365522385,-30539.509679555893,0.0,5.392869710922241,6.917296409606934,12.977904319763184,14.73699140548706,21.172855615615845,45.73140215873718,"unknown",52.657066822052,58.33914017677307,64.88432097434998,"unknown","unknown","unknown","unknown","unknown","unknown","unknown",70.51121091842651,"unknown","unknown",77.53541803359985,"","","",""
"f6ffd76","","","","","","","","","","","","","","","","","","","","","","","","","","","","","",""
"57b0697","","","","","","","","","","","","","","","","","","","","","","","","","","","","","",""
"1c202a8","","","","","","","","","","","","","","","","","","","","","","","","","","","","","",""
"3e625ac","","","","","","","","","","","","","","","","","","","","","","","","","","","","","",""
"6b36bf5",-9402.753700971603,"unknown",-9396.773187160492,-9390.95560503006,0.0,6.5482683181762695,8.09116816520691,14.348172664642334,62.62231993675232,68.93418741226196,85.24823045730591,"unknown",92.46997284889221,98.706383228302,198.2977409362793,"unknown","unknown","unknown","unknown","unknown","unknown","unknown",205.53400540351868,"unknown","unknown",211.9353277683258,"","","",""
"99775ba",-21.024434566497803,"unknown",-15.510327100753784,-9.989929676055908,0.0,5.958004713058472,38.96214580535889,46.30327868461609,50.80024194717407,56.4032506942749,81.44123601913452,"unknown",88.42456817626953,95.23421263694763,96.86296463012695,"unknown","unknown","unknown","unknown","unknown","unknown","unknown",103.85800409317017,"unknown","unknown",110.06529426574707,"","","",""
"152aa4d",-651.1024038791656,"unknown",-644.2471890449524,-637.5412921905518,0.0,5.598068952560425,10.478161811828613,16.923774242401123,31.221659421920776,38.03099822998047,48.06408166885376,"unknown",54.77333354949951,60.395111322402954,62.754411458969116,"unknown","unknown","unknown","unknown","unknown","unknown","unknown",68.78829002380371,"unknown","unknown",75.06060695648193,"","","",""
"ced331f","","","","","","","","","","","","","","","","","","","","","","","","","","","","","",""
"1d235c1","","","","","","","","","","","","","","","","","","","","","","","","","","","","","",""
"e6de912",-2317.08252620697,"unknown",-2310.049941778183,-2304.1348009109497,0.0,6.683224678039551,8.60547161102295,14.101267337799072,26.837327241897583,33.85006761550903,39.03966999053955,"unknown",44.96937537193298,51.57822346687317,53.30241298675537,"unknown","unknown","unknown","unknown","unknown","unknown","unknown",59.610031604766846,"unknown","unknown",65.4120237827301,"","","",""
"76bbc0d",-84771.73112130165,"unknown",-84765.34208226204,-84759.79704451561,0.0,7.309980392456055,15.315126895904541,20.769365310668945,41.74836015701294,48.231675148010254,68.81785559654236,"unknown",76.00864601135254,82.65160846710205,84.01213455200195,"unknown","unknown","unknown","unknown","unknown","unknown","unknown",90.59686851501465,"unknown","unknown",97.5816502571106,"","","",""
"36b4ec5",-9372.581068992615,"unknown",-9366.196035385132,-9359.589874744415,0.0,7.416100025177002,13.100935935974121,19.775213956832886,26.320560932159424,33.081748962402344,35.575066804885864,"unknown",42.02160048484802,48.828354835510254,50.8651237487793,"unknown","unknown","unknown","unknown","unknown","unknown","unknown",56.671446084976196,"unknown","unknown",62.52355241775513,"","","",""
"7de2a3d","","","","","","","","","","","","","","","","","","","","","","","","","","","","","",""
"dbe3880","","","","","","","","","","","","","","","","","","","","","","","","","","","","","",""
"877fb69",-150.12377667427063,"unknown",-143.624742269516,-137.42774868011475,0.0,6.615475416183472,8.802772045135498,15.31456208229065,20.347164154052734,25.940353631973267,27.939244985580444,"unknown",33.71371388435364,39.94362759590149,41.92146325111389,"unknown","unknown","unknown","unknown","unknown","unknown","unknown",47.39075303077698,"unknown","unknown",54.540579319000244,"","","",""
"c17e360","","","","","","","","","","","","","","","","","","","","","","","","","","","","","",""
"51be121",-1016561.0790205002,"unknown",-1016554.9995729923,-1016548.2728428841,0.0,6.3820414543151855,11.346984148025513,18.298639059066772,33.153077602386475,40.02316975593567,43.27124905586243,49.52055382728577,"unknown",55.19385266304016,57.08057689666748,"unknown","unknown","unknown","unknown","unknown","unknown","unknown",64.2913875579834,"unknown","unknown",71.35488438606262,"","","",""
"e9e1409",-246094.26782512665,"unknown",-246087.4193918705,-246080.3245048523,0.0,6.232373476028442,7.553099155426025,12.925320863723755,25.31086301803589,30.745607376098633,38.753321170806885,46.01304864883423,"unknown",53.224231004714966,55.98858857154846,"unknown","unknown","unknown","unknown","unknown","unknown","unknown",62.984734535217285,"unknown","unknown",70.13186049461365,"","","",""
"051761f","","","","","","","","","","","","","","","","","","","","","","","","","","","","","",""
"1c627cb","","","","","","","","","","","","","","","","","","","","","","","","","","","","","",""
"5177026","","","","","","","","","","","","","","","","","","","","","","","","","","","","","",""
"db0051d","","","","","","","","","","","","","","","","","","","","","","","","","","","","","",""
"9e9a81e","","","","","","","","","","","","","","","","","","","","","","","","","","","","","",""
"6289e6c",-16161.034414768219,"unknown",-16154.111438512802,-16148.025993824005,0.0,5.907145738601685,7.999442100524902,13.558856725692749,15.377999305725098,21.25611114501953,27.38932991027832,"unknown",33.572182178497314,40.196367025375366,42.4632511138916,"unknown","unknown","unknown","unknown","unknown","unknown","unknown",47.79619097709656,"unknown","unknown",53.5217125415802,"","","",""
"a9b4533","","","","","","","","","","","","","","","","","","","","","","","","","","","","","",""
"1db8420","","","","","","","","","","","","","","","","","","","","","","","","","","","","","",""
"8a1ecd0","","","","","","","","","","","","","","","","","","","","","","","","","","","","","",""
"8fd863f",-67.37937235832214,"unknown",-61.54552721977234,-55.53741669654846,0.0,7.226245641708374,13.761327266693115,19.577857494354248,28.564234256744385,35.107471227645874,38.4157989025116,44.05576825141907,"unknown",51.02519989013672,82.15730381011963,"unknown","unknown","unknown","unknown","unknown","unknown","unknown",88.12266969680786,"unknown","unknown",93.65609884262085,"","","",""
"644830a","","","","","","","","","","","","","","","","","","","","","","","","","","","","","",""
"5dbecee","","","","","","","","","","","","","","","","","","","","","","","","","","","","","",""
"86c5f35",-594828.040004015,"unknown",-594821.4881513119,-594815.1657419205,0.0,7.122606515884399,11.75687861442566,18.138404369354248,29.99115252494812,35.92786955833435,38.36550974845886,45.55293297767639,"unknown",52.674683809280396,77.92771458625793,"unknown","unknown","unknown","unknown","unknown","unknown","unknown",85.04276514053345,"unknown","unknown",91.5652368068695,"","","",""
"4c072d3","","","","","","","","","","","","","","","","","","","","","","","","","","","","","",""
"89bbcd3","","","","","","","","","","","","","","","","","","","","","","","","","","","","","",""
"aa9ac00","","","","","","","","","","","","","","","","","","","","","","","","","","","","","",""
"9a1b5fa","","","","","","","","","","","","","","","","","","","","","","","","","","","","","",""
"d003724","","","","","","","","","","","","","","","","","","","","","","","","","","","","","",""
"3a03bea","","","","","","","","","","","","","","","","","","","","","","","","","","","","","",""
"e427669","","","","","","","","","","","","","","","","","","","","","","","","","","","","","",""
"12dfda3","","","","","","","","","","","","","","","","","","","","","","","","","","","","","",""
"3226bb3","","","","","","","","","","","","","","","","","","","","","","","","","","","","","",""
"9f4d288","","","","","","","","","","","","","","","","","","","","","","","","","","","","","",""
"35adcf1","","","","","","","","","","","","","","","","","","","","","","","","","","","","","",""
"b2621a2",-69.57458233833313,"unknown",-62.615174770355225,-57.126755475997925,0.0,5.96610426902771,341324.02509856224,341330.98249411583,341338.0482289791,341344.0641756058,341354.8019902706,"unknown",341362.0777335167,341368.68955636024,341371.6113743782,"unknown","unknown","unknown","unknown","unknown","unknown","unknown",341377.7103703022,"unknown","unknown",341384.921731472,"","","",""
"6099d06",-6334.796943902969,"unknown",-6328.735439538956,-6323.008243560791,0.0,6.2703962326049805,13.112076044082642,19.456893920898438,31.14203667640686,38.1916663646698,40.94939136505127,46.39005470275879,"unknown",53.143340826034546,55.539610385894775,"unknown","unknown","unknown","unknown","unknown","unknown","unknown",62.70722150802612,"unknown","unknown",68.89554715156555,"","","",""
"d91bf84","unknown","unknown","unknown","unknown",0.0,"unknown",10.788267612457275,"unknown",34.94807982444763,"unknown",45.25972509384155,"unknown","unknown","unknown",64.42030668258667,"unknown","unknown","unknown","unknown","unknown","unknown","unknown","unknown","unknown","unknown","unknown","","","",""
"c3db77a","","","","","","","","","","","","","","","","","","","","","","","","","","","","","",""
"db7d9c3","unknown","unknown","unknown","unknown",0.0,"unknown",22.364668130874634,"unknown",34.41961097717285,"unknown",44.889634132385254,"unknown","unknown","unknown",58.02220058441162,"unknown","unknown","unknown","unknown","unknown","unknown","unknown","unknown","unknown","unknown","unknown","","","",""
"7d9c3_1","unknown","unknown","unknown","unknown",0.0,"unknown",22.364668130874634,"unknown",34.41961097717285,"unknown",44.889634132385254,"unknown","unknown","unknown",58.02220058441162,"unknown","unknown","unknown","unknown","unknown","unknown","unknown","unknown","unknown","unknown","unknown","","","",""
"804c32f","","","","","","","","","","","","","","","","","","","","","","","","","","","","","",""
