"","1","recurso","1b","2","cont","3","cont_1","4","dilema","5","x_1","6A","6B","7","v_x_1","8","x_2","9A","9B","10","v_x_2","11","12A","12B","13_1","13_2","13_3","15","cont_2","2_1","2_2"
"518e9b8",-7352.597852230072,"unknown",-7346.323845863342,-7340.446879148483,0.0,5.3879618644714355,7.009170770645142,14.092967748641968,44.43060350418091,50.76713800430298,55.062260150909424,61.732908964157104,"unknown",67.56577920913696,70.50386810302734,"unknown","","unknown","unknown","unknown","","unknown","unknown","unknown",76.47852635383606,"unknown","unknown",82.0613796710968,"","",""
"b5edd3c",-139612.29639601707,"unknown",-139605.98200702667,-139600.55788445473,0.0,6.728584289550781,9.993439435958862,18.492225885391235,31.136390924453735,38.49707746505737,42.836143016815186,49.920417070388794,"unknown",56.118037700653076,58.27582025527954,"unknown","","unknown","unknown","unknown","","unknown","unknown","unknown",64.70708894729614,"unknown","unknown",71.28723621368408,"","",""
"374ecf8",-1605.3409502506256,"unknown",-1600.1495478153229,-1593.2918016910553,0.0,6.45674204826355,11.926472425460815,21.548243761062622,40.57746934890747,47.753310680389404,52.191808223724365,58.79606533050537,"unknown",65.88924670219421,67.65354776382446,"unknown","","unknown","unknown","unknown","","unknown","unknown","unknown",73.01301336288452,"unknown","unknown",80.01421070098877,"","",""
"89f120b","","","","","","","","","","","","","","","","","","","","","","","","","","","","","","",""
"1883ca0","unknown","unknown","unknown","unknown",0.0,"unknown",8.157092809677124,"unknown",32.99005174636841,"unknown",52.717214584350586,"unknown","unknown","unknown",68.23751163482666,"unknown","","unknown","unknown","unknown","","unknown","unknown","unknown","unknown","unknown","unknown","unknown","","",""
"8d2da97",-608958.8910484314,"unknown",-608952.5468242168,-608945.9265928268,0.0,536726.5131869316,536720.6091885567,536736.6234972477,536748.1281847954,536753.8979282379,536758.6286268234,536765.5734286308,"unknown",536771.1440386772,536773.507199049,"unknown","","unknown","unknown","unknown","","unknown","unknown","unknown",536780.905718565,"unknown","unknown",536787.5712046623,536729.0477509499,-12351.222922325134,530358.6399142742
"2541155","unknown","unknown","unknown","unknown",0.0,"unknown",12.569139003753662,"unknown",35.74467968940735,"unknown",48.59922814369202,"unknown","unknown","unknown",62.65375781059265,"unknown","","unknown","unknown","unknown","","unknown","unknown","unknown","unknown","unknown","unknown","unknown","","",""
"ac6f3f6","unknown","unknown","unknown","unknown",0.0,"unknown",9.993166446685791,"unknown",35.402766704559326,"unknown",48.81433725357056,"unknown","unknown","unknown",63.9218065738678,"unknown","","unknown","unknown","unknown","","unknown","unknown","unknown","unknown","unknown","unknown","unknown","","",""
"62447b9",-111045.51957893372,"unknown",-111038.81583380699,-111032.69027614594,0.0,5.661257266998291,10.653123617172241,19.254948616027832,35.283329010009766,41.39634084701538,77.56420350074768,83.63311672210693,"unknown",89.82202315330505,96.86535930633545,"unknown","","unknown","unknown","unknown","","unknown","unknown","unknown",102.22415208816528,"unknown","unknown",107.61894297599792,"","",""
"20f3e2e","unknown","unknown","unknown","unknown",0.0,"unknown",14.12508749961853,"unknown",41.82697653770447,"unknown",58.8072144985199,"unknown","unknown","unknown",74.37864017486572,"unknown","","unknown","unknown","unknown","","unknown","unknown","unknown","unknown","unknown","unknown","unknown","","",""
"4e53c5c",-446976.4986464977,"unknown",-446970.81666374207,-446964.24037361145,0.0,5.650330543518066,14.303938627243042,23.242820024490356,48.46587872505188,55.59114360809326,64.11337399482727,69.69707179069519,"unknown",75.82942748069763,79.69752407073975,"unknown","","unknown","unknown","unknown","","unknown","unknown","unknown",85.49851751327515,"unknown","unknown",92.71757912635803,"","",""
"ac6ecda","","","","","","","","","","","","","","","","","","","","","","","","","","","","","","",""
"c899adb","unknown","unknown","unknown","unknown",0.0,"unknown",19691.98612499237,"unknown",19720.744820594788,"unknown",19732.700215101242,"unknown","unknown","unknown",19747.418799638748,"unknown","","unknown","unknown","unknown","","unknown","unknown","unknown","unknown","unknown","unknown","unknown","","",""
"b8ec123","","","","","","","","","","","","","","","","","","","","","","","","","","","","","","",""
"07b298c","","","","","","","","","","","","","","","","","","","","","","","","","","","","","","",""
"49db8c4","unknown","unknown","unknown","unknown",0.0,"unknown",14.93197512626648,"unknown",48.467958211898804,"unknown",62.21192121505737,"unknown","unknown","unknown",78.26244688034058,"unknown","","unknown","unknown","unknown","","unknown","unknown","unknown","unknown","unknown","unknown","unknown","","",""
"ea8c0d6",-91218.77271318436,"unknown",-91212.477612257,-91206.22850608826,0.0,6.6560070514678955,68461.56885743141,68469.71589565277,68483.5310189724,68489.75011563301,68496.43036437035,68503.38402247429,"unknown",68509.80805253983,68512.48125910759,"unknown","","unknown","unknown","unknown","","unknown","unknown","unknown",68517.73583197594,"unknown","unknown",68523.73161935806,"","",""
"7cf831f","unknown","unknown","unknown","unknown",0.0,"unknown",10.591861248016357,"unknown",170.1669623851776,"unknown",183.060852766037,"unknown","unknown","unknown",203.03200316429138,"unknown","","unknown","unknown","unknown","","unknown","unknown","unknown","unknown","unknown","unknown","unknown","","",""
"41f497c","","","","","","","","","","","","","","","","","","","","","","","","","","","","","","",""
"f496964","","","","","","","","","","","","","","","","","","","","","","","","","","","","","","",""
"68c3192","","","","","","","","","","","","","","","","","","","","","","","","","","","","","","",""
"eb77de6",-1328114.8726127148,"unknown",-1328109.0259213448,-1328103.1008496284,0.0,6.583420515060425,20.333549976348877,28.758177518844604,49.11976099014282,55.06117343902588,60.4012565612793,66.16767764091492,"unknown",72.47156882286072,78.97716093063354,"unknown","","unknown","unknown","unknown","","unknown","unknown","unknown",85.78724527359009,"unknown","unknown",91.78328895568848,"","",""
"8ce483d","unknown","unknown","unknown",-1035.0821633338928,0.0,7.250991344451904,186.59084963798523,195.58496618270874,218.71413731575012,224.1042354106903,232.31457042694092,237.74052143096924,"unknown",244.37213706970215,246.96834206581116,"unknown","","unknown","unknown","unknown","","unknown","unknown","unknown",252.46667337417603,"unknown","unknown",259.0341625213623,"","",""
"79868cd","unknown","unknown","unknown","unknown",0.0,"unknown",10.817501783370972,"unknown",194.7319211959839,"unknown",205.89324069023132,"unknown","unknown","unknown",278.60329484939575,"unknown","","unknown","unknown","unknown","","unknown","unknown","unknown","unknown","unknown","unknown","unknown","","",""
"56ee475",-158225.95049357414,"unknown",-158219.6540915966,-158213.5821018219,0.0,5.758762836456299,157.13854598999023,165.23377227783203,180.59976887702942,187.4834794998169,195.82412123680115,202.17807483673096,"unknown",208.82224345207214,210.75530290603638,"unknown","","unknown","unknown","unknown","","unknown","unknown","unknown",217.19402599334717,"unknown","unknown",224.16683316230774,"","",""
"916c172",-1774.6456580162048,"unknown",-1764.0701296329498,-1753.0259556770325,0.0,6.691652297973633,10.492512941360474,18.326500177383423,671.0090744495392,677.9950323104858,689.1944124698639,696.4888014793396,"unknown",703.335869550705,2407.165017604828,"unknown","","unknown","unknown","unknown","","unknown","unknown","unknown",2412.9750592708588,"unknown","unknown",2419.121038913727,"","",""
"d9696dd",-36378.71579003334,"unknown",-36371.86367845535,-36364.9034614563,0.0,5.7397871017456055,8.374585390090942,16.13707685470581,32.19650888442993,38.29734969139099,42.28917217254639,47.700711727142334,"unknown",54.54633331298828,57.39156746864319,"unknown","","unknown","unknown","unknown","","unknown","unknown","unknown",64.13828921318054,"unknown","unknown",69.64985013008118,"","",""
"eff7ebe",-315.42766404151917,"unknown",-245.61695861816406,-176.6366422176361,0.0,8.008363723754883,12.602567672729492,21.18613576889038,37.44486474990845,43.99181365966797,50.27443838119507,56.10892868041992,"unknown",62.36365604400635,64.54341506958008,"unknown","","unknown","unknown","unknown","","unknown","unknown","unknown",70.9409487247467,"unknown","unknown",78.03427219390869,"","",""
"5d4fcbe","unknown","unknown","unknown","unknown",0.0,"unknown",9.286999464035034,"unknown",30.600924491882324,"unknown",42.017550230026245,"unknown","unknown","unknown",57.98470878601074,"unknown","","unknown","unknown","unknown","","unknown","unknown","unknown","unknown","unknown","unknown","unknown","","",""
"170bd80",-291.1446216106415,"unknown",-284.21988916397095,-278.73674273490906,0.0,6.230649471282959,11.922135353088379,19.284908771514893,32.50292634963989,37.76542925834656,48.94941520690918,56.268941164016724,"unknown",63.27545619010925,65.60678672790527,"unknown","","unknown","unknown","unknown","","unknown","unknown","unknown",72.68621778488159,"unknown","unknown",78.32751202583313,"","",""
"7a54533","unknown","unknown","unknown","unknown",0.0,"unknown",14.581741571426392,"unknown",36.604865074157715,"unknown",46.676844120025635,"unknown","unknown","unknown",64.23465895652771,"unknown","","unknown","unknown","unknown","","unknown","unknown","unknown","unknown","unknown","unknown","unknown","","",""
"d874e84","","","","","","","","","","","","","","","","","","","","","","","","","","","","","","",""
"c28b1a9","","","","","","","","","","","","","","","","","","","","","","","","","","","","","","",""
"7384692","","","","","","","","","","","","","","","","","","","","","","","","","","","","","","",""
"90ccafb","","","","","","","","","","","","","","","","","","","","","","","","","","","","","","",""
"0327530",-147083.7846417427,"unknown",-147078.07850265503,-147072.48031520844,0.0,6.032377481460571,11.077005624771118,18.006468296051025,32.46598410606384,38.68201780319214,43.63482403755188,49.07952046394348,"unknown",56.06466197967529,57.84100890159607,"unknown","","unknown","unknown","unknown","","unknown","unknown","unknown",64.9118583202362,"unknown","unknown",71.40749835968018,"","",""
"47dcadc",-32720.51968383789,"unknown",-32714.489218235016,-32708.63782930374,0.0,6.896594047546387,14.713371992111206,22.893210887908936,49.498472690582275,55.71132564544678,90.73877143859863,97.02390646934509,"unknown",103.65124034881592,107.8843207359314,"unknown","","unknown","unknown","unknown","","unknown","unknown","unknown",113.41103005409241,"unknown","unknown",120.7264654636383,"","",""
"233ee90",-373576.8623287678,"unknown",-373570.23546648026,-373563.77202534676,0.0,5.585197448730469,112.13689613342285,127.0189299583435,352.75352716445923,359.54995799064636,365.86709785461426,372.5810947418213,"unknown",379.56327867507935,381.5345809459686,"unknown","","unknown","unknown","unknown","","unknown","unknown","unknown",388.37323665618896,"unknown","unknown",395.6062672138214,"","",""
"db844b1","","","","","","","","","","","","","","","","","","","","","","","","","","","","","","",""
"e4c0f9c","","","","","","","","","","","","","","","","","","","","","","","","","","","","","","",""
"fd01af9","","","","","","","","","","","","","","","","","","","","","","","","","","","","","","",""
"77a5d2f","","","","","","","","","","","","","","","","","","","","","","","","","","","","","","",""
"b92dee2","","","","","","","","","","","","","","","","","","","","","","","","","","","","","","",""
"50ec1c5","","","","","","","","","","","","","","","","","","","","","","","","","","","","","","",""
"11892fd","","","","","","","","","","","","","","","","","","","","","","","","","","","","","","",""
"5ba2fe6","","","","","","","","","","","","","","","","","","","","","","","","","","","","","","",""
"c94e42e",-10650.02666258812,"unknown",-10644.229300498962,-10638.770009279251,0.0,6.246413946151733,10.495984315872192,18.740845203399658,26.388928174972534,32.40480637550354,36.497628927230835,42.09448862075806,"unknown",47.961251974105835,51.218812465667725,"unknown","","unknown","unknown","unknown","","unknown","unknown","unknown",57.150883197784424,"unknown","unknown",62.60577750205994,"","",""
"ee4b6cd",-5274.015457391739,"unknown",-5267.194845676422,-5260.682792425156,0.0,5.593098163604736,20.055672883987427,27.753142833709717,65.7427020072937,71.89204525947571,81.758220911026,88.12982368469238,"unknown",93.80380511283875,98.63297128677368,"unknown","","unknown","unknown","unknown","","unknown","unknown","unknown",104.89406991004944,"unknown","unknown",110.71046447753906,"","",""
"f2291ba",-445311.2998301983,"unknown",-445304.2866561413,-445297.631067276,0.0,6.335134267807007,33.0943808555603,40.974796772003174,54.4264976978302,60.70500659942627,72.47481846809387,78.8957269191742,"unknown",86.13660049438477,88.44432282447815,"unknown","","unknown","unknown","unknown","","unknown","unknown","unknown",94.50068783760071,"unknown","unknown",100.11345982551575,"","",""
"fb6ca94",-1148193.1807768345,"unknown",-1148187.6719031334,-1148181.6714351177,0.0,7.028350830078125,9.563963413238525,17.323277711868286,26.83747124671936,32.53826951980591,36.78261709213257,42.71884036064148,"unknown",47.96692776679993,50.60632371902466,"unknown","","unknown","unknown","unknown","","unknown","unknown","unknown",56.83582425117493,"unknown","unknown",63.44150638580322,"","",""
"516417f",-2942.5860435962677,"unknown",-2936.8879203796387,-2931.13099694252,0.0,7.296621322631836,13.659011840820312,21.74984383583069,40.88477802276611,47.98514127731323,55.676679611206055,62.616533041000366,"unknown",69.61048102378845,73.97127795219421,"unknown","","unknown","unknown","unknown","","unknown","unknown","unknown",79.53950381278992,"unknown","unknown",85.23926019668579,"","",""
"7a0eabe","","","","","","","","","","","","","","","","","","","","","","","","","","","","","","",""
"7b65802","","","","","","","","","","","","","","","","","","","","","","","","","","","","","","",""
"5e09b84","","","","","","","","","","","","","","","","","","","","","","","","","","","","","","",""
"7da3821","","","","","","","","","","","","","","","","","","","","","","","","","","","","","","",""
"2f5762a",-22498.20131087303,"unknown",-22492.20775079727,-22485.49169588089,0.0,6.213573694229126,10.806124925613403,18.363565921783447,28.000644207000732,35.15473389625549,40.57702612876892,46.76315355300903,"unknown",52.05277895927429,54.05102896690369,"unknown","","unknown","unknown","unknown","","unknown","unknown","unknown",59.629302978515625,"unknown","unknown",65.19918322563171,"","",""
"50a0fdd",-31.306900024414062,"unknown",-25.769571542739868,-19.614723920822144,0.0,6.241152048110962,12.21353268623352,19.425482988357544,30.458009958267212,37.02331829071045,41.67626714706421,47.530723094940186,"unknown",53.71475410461426,55.75844931602478,"unknown","","unknown","unknown","unknown","","unknown","unknown","unknown",62.00899887084961,"unknown","unknown",68.39799427986145,"","",""
"b7cec81",-62925.677448272705,"unknown",-62919.383950948715,-62912.21428775787,0.0,5.444029331207275,9.125747919082642,15.959782600402832,24.51655149459839,30.749408960342407,36.68226480484009,43.34938931465149,"unknown",50.288968324661255,56.93955898284912,63.14539670944214,74.13816857337952,80.49330377578735,"unknown",87.56575536727905,90.04165172576904,"unknown","unknown","unknown","unknown",97.14086103439331,"unknown",104.18968391418457,"","",""
"bf983ba",-3688.916405439377,"unknown",-3683.382597923279,-3677.5444123744965,0.0,6.416352987289429,8.514795303344727,15.190671920776367,24.521204710006714,30.991039037704468,33.72356820106506,40.490400075912476,"unknown",46.77538275718689,56.156922578811646,"unknown","","unknown","unknown","unknown","","unknown","unknown","unknown",62.055484771728516,"unknown","unknown",68.99682116508484,"","",""
"b53b559","","","","","","","","","","","","","","","","","","","","","","","","","","","","","","",""
"4a92bfd","","","","","","","","","","","","","","","","","","","","","","","","","","","","","","",""
"90434eb","","","","","","","","","","","","","","","","","","","","","","","","","","","","","","",""
"37674f9","","","","","","","","","","","","","","","","","","","","","","","","","","","","","","",""
"0dc300b","","","","","","","","","","","","","","","","","","","","","","","","","","","","","","",""
"1800004","","","","","","","","","","","","","","","","","","","","","","","","","","","","","","",""
"7b3c431",-98874.88100004196,"unknown",-98868.99347519875,-98861.87618660927,0.0,5.663142442703247,11.686241865158081,20.023049116134644,32.013184547424316,38.37533736228943,43.793359994888306,50.05742144584656,"unknown",55.637385845184326,64.6531171798706,"unknown","","unknown","unknown","unknown","","unknown","unknown","unknown",70.36958289146423,"unknown","unknown",77.35254549980164,"","",""
"2457ed6",-22761.447897672653,"unknown",-22754.64826273918,-22748.315266370773,0.0,6.1392316818237305,8.070944547653198,15.563122987747192,24.101541757583618,29.503760814666748,34.16025972366333,39.9809455871582,"unknown",45.73558497428894,47.840028524398804,"unknown","","unknown","unknown","unknown","","unknown","unknown","unknown",54.88871121406555,"unknown","unknown",61.39894366264343,"","",""
"c4bba29",-1039.1468453407288,"unknown",-1031.848341703415,-1024.7174682617188,0.0,6.806177139282227,9.475444793701172,17.397560596466064,32.72604537010193,38.56994891166687,46.07847571372986,51.42857098579407,"unknown",56.71089196205139,72.09950566291809,"unknown","","unknown","unknown","unknown","","unknown","unknown","unknown",77.93052887916565,"unknown","unknown",83.52046728134155,"","",""
"2dffb9e",-11182.242945671082,"unknown",-11176.052262306213,-11170.084885597229,0.0,6.170483589172363,13.722907066345215,22.353445053100586,33.359809160232544,39.95745277404785,44.1575231552124,49.89991879463196,"unknown",55.73457312583923,57.88622212409973,"unknown","","unknown","unknown","unknown","","unknown","unknown","unknown",64.52686285972595,"unknown","unknown",71.0279152393341,"","",""
"7a35b75",-7022.2535989284515,"unknown",-7016.497493505478,-7010.185979604721,0.0,6.116485118865967,15.462379217147827,22.39808416366577,44.51462960243225,51.22084641456604,68.50135159492493,75.23650431632996,"unknown",80.52516627311707,83.61195278167725,"unknown","","unknown","unknown","unknown","","unknown","unknown","unknown",89.27401638031006,"unknown","unknown",94.90793704986572,"","",""
"3883e37","","","","","","","","","","","","","","","","","","","","","","","","","","","","","","",""
"eacd6a3","","","","","","","","","","","","","","","","","","","","","","","","","","","","","","",""
"d09321f","","","","","","","","","","","","","","","","","","","","","","","","","","","","","","",""
"58b1c8e",-18.489644289016724,"unknown",-10.397926330566406,-3.1914145946502686,0.0,5.8985068798065186,19.11056089401245,29.258639812469482,54.934553146362305,61.40139961242676,67.6005322933197,74.47460436820984,"unknown",80.49609160423279,84.42032241821289,"unknown","","unknown","unknown","unknown","","unknown","unknown","unknown",91.48147010803223,"unknown","unknown",98.19072723388672,"","",""
"bf3dfcf","","","","","","","","","","","","","","","","","","","","","","","","","","","","","","",""
"80e625f","","","","","","","","","","","","","","","","","","","","","","","","","","","","","","",""
"9846ca8","","","","","","","","","","","","","","","","","","","","","","","","","","","","","","",""
"cc02471",-4116.101859331131,"unknown",-4109.243456602097,-4103.423731088638,0.0,6.317993640899658,11.709413766860962,19.34521746635437,35.58315682411194,42.493637800216675,47.103819608688354,53.16280746459961,"unknown",59.86052227020264,62.63446068763733,"unknown","","unknown","unknown","unknown","","unknown","unknown","unknown",69.91281485557556,"unknown","unknown",75.07741737365723,"","",""
"0a30844",-12441.817505598068,"unknown",-12435.922861099243,-12429.7192902565,0.0,6.556861400604248,11.148392677307129,19.12466263771057,35.296801805496216,41.74650478363037,48.899606227874756,56.004117012023926,"unknown",61.550740003585815,65.86553525924683,"unknown","","unknown","unknown","unknown","","unknown","unknown","unknown",72.60419464111328,"unknown","unknown",78.38020753860474,"","",""
"43d0b63",-597.3683741092682,"unknown",-591.5312578678131,-584.9863927364349,0.0,5.469980001449585,8.641984462738037,16.11716914176941,36.24947929382324,42.260448694229126,48.34021496772766,54.89138603210449,"unknown",60.58888483047485,63.24347138404846,"unknown","","unknown","unknown","unknown","","unknown","unknown","unknown",70.38845658302307,"unknown","unknown",77.16148471832275,"","",""
"addf295",-105.90098071098328,"unknown",-100.38122463226318,-94.7337098121643,0.0,5.952992677688599,20.276432752609253,29.41899847984314,56.94923377037048,63.01463007926941,68.3109176158905,74.56605696678162,"unknown",80.41695427894592,92.13973617553711,"unknown","","unknown","unknown","unknown","","unknown","unknown","unknown",97.53712868690491,"unknown","unknown",104.26860165596008,"","",""
"1a8e45b",-4923.2190663814545,"unknown",-4915.962352991104,-4909.51548910141,0.0,6.548147678375244,9.176113605499268,17.64128088951111,34.21444582939148,39.55697250366211,45.895397663116455,52.77976441383362,"unknown",59.16930866241455,64.25948452949524,"unknown","","unknown","unknown","unknown","","unknown","unknown","unknown",71.12440657615662,"unknown","unknown",77.69021415710449,"","",""
"5f2a1aa","","","","","","","","","","","","","","","","","","","","","","","","","","","","","","",""
"87b3434",-1029935.4173212051,"unknown",-1029929.4358251095,-1029922.9170982838,0.0,15.30691409111023,23.580722332000732,47.290130615234375,95.06871676445007,103.45818591117859,121.55300807952881,127.1182029247284,"unknown",141.52848434448242,147.84257459640503,"unknown","","unknown","unknown","unknown","","unknown","unknown","unknown",166.5090651512146,"unknown","unknown",181.92250561714172,"",-431.7240560054779,""
"bd305b8","","","","","","","","","","","","","","","","","","","","","","","","","","","","","","",""
"4b70ed3",-18559.780288934708,"unknown",-18553.381321430206,-18547.482040405273,0.0,5.9546966552734375,15.579950094223022,22.915762901306152,39.33573770523071,45.69706106185913,50.188360929489136,56.12273335456848,"unknown",61.81319808959961,67.62122702598572,"unknown","","unknown","unknown","unknown","","unknown","unknown","unknown",74.52441620826721,"unknown","unknown",81.52352571487427,"","",""
"8ec15bc",-1100.5021266937256,"unknown",-1094.5842809677124,-1088.9020898342133,0.0,5.483133316040039,7.201208591461182,15.107819318771362,26.619751453399658,33.61134910583496,38.314131021499634,44.10782551765442,"unknown",52.02154469490051,55.34584879875183,"unknown","","unknown","unknown","unknown","","unknown","unknown","unknown",61.82624959945679,"unknown","unknown",67.91572570800781,"","",""
"6c8906b","","","","","","","","","","","","","","","","","","","","","","","","","","","","","","",""
"dae9b13","","","","","","","","","","","","","","","","","","","","","","","","","","","","","","",""
"4828266","","","","","","","","","","","","","","","","","","","","","","","","","","","","","","",""
"614fc3f",-19982.121359825134,"unknown",-19975.980479478836,-19969.64110183716,0.0,5.440775156021118,8.446876287460327,15.988515377044678,24.70857048034668,29.96910309791565,59.953306674957275,65.5493049621582,"unknown",71.68894696235657,73.42978930473328,"unknown","","unknown","unknown","unknown","","unknown","unknown","unknown",78.95814228057861,"unknown","unknown",85.05186462402344,"","",""
"a300755",-2913315.5978062153,"unknown",-2913310.309675932,-2913303.2278602123,0.0,6.056158542633057,16.336238384246826,23.829915285110474,44.054373264312744,49.68341088294983,59.58068037033081,66.2353286743164,"unknown",72.48579740524292,74.45346307754517,"unknown","","unknown","unknown","unknown","","unknown","unknown","unknown",79.82421469688416,"unknown","unknown",86.67203092575073,"","",""
"802d704","","","","","","","","","","","","","","","","","","","","","","","","","","","","","","",""
"e892cd4","","","","","","","","","","","","","","","","","","","","","","","","","","","","","","",""
"ac42d69",-2475.1276648044586,"unknown",-2469.0837440490723,-2462.3197903633118,0.0,7.147867441177368,13.686347484588623,21.29944133758545,32.806997299194336,39.19142174720764,43.342867374420166,49.51718497276306,"unknown",56.06788206100464,57.83901762962341,"unknown","","unknown","unknown","unknown","","unknown","unknown","unknown",63.22581934928894,"unknown","unknown",68.78573083877563,"","",""
"7bb45d3",-12681.661307096481,"unknown",-12675.96406364441,-12669.821652650833,0.0,7.359483242034912,9.826586484909058,16.81068253517151,31.703613996505737,38.69436812400818,44.10521149635315,50.57422113418579,"unknown",55.82026171684265,58.67663908004761,"unknown","","unknown","unknown","unknown","","unknown","unknown","unknown",65.1617636680603,"unknown","unknown",71.35524249076843,"","",""
"7622483","","","","","","","","","","","","","","","","","","","","","","","","","","","","","","",""
"730747e",-406.94395637512207,"unknown",-401.1192796230316,-393.9674437046051,0.0,6.719878673553467,57.93239974975586,66.37466073036194,82.95336365699768,89.469975233078,101.62127566337585,108.66451716423035,"unknown",115.33705472946167,670.921587228775,"unknown","","unknown","unknown","unknown","","unknown","unknown","unknown",676.9124510288239,"unknown","unknown",683.1567511558533,"","",""
"07ff49d",-385.66347312927246,"unknown",-378.4304802417755,-371.57369017601013,0.0,6.837272882461548,15.678977727890015,24.171786785125732,33.654601097106934,38.84022831916809,43.69942760467529,50.92862105369568,"unknown",57.22383189201355,59.050347089767456,"unknown","","unknown","unknown","unknown","","unknown","unknown","unknown",64.31597757339478,"unknown","unknown",70.0193202495575,"","",""
"22fdb61","","","","","","","","","","","","","","","","","","","","","","","","","","","","","","",""
"db046f2","","","","","","","","","","","","","","","","","","","","","","","","","","","","","","",""
"99ee852",-328435.4168484211,"unknown",-328428.9527375698,-328423.39912366867,0.0,5.664201736450195,18.223140239715576,25.066004991531372,52.08392786979675,57.93507766723633,63.482887983322144,68.89737200737,"unknown",75.22362184524536,78.0746169090271,"unknown","","unknown","unknown","unknown","","unknown","unknown","unknown",85.05959367752075,"unknown","unknown",92.00361633300781,"","",""
"ad2fc5b",-966.8077442646027,"unknown",-959.5409519672394,-953.7119417190552,0.0,6.664994716644287,12.03769302368164,20.421892166137695,34.27508568763733,39.80175018310547,45.34237003326416,51.05492377281189,"unknown",57.10708498954773,60.04118371009827,"unknown","","unknown","unknown","unknown","","unknown","unknown","unknown",66.16623044013977,"unknown","unknown",72.21010971069336,"","",""
"d318264","","","","","","","","","","","","","","","","","","","","","","","","","","","","","","",""
"741ef32",-1342841.732464075,"unknown",-1342834.649171114,-1342828.2449114323,0.0,5.786570072174072,9.441953420639038,16.318666219711304,33.22790312767029,38.6526083946228,43.449296951293945,50.25634026527405,"unknown",56.50167441368103,58.15277099609375,"unknown","","unknown","unknown","unknown","","unknown","unknown","unknown",64.97337245941162,"unknown","unknown",71.91601991653442,"","",""
"b75259d","","","","","","","","","","","","","","","","","","","","","","","","","","","","","","",""
"b67425b","","","","","","","","","","","","","","","","","","","","","","","","","","","","","","",""
"446ad6c",-2066.2073698043823,"unknown",-2060.2185213565826,-2054.6445388793945,0.0,6.743269205093384,11.963817119598389,20.019817352294922,33.073601484298706,38.92206692695618,44.10807418823242,50.12181830406189,"unknown",55.57121229171753,58.185768604278564,"unknown","","unknown","unknown","unknown","","unknown","unknown","unknown",63.756948471069336,"unknown","unknown",70.8063805103302,"","",""
"70405ea","","","","","","","","","","","","","","","","","","","","","","","","","","","","","","",""
"1117a63",-3291.8986127376556,"unknown",-3285.2773501873016,-3278.4755005836487,0.0,5.297141075134277,10.91855788230896,19.24603009223938,39.91080069541931,46.647481203079224,54.77023124694824,61.59650111198425,"unknown",66.7875018119812,71.29800152778625,"unknown","","unknown","unknown","unknown","","unknown","unknown","unknown",77.11178493499756,"unknown","unknown",83.89090299606323,"","",""
"537189f","","","","","","","","","","","","","","","","","","","","","","","","","","","","","","",""
"17b5a6e","","","","","","","","","","","","","","","","","","","","","","","","","","","","","","",""
"d3e37eb",-245807.39173841476,"unknown",-245802.11746692657,-245796.0374379158,0.0,5.701314210891724,8.55864405632019,16.884583234786987,28.448427200317383,35.2470486164093,39.133480072021484,45.940014600753784,"unknown",51.506208419799805,53.435742139816284,"unknown","","unknown","unknown","unknown","","unknown","unknown","unknown",60.596816539764404,"unknown","unknown",66.06956791877747,"","",""
"2ee7f92",-2727.6070663928986,"unknown",-2720.5650730133057,-2713.4230177402496,0.0,6.494798183441162,8.291767120361328,16.401634693145752,19.592888593673706,25.931589365005493,30.20129132270813,37.39923357963562,"unknown",43.2867386341095,44.424198389053345,"unknown","","unknown","unknown","unknown","","unknown","unknown","unknown",49.95441031455994,"unknown","unknown",55.259859800338745,"","",""
"89d63ed",-1847.169993877411,"unknown",-1840.461464881897,-1834.2322459220886,0.0,5.21351432800293,7.701119422912598,16.258105516433716,20.677666902542114,27.7954580783844,31.17368173599243,36.854371547698975,"unknown",42.200748682022095,44.530245780944824,"unknown","","unknown","unknown","unknown","","unknown","unknown","unknown",51.46504187583923,"unknown","unknown",57.9604434967041,"","",""
"c0a644e",-753.5440380573273,"unknown",-746.2795262336731,-740.6644897460938,0.0,6.612699508666992,8829.972279548645,8837.630186080933,8896.840590238571,8903.157383918762,8907.150063753128,8912.920561552048,"unknown",8918.495606660843,8920.435748577118,"unknown","","unknown","unknown","unknown","","unknown","unknown","unknown",8926.801843643188,"unknown","unknown",8933.11961889267,"","",""
"80f558b",-4444.016991853714,"unknown",-4438.397595882416,-4432.682880401611,0.0,6.447468280792236,12.668535470962524,19.524383783340454,33.94136309623718,39.78685164451599,43.98519253730774,50.92446708679199,"unknown",58.10818099975586,60.3777871131897,"unknown","","unknown","unknown","unknown","","unknown","unknown","unknown",66.75391936302185,"unknown","unknown",73.25707983970642,"","",""
"87e4f18",-19740.138667583466,"unknown",-19733.593715190887,-19726.40690088272,0.0,5.735793113708496,7.949868202209473,15.898725748062134,28.354453325271606,34.30212354660034,41.62782263755798,47.62649703025818,"unknown",53.399598598480225,55.52795195579529,"unknown","","unknown","unknown","unknown","","unknown","unknown","unknown",61.69172024726868,"unknown","unknown",68.61136651039124,"","",""
"0186834",-437391.77514123917,"unknown",-437385.119399786,-437379.30178642273,0.0,6.938425064086914,12.468054294586182,19.34356665611267,31.897815465927124,38.06155180931091,42.29758954048157,49.122867584228516,"unknown",54.866718769073486,56.78087759017944,"unknown","","unknown","unknown","unknown","","unknown","unknown","unknown",62.12264394760132,"unknown","unknown",67.4961678981781,"","",""
"0355f6d",-163816.52167081833,"unknown",-163809.44282126427,-163803.94383883476,0.0,5.857686758041382,13.647556066513062,21.005797863006592,39.46910834312439,46.14824986457825,52.426841020584106,59.84948182106018,"unknown",66.32870936393738,68.62490391731262,"unknown","","unknown","unknown","unknown","","unknown","unknown","unknown",75.2356185913086,"unknown","unknown",82.5806450843811,"","",""
"fa6a8b8","","","","","","","","","","","","","","","","","","","","","","","","","","","","","","",""
"145d339",-114.3430426120758,"unknown",-108.2698221206665,-101.19945931434631,0.0,6.291290760040283,7.940182685852051,15.732646226882935,29.056339502334595,34.644286155700684,44.1296968460083,50.581324338912964,"unknown",57.277230739593506,59.6874737739563,"unknown","","unknown","unknown","unknown","","unknown","unknown","unknown",66.18791913986206,"unknown","unknown",72.16964602470398,"","",""
"e96f42c","","","","","","","","","","","","","","","","","","","","","","","","","","","","","","",""
"f382ec0","","","","","","","","","","","","","","","","","","","","","","","","","","","","","","",""
"962a7dd",-30.10353422164917,"unknown",-24.43195676803589,-17.386332988739014,0.0,6.377353191375732,12.310491800308228,19.19454598426819,35.98358201980591,42.0135760307312,48.650450468063354,55.54010891914368,"unknown",60.88493251800537,62.57402944564819,"unknown","","unknown","unknown","unknown","","unknown","unknown","unknown",68.75491166114807,"unknown","unknown",74.30927419662476,"","",""
"5c97513","","","","","","","","","","","","","","","","","","","","","","","","","","","","","","",""
"acc6118",-2435.555717229843,"unknown",-2428.9639916419983,-2422.3923001289368,0.0,5.571056842803955,12.329572200775146,20.654438018798828,42.418742418289185,48.756136417388916,54.649312019348145,61.63092565536499,"unknown",67.561696767807,69.76338648796082,"unknown","","unknown","unknown","unknown","","unknown","unknown","unknown",75.43649816513062,"unknown","unknown",80.9251492023468,"","",""
"d33371d",-429503.6413733959,"unknown",-429498.26206612587,-429491.1705775261,0.0,6.728380441665649,9.924347162246704,18.450416326522827,41.22897911071777,48.479379653930664,72.63841032981873,79.50256156921387,"unknown",85.37369728088379,87.97197198867798,"unknown","","unknown","unknown","unknown","","unknown","unknown","unknown",94.18327212333679,"unknown","unknown",100.47269892692566,"","",""
"5d45bd1",-11347.309664011002,"unknown",-11340.649534702301,-11334.144872903824,0.0,6.799906492233276,13.392295360565186,21.364156484603882,36.06506967544556,42.55850005149841,156.64467859268188,"unknown",163.28861093521118,168.54121780395508,170.09385657310486,"unknown","","unknown","unknown","unknown","","unknown","unknown","unknown",175.717200756073,"unknown","unknown",182.26278066635132,"","",""
"cfcbc2d","","","","","","","","","","","","","","","","","","","","","","","","","","","","","","",""
"98ecb86",-101.30211901664734,"unknown",-94.9211015701294,-88.75939679145813,0.0,6.78740668296814,17.12401008605957,24.738293170928955,36.4139347076416,41.834824085235596,46.095916986465454,52.7037410736084,"unknown",57.98455452919006,60.4896023273468,"unknown","","unknown","unknown","unknown","","unknown","unknown","unknown",66.38188099861145,"unknown","unknown",72.44006633758545,"","",""
"7636563",-19.155205965042114,"unknown",-12.11067247390747,-5.359557151794434,0.0,5.503199338912964,8.471456289291382,15.957980871200562,26.793558597564697,32.076961040496826,36.643784046173096,43.2486367225647,"unknown",49.94775414466858,51.43268847465515,"unknown","","unknown","unknown","unknown","","unknown","unknown","unknown",57.854695320129395,"unknown","unknown",64.6480360031128,"","",""
"5d2b358",-2181.3473811149597,"unknown",-2174.7562143802643,-2167.5927124023438,0.0,5.694395542144775,39.08975386619568,46.288017988204956,55.64758563041687,61.27380990982056,65.321448802948,72.07984566688538,"unknown",77.6850152015686,79.33724117279053,"unknown","","unknown","unknown","unknown","","unknown","unknown","unknown",84.57941889762878,"unknown","unknown",91.75452136993408,"","",""
"5d9ae0c","","","","","","","","","","","","","","","","","","","","","","","","","","","","","","",""
"73d4e20",-1405.9277880191803,"unknown",-1399.9208495616913,-1393.1094949245453,0.0,6.149061441421509,87019.84883475304,87026.81102466583,171272.81024956703,171278.3691818714,171285.18392181396,171291.93889427185,"unknown",171298.34851908684,171302.53343200684,"unknown","","unknown","unknown","unknown","","unknown","unknown","unknown",171309.0535516739,"unknown","unknown",171314.34816479683,"","",""
"be94a32","","","","","","","","","","","","","","","","","","","","","","","","","","","","","","",""
"9f972fb","","","","","","","","","","","","","","","","","","","","","","","","","","","","","","",""
"6e93efd",-155.2018322944641,"unknown",-148.92828726768494,-143.4168484210968,0.0,6.547127962112427,42.12179088592529,50.184605836868286,57.536033630371094,64.40935921669006,74.92688965797424,80.22240543365479,"unknown",86.68545246124268,90.37782144546509,"unknown","","unknown","unknown","unknown","","unknown","unknown","unknown",97.06411337852478,"unknown","unknown",103.45005917549133,"","",""
"5a4afae","","","","","","","","","","","","","","","","","","","","","","","","","","","","","","",""
"c34e373","","","","","","","","","","","","","","","","","","","","","","","","","","","","","","",""
"6bac72b",-8150.333075761795,"unknown",-8144.987555027008,-8138.208122968674,0.0,6.689652442932129,9.06005072593689,16.161038398742676,144.06977319717407,149.6966197490692,156.75882530212402,163.51552748680115,"unknown",169.45828866958618,171.5561878681183,"unknown","","unknown","unknown","unknown","","unknown","unknown","unknown",178.48005390167236,"unknown","unknown",184.84559416770935,"","",""
"c9285e4",-7814.392323970795,"unknown",-7807.369400978088,-7800.9707498550415,0.0,7.213324546813965,9.049973964691162,16.956566095352173,25.462342262268066,31.446427583694458,37.542640686035156,44.3609094619751,"unknown",49.89025068283081,52.9870388507843,"unknown","","unknown","unknown","unknown","","unknown","unknown","unknown",58.62605381011963,"unknown","unknown",65.0677707195282,"","",""
"bd4b2f4",-11244.308758497238,"unknown",-11238.855097770691,-11231.679051160812,0.0,5.46746039390564,7.936497449874878,16.372397661209106,29.663475036621094,35.41140604019165,39.495229959487915,80.01726651191711,"unknown",86.16212844848633,88.59525084495544,"unknown","","unknown","unknown","unknown","","unknown","unknown","unknown",93.8547055721283,"unknown","unknown",99.90145564079285,"","",""
"bd650e8","","","","","","","","","","","","","","","","","","","","","","","","","","","","","","",""
"b81bc6e","","","","","","","","","","","","","","","","","","","","","","","","","","","","","","",""
"0ff20c2",-22259.194261312485,"unknown",-22253.590404748917,-22246.47663974762,0.0,7.077928066253662,10.457261323928833,19.055925130844116,31.521461486816406,37.399418354034424,41.842246770858765,48.15123176574707,"unknown",54.80232787132263,56.290595293045044,"unknown","","unknown","unknown","unknown","","unknown","unknown","unknown",61.56708574295044,"unknown","unknown",67.73462629318237,"","",""
"b0e3caa","","","","","","","","","","","","","","","","","","","","","","","","","","","","","","",""
"45f7f6c",-77968.36602807045,"unknown",-77961.65615320206,-77955.2242641449,0.0,6.462181091308594,46.06941080093384,54.54548192024231,63.87493634223938,69.7001166343689,73.87231063842773,80.00082111358643,"unknown",86.381187915802,87.81448316574097,"unknown","","unknown","unknown","unknown","","unknown","unknown","unknown",94.18535923957825,"unknown","unknown",100.37067937850952,"","",""
"1df700a",-7082.401813983917,"unknown",-7076.530523777008,-7070.728570461273,0.0,5.984148025512695,21.312580585479736,28.400984048843384,46.36394381523132,52.408076763153076,57.88775300979614,64.02921390533447,"unknown",70.42105793952942,73.55461549758911,"unknown","","unknown","unknown","unknown","","unknown","unknown","unknown",79.01630401611328,"unknown","unknown",84.83380508422852,"","",""
"d3a396c",-958.1620938777924,"unknown",-952.7306694984436,-947.1718001365662,0.0,7.2677412033081055,9.322921991348267,16.326631546020508,24.78754949569702,31.417510747909546,37.174065351486206,42.61698603630066,"unknown",48.532968521118164,67.5466091632843,"unknown","","unknown","unknown","unknown","","unknown","unknown","unknown",73.73831748962402,"unknown","unknown",79.78309059143066,"","",""
"79b129c",-30860.794895648956,"unknown",-30854.677494049072,-30848.922776937485,0.0,6.254104375839233,8.94374942779541,17.42046809196472,43.66891384124756,49.6735155582428,70.66908931732178,77.25134348869324,"unknown",84.00117039680481,85.77131605148315,"unknown","","unknown","unknown","unknown","","unknown","unknown","unknown",91.56172442436218,"unknown","unknown",98.36135959625244,"","",""
"d85b5c4",-39186.95993757248,"unknown",-39178.91351938248,-39171.218366622925,0.0,5.384530782699585,6.729773759841919,15.307069778442383,39.6475465297699,45.95496201515198,50.184593200683594,55.90891242027283,"unknown",62.05314111709595,64.70672392845154,"unknown","","unknown","unknown","unknown","","unknown","unknown","unknown",71.41642570495605,"unknown","unknown",76.95107197761536,"","",""
"43b56f8","","","","","","","","","","","","","","","","","","","","","","","","","","","","","","",""
"3ecbabb","","","","","","","","","","","","","","","","","","","","","","","","","","","","","","",""
"c9c92b5",-125828.25639438629,"unknown",-125821.37045955658,-125815.87267613411,0.0,5.7512664794921875,8.53836989402771,15.308872938156128,29.423786163330078,35.08647179603577,39.323957204818726,45.86113357543945,"unknown",51.30267405509949,52.84239172935486,"unknown","","unknown","unknown","unknown","","unknown","unknown","unknown",59.78569769859314,"unknown","unknown",66.02719283103943,"","",""
"f9b9236",-4401.559818267822,"unknown",-4395.516074419022,-4389.454005479813,0.0,5.710994243621826,8.554597854614258,15.195091009140015,30.655729293823242,36.77671980857849,66.94263958930969,73.1216549873352,"unknown",79.96518445014954,82.3109974861145,"unknown","","unknown","unknown","unknown","","unknown","unknown","unknown",88.7103259563446,"unknown","unknown",94.86908388137817,"","",""
"4a0236d","","","","","","","","","","","","","","","","","","","","","","","","","","","","","","",""
"b7a265d",-446.69828248023987,"unknown",-440.065393447876,-433.6696979999542,0.0,7.174576759338379,15.01926875114441,22.780882358551025,42.57779002189636,49.6873242855072,60.657461643218994,67.32965779304504,"unknown",73.79933071136475,76.57636523246765,"unknown","","unknown","unknown","unknown","","unknown","unknown","unknown",81.9275255203247,"unknown","unknown",88.95669388771057,"","",""
"912afde","","","","","","","","","","","","","","","","","","","","","","","","","","","","","","",""
"c97639e",-4355.8605008125305,"unknown",-4349.664916038513,-4342.771382570267,0.0,6.930790424346924,10.73244857788086,18.659342288970947,34.172083377838135,40.258082151412964,45.43215370178223,52.75233221054077,"unknown",58.89015436172485,60.08114671707153,"unknown","","unknown","unknown","unknown","","unknown","unknown","unknown",66.93987154960632,"unknown","unknown",72.87615060806274,"","",""
"af72486",-12124.859876394272,"unknown",-12119.22944188118,-12112.257786512375,0.0,5.997117757797241,23.610416173934937,32.310387134552,47.68683218955994,54.34211301803589,59.97839570045471,66.62788343429565,"unknown",72.7106397151947,74.39640593528748,"unknown","","unknown","unknown","unknown","","unknown","unknown","unknown",80.35212063789368,"unknown","unknown",87.41931700706482,"","",""
"e2517d9","","","","","","","","","","","","","","","","","","","","","","","","","","","","","","",""
"1e88a68",-28691.89440560341,"unknown",-28686.49129843712,-28680.834859848022,0.0,5.9462809562683105,14.86308741569519,22.598297357559204,40.91412401199341,48.07886719703674,52.96158981323242,59.13452434539795,"unknown",64.44094634056091,67.08949971199036,"unknown","","unknown","unknown","unknown","","unknown","unknown","unknown",73.13881230354309,"unknown","unknown",79.85790872573853,"","",""
"9d97673","","","","","","","","","","","","","","","","","","","","","","","","","","","","","","",""
"aa07d95",-9534.737391233444,"unknown",-9527.944705724716,-9521.381067752838,0.0,7.211981296539307,9.582918405532837,17.119727849960327,63.442301750183105,68.8828399181366,77.02122974395752,83.38368964195251,"unknown",89.2677628993988,94.08620524406433,"unknown","","unknown","unknown","unknown","","unknown","unknown","unknown",100.77128171920776,"unknown","unknown",107.7439796924591,"","",""
"d27b032","","","","","","","","","","","","","","","","","","","","","","","","","","","","","","",""
"38c4951","","","","","","","","","","","","","","","","","","","","","","","","","","","","","","",""
"13dba9e","","","","","","","","","","","","","","","","","","","","","","","","","","","","","","",""
"e6d310e",-147176.44913983345,"unknown",-147170.4292562008,-147163.11965084076,0.0,5.5385942459106445,13.967137336730957,21.343817472457886,38.82080125808716,45.669092655181885,51.08413600921631,57.233327865600586,"unknown",63.8473174571991,66.85419940948486,"unknown","","unknown","unknown","unknown","","unknown","unknown","unknown",72.9860246181488,"unknown","unknown",78.53739976882935,"","",""
"8c74aa5",-8610.247242450714,"unknown",-8603.666212558746,-8596.670616865158,0.0,7.199280500411987,13.101787328720093,21.26308274269104,38.56010055541992,45.66822934150696,50.43002891540527,57.0841851234436,"unknown",63.8547945022583,68.60505199432373,"unknown","","unknown","unknown","unknown","","unknown","unknown","unknown",74.07622694969177,"unknown","unknown",79.69248938560486,"","",""
"679fa36","","","","","","","","","","","","","","","","","","","","","","","","","","","","","","",""
"b164bf7","","","","","","","","","","","","","","","","","","","","","","","","","","","","","","",""
"7e62763",-1915632.2478313446,"unknown",-1915625.9074862003,-1915620.0974521637,0.0,5.626516819000244,11.824528932571411,18.837700128555298,34.76347541809082,42.06125044822693,46.25184392929077,52.3953320980072,"unknown",58.69146466255188,60.43675899505615,"unknown","","unknown","unknown","unknown","","unknown","unknown","unknown",66.3638482093811,"unknown","unknown",73.08654522895813,"","",""
"c7a7d85",-26.647873640060425,"unknown",-21.12629222869873,-13.839303016662598,0.0,6.175894260406494,7.756795883178711,17.444010496139526,28.927024602890015,36.123114824295044,37.03676724433899,44.04298996925354,"unknown",51.30974221229553,53.92324900627136,"unknown","","unknown","unknown","unknown","","unknown","unknown","unknown",60.317867040634155,"unknown","unknown",67.52901649475098,"","",""
"3b7f267","","","","","","","","","","","","","","","","","","","","","","","","","","","","","","",""
"fa1efad","","","","","","","","","","","","","","","","","","","","","","","","","","","","","","",""
"ae58bf1",-219197.00519680977,"unknown",-219191.64550113678,-219185.57568836212,0.0,5.396840572357178,8.995963096618652,17.873286962509155,33.26040530204773,39.437315702438354,44.536176443099976,49.91620635986328,"unknown",56.21721315383911,59.32768988609314,"unknown","","unknown","unknown","unknown","","unknown","unknown","unknown",65.262136220932,"unknown","unknown",71.50389266014099,"","",""
"492238f","","","","","","","","","","","","","","","","","","","","","","","","","","","","","","",""
"43c977d",-13066.999035596848,"unknown",-13060.273158788681,-13054.825788259506,0.0,5.785315990447998,10.719188213348389,18.073902130126953,41.829588174819946,48.45542502403259,63.69413948059082,69.31883788108826,"unknown",74.66381502151489,76.98092436790466,"unknown","","unknown","unknown","unknown","","unknown","unknown","unknown",83.05020761489868,"unknown","unknown",89.65989112854004,"","",""
"4eff6be","","","","","","","","","","","","","","","","","","","","","","","","","","","","","","",""
"e1b193b",-16782.760573625565,"unknown",-16776.90686583519,-16770.058159589767,0.0,5.877581596374512,10.865148067474365,17.747846126556396,31.196574449539185,37.59254312515259,42.73801064491272,48.653642654418945,"unknown",55.18627190589905,58.1061909198761,"unknown","","unknown","unknown","unknown","","unknown","unknown","unknown",63.44692945480347,"unknown","unknown",69.47808051109314,"","",""
"1415cd3","","","","","","","","","","","","","","","","","","","","","","","","","","","","","","",""
"2953e33",-109052.56754946709,"unknown",-109046.80590081215,-109041.61776208878,0.0,6.034785985946655,7.434624910354614,15.955353260040283,27.705891847610474,33.34498953819275,57.19885587692261,63.884352684020996,"unknown",69.40641474723816,71.75910472869873,"unknown","","unknown","unknown","unknown","","unknown","unknown","unknown",78.79912185668945,"unknown","unknown",85.96130204200745,"","",""
"a540012","","","","","","","","","","","","","","","","","","","","","","","","","","","","","","",""
"dd88e0f","","","","","","","","","","","","","","","","","","","","","","","","","","","","","","",""
"d135983","","","","","","","","","","","","","","","","","","","","","","","","","","","","","","",""
"814517e",-8309615.16117239,"unknown",-8309608.386563778,-8309602.189632654,0.0,6.559687614440918,13.693595886230469,20.507359266281128,39.00179076194763,45.445852279663086,52.03606081008911,58.15069580078125,"unknown",63.73235487937927,66.79398822784424,"unknown","","unknown","unknown","unknown","","unknown","unknown","unknown",72.89739465713501,"unknown","unknown",79.10254073143005,"",-26790.000925779343,""
"53deb5c",-389760.1602423191,"unknown",-389753.66293263435,-389746.6967141628,0.0,5.546805143356323,13.226437330245972,21.734110832214355,41.553988218307495,47.38301730155945,55.27473163604736,60.505491733551025,"unknown",66.27426981925964,69.0708212852478,"unknown","","unknown","unknown","unknown","","unknown","unknown","unknown",76.30902409553528,"unknown","unknown",82.26427006721497,"","",""
"e4cf342","","","","","","","","","","","","","","","","","","","","","","","","","","","","","","",""
"c1a9909","","","","","","","","","","","","","","","","","","","","","","","","","","","","","","",""
"844ab34","","","","","","","","","","","","","","","","","","","","","","","","","","","","","","",""
"fc2538d",-16.24376654624939,"unknown",-9.303583860397339,-2.126215934753418,0.0,7.021815299987793,8.740982294082642,16.107394218444824,21.52118682861328,28.085812091827393,37.97438287734985,45.3808012008667,"unknown",52.013288497924805,54.1368613243103,"unknown","","unknown","unknown","unknown","","unknown","unknown","unknown",61.55791711807251,"unknown","unknown",68.23788785934448,"","",""
"4c228f6",-6057.842716932297,"unknown",-5988.04914522171,-5919.410645246506,0.0,7.005415439605713,42.374887466430664,50.452715158462524,70.52649402618408,76.2931776046753,80.33883619308472,86.10207676887512,"unknown",92.9659526348114,106.162841796875,"unknown","","unknown","unknown","unknown","","unknown","unknown","unknown",113.06196284294128,"unknown","unknown",120.36455702781677,"","",""
"747ce5f","","","","","","","","","","","","","","","","","","","","","","","","","","","","","","",""
"6ab42f2",-25.95928120613098,"unknown",-19.786509037017822,-13.336777210235596,0.0,6.936033487319946,13.261441946029663,21.1778404712677,22.78479552268982,29.911678075790405,38.97233033180237,44.53279447555542,"unknown",50.44112277030945,52.28101849555969,"unknown","","unknown","unknown","unknown","","unknown","unknown","unknown",58.649927377700806,"unknown","unknown",66.76259207725525,"","",""
"41f2447",-3833.7159411907196,"unknown",-3827.681423187256,-3822.1935954093933,0.0,7.045867204666138,17.62643575668335,25.001697063446045,40.152475357055664,46.64197850227356,51.8416645526886,57.46756982803345,"unknown",63.702030420303345,65.95985579490662,"unknown","","unknown","unknown","unknown","","unknown","unknown","unknown",72.42832350730896,"unknown","unknown",77.86180591583252,"","",""
"5bf619a",-12602.015250444412,"unknown",-12595.680404901505,-12588.686007022858,0.0,6.262646913528442,11.860696792602539,20.673330783843994,39.18313264846802,45.44827580451965,51.28378224372864,57.173277139663696,"unknown",63.52347683906555,66.96666383743286,"unknown","","unknown","unknown","unknown","","unknown","unknown","unknown",72.52398586273193,"unknown","unknown",78.13060450553894,"","",""
"a123713","","","","","","","","","","","","","","","","","","","","","","","","","","","","","","",""
"4997357","","","","","","","","","","","","","","","","","","","","","","","","","","","","","","",""
"5455b1d","","","","","","","","","","","","","","","","","","","","","","","","","","","","","","",""
"f52861b","","","","","","","","","","","","","","","","","","","","","","","","","","","","","","",""
"466a0ab","","","","","","","","","","","","","","","","","","","","","","","","","","","","","","",""
"399b994","","","","","","","","","","","","","","","","","","","","","","","","","","","","","","",""
"6568ea1",-730.586311340332,"unknown",-725.1823697090149,-719.5831680297852,0.0,6.944809913635254,15.759546518325806,23.705421209335327,44.608771324157715,50.308380126953125,59.350722312927246,64.99469923973083,"unknown",72.04438042640686,73.39685034751892,"unknown","","unknown","unknown","unknown","","unknown","unknown","unknown",79.67130303382874,"unknown","unknown",85.04830408096313,"","",""
"a839247",-1483.0368070602417,"unknown",-1477.523860692978,-1471.9667518138885,0.0,6.701150417327881,7.882791519165039,15.71179485321045,34.44139909744263,41.86437797546387,48.77281904220581,54.56368827819824,"unknown",61.87494659423828,96.4157464504242,"unknown","","unknown","unknown","unknown","","unknown","unknown","unknown",102.37117004394531,"unknown","unknown",109.4077365398407,"","",""
"5d6ad7f",-48959.38068032265,"unknown",-48953.57237648964,-48946.98411512375,0.0,5.2816386222839355,7.304913520812988,15.048775672912598,27.072081565856934,34.1696982383728,38.24370789527893,44.65210700035095,"unknown",51.74542188644409,53.20126485824585,"unknown","","unknown","unknown","unknown","","unknown","unknown","unknown",59.81104063987732,"unknown","unknown",66.5619854927063,"","",""
"528d0fe","","","","","","","","","","","","","","","","","","","","","","","","","","","","","","",""
"900150c",-176923.4105758667,"unknown",-176917.87744259834,-176910.89433455467,0.0,6.372309446334839,15.034927368164062,23.7062931060791,82.37686252593994,88.7882354259491,219.25156688690186,225.76054668426514,"unknown",231.3707389831543,234.13043689727783,"unknown","","unknown","unknown","unknown","","unknown","unknown","unknown",240.23593425750732,"unknown","unknown",249.2425889968872,"","",""
"924de30","","","","","","","","","","","","","","","","","","","","","","","","","","","","","","",""
"d925650",-3552433.978072405,"unknown",-3552427.8308172226,-3552421.234196663,0.0,7.016881227493286,7.298436880111694,14.840423345565796,28.471431732177734,34.02697253227234,38.120755672454834,45.03629994392395,"unknown",50.84974408149719,52.95675325393677,"unknown","","unknown","unknown","unknown","","unknown","unknown","unknown",59.06095314025879,"unknown","unknown",65.75335907936096,"",-3201542.9667203426,""
"37798a6","","","","","","","","","","","","","","","","","","","","","","","","","","","","","","",""
"ff10184",-931.4408097267151,"unknown",-924.3407192230225,-919.1961455345154,0.0,6.518865346908569,11.521070718765259,19.976127862930298,44.60304808616638,50.10282492637634,56.125991344451904,61.574564933776855,"unknown",67.82599234580994,69.29910635948181,"unknown","","unknown","unknown","unknown","","unknown","unknown","unknown",75.18394923210144,"unknown","unknown",80.84985399246216,"","",""
"cde7968",-385995.2029721737,"unknown",-385989.0756509304,-385982.3327548504,0.0,7.398017168045044,13.376254320144653,22.048574209213257,44.85867238044739,52.02897882461548,59.31778860092163,64.60352849960327,"unknown",71.40589332580566,73.99795913696289,"unknown","","unknown","unknown","unknown","","unknown","unknown","unknown",80.41915798187256,"unknown","unknown",85.688303232193,"","",""
"52d61f6",-1646.7141017913818,"unknown",-1640.7137887477875,-1634.2161371707916,0.0,7.150074481964111,9.7674720287323,17.138731956481934,31.908000469207764,37.65460205078125,52.5291051864624,58.666626930236816,"unknown",64.87916326522827,66.37913632392883,"unknown","","unknown","unknown","unknown","","unknown","unknown","unknown",73.01442170143127,"unknown","unknown",80.26208662986755,"","",""
"34d8485",-21032.601403713226,"unknown",-21027.350818395615,-21020.27735185623,0.0,6.845076560974121,14.88975477218628,21.581428050994873,77.47266554832458,83.19525218009949,96.05666661262512,102.44198036193848,"unknown",109.07600617408752,112.57748079299927,"unknown","","unknown","unknown","unknown","","unknown","unknown","unknown",119.16537070274353,"unknown","unknown",124.76625204086304,"","",""
"693ef79",-7915.7613389492035,"unknown",-7908.911475896835,-7902.437425613403,0.0,6.9713475704193115,35.86068677902222,42.59956908226013,59.69383525848389,65.36552619934082,70.14805102348328,75.50642681121826,"unknown",81.07633686065674,82.59751033782959,"unknown","","unknown","unknown","unknown","","unknown","unknown","unknown",89.06851720809937,"unknown","unknown",95.34028315544128,"","",""
"0d5233e","","","","","","","","","","","","","","","","","","","","","","","","","","","","","","",""
"f0a4194",-3826.9291784763336,"unknown",-3820.4934866428375,-3813.861733198166,0.0,6.781509160995483,92.24249768257141,100.0646402835846,106.33091855049133,112.59688186645508,119.56754994392395,125.30610036849976,"unknown",132.29468536376953,134.9762933254242,"unknown","","unknown","unknown","unknown","","unknown","unknown","unknown",140.8872048854828,"unknown","unknown",146.3845705986023,"","",""
"11e5d50",-24537.516495466232,"unknown",-24531.003957509995,-24525.33840894699,0.0,6.0247790813446045,10.406524181365967,17.64454483985901,186.70228695869446,192.73737502098083,195.15413904190063,200.99903869628906,"unknown",207.5570182800293,209.09022855758667,"unknown","","unknown","unknown","unknown","","unknown","unknown","unknown",214.44102334976196,"unknown","unknown",220.09133338928223,"","",""
"047f2ca",-757.1413111686707,"unknown",-751.5359494686127,-745.340234041214,0.0,6.523169755935669,8.393876552581787,16.958791494369507,23.53246569633484,29.760785818099976,33.13149046897888,38.65360116958618,"unknown",44.47734355926514,46.386714696884155,"unknown","","unknown","unknown","unknown","","unknown","unknown","unknown",53.24414372444153,"unknown","unknown",60.173656702041626,"","",""
"02b634c","","","","","","","","","","","","","","","","","","","","","","","","","","","","","","",""
"0f91d63",-1266.7985236644745,"unknown",-1261.3705432415009,-1254.8298001289368,0.0,5.977579355239868,7.81192421913147,14.66201901435852,96.7234263420105,103.50834274291992,108.51116704940796,115.56013870239258,"unknown",121.71551752090454,143.59456825256348,"unknown","","unknown","unknown","unknown","","unknown","unknown","unknown",150.2029893398285,"unknown","unknown",156.79010820388794,"","",""
"87e086c","","","","","","","","","","","","","","","","","","","","","","","","","","","","","","",""
"ece9ce7","","","","","","","","","","","","","","","","","","","","","","","","","","","","","","",""
"a975113","","","","","","","","","","","","","","","","","","","","","","","","","","","","","","",""
"59c79dc",-93288.71604585648,"unknown",-93283.18055677414,-93276.76301002502,0.0,7.006440162658691,16.94602942466736,24.27612042427063,167.08000111579895,172.60977458953857,180.1845624446869,185.4611096382141,"unknown",192.67051911354065,196.03632235527039,"unknown","","unknown","unknown","unknown","","unknown","unknown","unknown",202.98618936538696,"unknown","unknown",210.1862165927887,"","",""
"dee5269",-421.6848089694977,"unknown",-415.8419213294983,-408.56110763549805,0.0,6.952189207077026,12.046727895736694,19.54434609413147,48.85912203788757,54.175352573394775,60.037676095962524,65.58012294769287,"unknown",72.17552638053894,73.76546478271484,"unknown","","unknown","unknown","unknown","","unknown","unknown","unknown",79.6700336933136,"unknown","unknown",86.29885697364807,"","",""
"844fef2",-3493.574678182602,"unknown",-3486.969311475754,-3481.1599645614624,0.0,6.456607103347778,31.206573963165283,39.25581192970276,63.31024932861328,68.94071531295776,86.36302256584167,93.13270568847656,"unknown",98.60809206962585,100.68403434753418,"unknown","","unknown","unknown","unknown","","unknown","unknown","unknown",108.2776894569397,"unknown","unknown",113.77388763427734,"","",""
"ef7d623","","","","","","","","","","","","","","","","","","","","","","","","","","","","","","",""
"a54cf83","","","","","","","","","","","","","","","","","","","","","","","","","","","","","","",""
"e98cdcd",-183975.62742114067,"unknown",-183969.32973361015,-183962.64419817924,0.0,6.894721746444702,16.080726385116577,24.20954394340515,50.35396695137024,56.046905755996704,67.70588493347168,73.06063079833984,"unknown",79.7713532447815,82.94416809082031,"unknown","","unknown","unknown","unknown","","unknown","unknown","unknown",89.7528874874115,"unknown","unknown",96.05618476867676,"","",""
"a3ff1ab",-80842.55551552773,"unknown",-80837.28899049759,-80831.8010802269,0.0,5.601832389831543,10.266988277435303,18.500195026397705,44.61684060096741,51.02977156639099,68.84917163848877,75.65993928909302,"unknown",81.2473373413086,83.42133402824402,"unknown","","unknown","unknown","unknown","","unknown","unknown","unknown",90.5065565109253,"unknown","unknown",96.58558320999146,"","",""
"33bcee6",-88828.48571968079,"unknown",-88823.04193305969,-88816.92394661903,0.0,6.077725410461426,18.69222617149353,26.37552499771118,40.97606134414673,46.546924114227295,52.47260499000549,57.98365545272827,"unknown",63.540234088897705,65.96656203269958,"unknown","","unknown","unknown","unknown","","unknown","unknown","unknown",71.42062306404114,"unknown","unknown",77.93916654586792,"","",""
"c494a29",-2611.562204837799,"unknown",-2604.2775807380676,-2598.7780256271362,0.0,6.601754426956177,7.848083734512329,15.47151255607605,26.171911001205444,32.84257674217224,39.44235873222351,45.88248157501221,"unknown",51.50361251831055,52.74272012710571,"unknown","","unknown","unknown","unknown","","unknown","unknown","unknown",59.17324256896973,"unknown","unknown",65.71008920669556,"","",""
"aa68b7a","","","","","","","","","","","","","","","","","","","","","","","","","","","","","","",""
"92db041","","","","","","","","","","","","","","","","","","","","","","","","","","","","","","",""
"b921637","","","","","","","","","","","","","","","","","","","","","","","","","","","","","","",""
"0fa3c49","","","","","","","","","","","","","","","","","","","","","","","","","","","","","","",""
"cb28371","","","","","","","","","","","","","","","","","","","","","","","","","","","","","","",""
"a664235","","","","","","","","","","","","","","","","","","","","","","","","","","","","","","",""
"81f41fd",-20.267194271087646,"unknown",-13.957181692123413,-7.492741346359253,0.0,5.895569324493408,8.553751945495605,16.455929279327393,40.17149877548218,46.98897457122803,54.20364832878113,61.4041211605072,"unknown",68.02206778526306,70.0007016658783,"unknown","","unknown","unknown","unknown","","unknown","unknown","unknown",75.98652482032776,"unknown","unknown",83.25222420692444,"","",""
"f38953f","","","","","","","","","","","","","","","","","","","","","","","","","","","","","","",""
"6801018",-3445.795675754547,"unknown",-3439.251166343689,-3432.652505636215,0.0,5.7268452644348145,10.740623474121094,18.65154767036438,56.16855454444885,61.93157076835632,66.63478326797485,72.1804096698761,"unknown",79.18495988845825,88.88654232025146,"unknown","","unknown","unknown","unknown","","unknown","unknown","unknown",95.01689505577087,"unknown","unknown",101.09296989440918,"","",""
"ac3a94c",-78712.05485963821,"unknown",-78705.52207493782,-78699.20956516266,0.0,7.226841449737549,12.242146492004395,20.14792251586914,49.80831694602966,56.17570662498474,61.5701048374176,66.92598748207092,"unknown",73.99480175971985,76.79654574394226,"unknown","","unknown","unknown","unknown","","unknown","unknown","unknown",83.34041738510132,"unknown","unknown",90.69530177116394,"","",""
"eccfff0","","","","","","","","","","","","","","","","","","","","","","","","","","","","","","",""
"49f21e0","","","","","","","","","","","","","","","","","","","","","","","","","","","","","","",""
"02ed09a","","","","","","","","","","","","","","","","","","","","","","","","","","","","","","",""
"37b9a9f",-28863.33271765709,"unknown",-28857.818460702896,-28850.522180318832,0.0,7.071033000946045,32.92426538467407,40.23363018035889,52.81320238113403,59.17477583885193,71.66237878799438,78.93345332145691,"unknown",85.20724320411682,110.24120736122131,"unknown","","unknown","unknown","unknown","","unknown","unknown","unknown",117.47734761238098,"unknown","unknown",124.66096782684326,"","",""
"3c0c7c1",-20889.835057497025,"unknown",-20884.458379268646,-20878.937752723694,0.0,5.828943252563477,10.013502359390259,18.52582836151123,35.775634765625,41.38774228096008,47.160178661346436,52.55776047706604,"unknown",59.47938919067383,61.8560996055603,"unknown","","unknown","unknown","unknown","","unknown","unknown","unknown",68.08653616905212,"unknown","unknown",75.26975345611572,"","",""
"89f6d9e",-642605.8283472061,"unknown",-642600.3840093613,-642593.653314352,0.0,7.527962923049927,13.818631172180176,21.93246865272522,34.63707637786865,41.887598514556885,45.12614178657532,51.78921341896057,"unknown",57.90571308135986,59.765188455581665,"unknown","","unknown","unknown","unknown","","unknown","unknown","unknown",67.13395953178406,"unknown","unknown",74.04079818725586,"","",""
"39dc9b8",-186791.08407783508,"unknown",-186785.4598481655,-186778.21494817734,0.0,6.67001748085022,12.848875045776367,21.831294536590576,37.0596764087677,43.21648335456848,48.53243446350098,55.52238082885742,"unknown",62.12296271324158,65.19143748283386,"unknown","","unknown","unknown","unknown","","unknown","unknown","unknown",70.75393962860107,"unknown","unknown",77.79233765602112,"","",""
"56bae3a","","","","","","","","","","","","","","","","","","","","","","","","","","","","","","",""
"28ec805",-22398.65396785736,"unknown",-22392.600081205368,-22385.14881157875,0.0,5.568528890609741,10.440436124801636,19.161144971847534,22.74152183532715,28.33985996246338,42.07339596748352,47.75308632850647,"unknown",53.051931619644165,55.58836889266968,"unknown","","unknown","unknown","unknown","","unknown","unknown","unknown",62.300575256347656,"unknown","unknown",67.77727222442627,"","",""
"4c8a5bc",-17848.408594846725,"unknown",-17842.359937429428,-17835.34521150589,0.0,6.108026742935181,12.938557624816895,19.981956243515015,38.10901355743408,45.384456157684326,51.54747724533081,58.48554563522339,"unknown",64.06911540031433,66.237628698349,"unknown","","unknown","unknown","unknown","","unknown","unknown","unknown",72.13331127166748,"unknown","unknown",78.91776943206787,"","",""
"48179d1","","","","","","","","","","","","","","","","","","","","","","","","","","","","","","",""
"e845b6b",-110.97172045707703,"unknown",-105.65753483772278,-99.2989559173584,0.0,5.730105400085449,1153.7336666584015,1161.1924958229065,1206.5714826583862,1213.934419631958,1219.3151564598083,1225.8329536914825,"unknown",1232.5357649326324,1237.0182387828827,"unknown","","unknown","unknown","unknown","","unknown","unknown","unknown",1242.3411643505096,"unknown","unknown",1249.2712817192078,"","",""
"619e952",-25264.6220202446,"unknown",-25257.412479877472,-25250.570979118347,0.0,6.919528245925903,9.51261019706726,17.949345588684082,36.49460792541504,42.83959078788757,56.56860589981079,62.8861186504364,"unknown",68.81320762634277,79.94685101509094,"unknown","","unknown","unknown","unknown","","unknown","unknown","unknown",85.8912889957428,"unknown","unknown",91.28551459312439,"","",""
"0fd9ca7","","","","","","","","","","","","","","","","","","","","","","","","","","","","","","",""
"ff125d4","","","","","","","","","","","","","","","","","","","","","","","","","","","","","","",""
"0dc7823","","","","","","","","","","","","","","","","","","","","","","","","","","","","","","",""
"64155b9","","","","","","","","","","","","","","","","","","","","","","","","","","","","","","",""
"9cfbb83",-119731.51564216614,"unknown",-119724.83567881584,-119717.74362158775,0.0,6.988356351852417,1432.6365172863007,1441.5138766765594,1444.5228567123413,1450.3275351524353,1457.5844440460205,1464.15585231781,"unknown",1470.0725529193878,1471.9261174201965,"unknown","","unknown","unknown","unknown","","unknown","unknown","unknown",1478.6217844486237,"unknown","unknown",1485.3295776844025,"","",""
"f6ffd76","","","","","","","","","","","","","","","","","","","","","","","","","","","","","","",""
"57b0697",-6149738.122277737,"unknown",-6149730.908542156,-6149725.516383648,0.0,5.477783203125,11.442982196807861,19.601080656051636,38.98891568183899,45.893775939941406,52.44568181037903,59.33790850639343,"unknown",65.11675953865051,67.90818071365356,"unknown","","unknown","unknown","unknown","","unknown","unknown","unknown",73.47600317001343,"unknown","unknown",80.16594576835632,"","",""
"1c202a8","","","","","","","","","","","","","","","","","","","","","","","","","","","","","","",""
"3e625ac","","","","","","","","","","","","","","","","","","","","","","","","","","","","","","",""
"6b36bf5",-52.02828502655029,"unknown",-45.929073333740234,-40.41901445388794,0.0,6.748542547225952,25.583622455596924,32.92471623420715,67.1343457698822,74.09739017486572,84.5800850391388,90.99451422691345,"unknown",96.88281178474426,108.06052350997925,"unknown","","unknown","unknown","unknown","","unknown","unknown","unknown",113.56595039367676,"unknown","unknown",119.40922832489014,"","",""
"99775ba",-4456.117242574692,"unknown",-4448.928602218628,-4441.914903879166,0.0,5.987683296203613,12.230236768722534,19.679868459701538,36.339802742004395,42.398865699768066,47.30512809753418,53.23365354537964,"unknown",59.693267822265625,64.21057176589966,"unknown","","unknown","unknown","unknown","","unknown","unknown","unknown",70.75945258140564,"unknown","unknown",76.90071654319763,"","",""
"152aa4d",-92911.18955779076,"unknown",-92905.47043704987,-92899.67154860497,0.0,6.2045018672943115,10.52172589302063,18.207206964492798,33.712244272232056,40.43247675895691,46.4513418674469,52.1033399105072,"unknown",57.92085337638855,60.29969549179077,"unknown","","unknown","unknown","unknown","","unknown","unknown","unknown",66.37928605079651,"unknown","unknown",73.0289843082428,"","",""
"ced331f","","","","","","","","","","","","","","","","","","","","","","","","","","","","","","",""
"1d235c1","","","","","","","","","","","","","","","","","","","","","","","","","","","","","","",""
"e6de912",-437.01117873191833,"unknown",-431.50980401039124,-426.12231826782227,0.0,7.00578498840332,8.735419273376465,16.721699476242065,34.36604142189026,40.11273646354675,46.7162823677063,53.4467294216156,"unknown",60.009806394577026,62.29919242858887,"unknown","","unknown","unknown","unknown","","unknown","unknown","unknown",69.44417905807495,"unknown","unknown",76.24674797058105,"","",""
"76bbc0d",-161694.70791482925,"unknown",-161689.4237291813,-161683.83886814117,0.0,5.622302532196045,10.4188551902771,18.06390619277954,34.48058319091797,40.742366790771484,48.38679838180542,55.546618938446045,"unknown",62.076433420181274,63.76640272140503,"unknown","","unknown","unknown","unknown","","unknown","unknown","unknown",70.59204292297363,"unknown","unknown",75.88792443275452,"","",""
"36b4ec5",-2015.996286869049,"unknown",-2008.971743106842,-2001.7434539794922,0.0,6.256120920181274,44.05178356170654,52.21073579788208,61.687567949295044,67.03037190437317,70.31493782997131,75.70517683029175,"unknown",82.93316078186035,84.51843476295471,"unknown","","unknown","unknown","unknown","","unknown","unknown","unknown",89.87384796142578,"unknown","unknown",97.1531994342804,"","",""
"7de2a3d","","","","","","","","","","","","","","","","","","","","","","","","","","","","","","",""
"dbe3880","","","","","","","","","","","","","","","","","","","","","","","","","","","","","","",""
"877fb69",-41157.031579494476,"unknown",-41150.278398275375,-41143.37866520882,0.0,5.933592319488525,7.328209638595581,15.916993618011475,20.53336477279663,26.92155408859253,28.474367380142212,33.796550035476685,"unknown",40.69136047363281,67.85308051109314,"unknown","","unknown","unknown","unknown","","unknown","unknown","unknown",73.96096014976501,"unknown","unknown",79.31561541557312,"","",""
"c17e360","","","","","","","","","","","","","","","","","","","","","","","","","","","","","","",""
"51be121",-11032.812940835953,"unknown",-11027.123278141022,-11021.335497140884,0.0,6.86438775062561,84.2377552986145,91.4591817855835,110.63357925415039,116.67305111885071,126.96885633468628,134.00361680984497,"unknown",139.79993224143982,141.69398736953735,"unknown","","unknown","unknown","unknown","","unknown","unknown","unknown",147.94678211212158,"unknown","unknown",154.84813451766968,"","",""
"e9e1409",-67931.517080307,"unknown",-67925.08346676826,-67919.52655696869,0.0,6.11055326461792,10.963301420211792,19.700795888900757,31.04530930519104,36.415454387664795,41.58041548728943,48.54723262786865,"unknown",55.17721152305603,56.651517391204834,"unknown","","unknown","unknown","unknown","","unknown","unknown","unknown",63.40974497795105,"unknown","unknown",69.84450030326843,"","",""
"051761f","","","","","","","","","","","","","","","","","","","","","","","","","","","","","","",""
"1c627cb","","","","","","","","","","","","","","","","","","","","","","","","","","","","","","",""
"5177026","","","","","","","","","","","","","","","","","","","","","","","","","","","","","","",""
"db0051d","","","","","","","","","","","","","","","","","","","","","","","","","","","","","","",""
"9e9a81e","","","","","","","","","","","","","","","","","","","","","","","","","","","","","","",""
"6289e6c",-785413.7299044132,"unknown",-785407.656737566,-785400.7518405914,0.0,6.253204822540283,7.935587406158447,15.666332006454468,32.65444731712341,38.50441575050354,41.505043745040894,48.41246962547302,"unknown",55.64916634559631,60.047454595565796,"unknown","","unknown","unknown","unknown","","unknown","unknown","unknown",65.45630478858948,"unknown","unknown",70.7491672039032,"","",""
"a9b4533","","","","","","","","","","","","","","","","","","","","","","","","","","","","","","",""
"1db8420","","","","","","","","","","","","","","","","","","","","","","","","","","","","","","",""
"8a1ecd0","","","","","","","","","","","","","","","","","","","","","","","","","","","","","","",""
"8fd863f",-6803.135139703751,"unknown",-6797.473606586456,-6790.676410198212,0.0,5.633419990539551,7.897247314453125,15.620500087738037,27.27720594406128,33.179500102996826,45.5972843170166,"unknown",52.752310276031494,58.63502836227417,60.58192825317383,66.62157273292542,73.29486441612244,80.04769444465637,"unknown",86.53606414794922,89.47940063476562,"unknown","unknown","unknown","unknown",96.23706126213074,"unknown",102.35240411758423,"","",""
"644830a","","","","","","","","","","","","","","","","","","","","","","","","","","","","","","",""
"5dbecee","","","","","","","","","","","","","","","","","","","","","","","","","","","","","","",""
"86c5f35",-28907.576952934265,"unknown",-28901.249017715454,-28894.237914562225,0.0,5.230637311935425,7.681605100631714,16.030714750289917,30.22549796104431,35.68606209754944,43.40978217124939,48.88861274719238,"unknown",56.08220434188843,58.07471823692322,"unknown","","unknown","unknown","unknown","","unknown","unknown","unknown",65.40663719177246,"unknown","unknown",71.98371148109436,"","",""
"4c072d3",-9482.984223127365,"unknown",-9475.88177537918,-9469.900084733963,0.0,6.1983537673950195,12.763730525970459,20.75701141357422,40.284534215927124,46.74625492095947,54.72718334197998,61.147902965545654,"unknown",68.26800870895386,73.74206447601318,"unknown","","unknown","unknown","unknown","","unknown","unknown","unknown",79.8069429397583,"unknown","unknown",85.73023080825806,"","",""
"89bbcd3",-1744646.9632890224,"unknown",-1744640.40476799,-1744633.684514761,0.0,6.665857791900635,9.457992553710938,17.22080135345459,28.303824186325073,35.03209662437439,38.500077962875366,45.54741358757019,"unknown",51.04406523704529,52.83094835281372,"unknown","","unknown","unknown","unknown","","unknown","unknown","unknown",59.35118389129639,"unknown","unknown",66.28960061073303,"","",""
"aa9ac00","","","","","","","","","","","","","","","","","","","","","","","","","","","","","","",""
"9a1b5fa","","","","","","","","","","","","","","","","","","","","","","","","","","","","","","",""
"d003724","","","","","","","","","","","","","","","","","","","","","","","","","","","","","","",""
"3a03bea","","","","","","","","","","","","","","","","","","","","","","","","","","","","","","",""
"e427669","","","","","","","","","","","","","","","","","","","","","","","","","","","","","","",""
"12dfda3","","","","","","","","","","","","","","","","","","","","","","","","","","","","","","",""
"3226bb3",-22872.381561517715,"unknown",-22865.296832323074,-22858.20504641533,0.0,7.283756971359253,22.33006763458252,31.372277975082397,59.073673486709595,64.83214378356934,73.88733124732971,80.98209691047668,"unknown",86.63201260566711,94.1719102859497,"unknown","","unknown","unknown","unknown","","unknown","unknown","unknown",99.76573085784912,"unknown","unknown",106.4812822341919,"","",""
"9f4d288","","","","","","","","","","","","","","","","","","","","","","","","","","","","","","",""
"35adcf1","","","","","","","","","","","","","","","","","","","","","","","","","","","","","","",""
"b2621a2","unknown","unknown","unknown","unknown",0.0,"unknown",8.691900253295898,"unknown",28.475159645080566,"unknown",68.343820810318,"unknown","unknown","unknown",82.57702350616455,"unknown","","unknown","unknown","unknown","","unknown","unknown","unknown","unknown","unknown","unknown","unknown","","",""
"6099d06",-9413.16477560997,"unknown",-9406.356664180756,-9400.858472824097,0.0,5.829596757888794,12.97468614578247,20.267755031585693,33.97079396247864,40.251320362091064,1378.0765194892883,1384.280662536621,"unknown",1390.7253391742706,1397.748530626297,"unknown","","unknown","unknown","unknown","","unknown","unknown","unknown",1404.6930119991302,"unknown","unknown",1411.828330039978,"","",""
"d91bf84","unknown","unknown","unknown","unknown",0.0,"unknown",11.030996561050415,"unknown",48.98257803916931,"unknown",67.29426646232605,"unknown","unknown","unknown",82.66828894615173,"unknown","","unknown","unknown","unknown","","unknown","unknown","unknown","unknown","unknown","unknown","unknown","","",""
"c3db77a",-14434.737231016159,"unknown",-14427.85436797142,-14421.659315109253,0.0,5.651521921157837,8.125251531600952,15.084120273590088,28.475277423858643,34.39326524734497,38.579338788986206,44.915780544281006,"unknown",52.18622970581055,54.09620761871338,60.593390464782715,66.49593424797058,72.55932998657227,"unknown",78.39725351333618,80.03344702720642,"unknown","unknown","unknown","unknown",85.37201976776123,"unknown",91.87222862243652,"","",""
"db7d9c3","unknown","unknown","unknown","unknown",0.0,"unknown",11.206573009490967,"unknown",31.65319037437439,"unknown",43.527509927749634,"unknown","unknown","unknown",60.26869606971741,"unknown","","unknown","unknown","unknown","","unknown","unknown","unknown","unknown","unknown","unknown","unknown","","",""
"7d9c3_1","unknown","unknown","unknown","unknown",0.0,"unknown",11.206573009490967,"unknown",31.65319037437439,"unknown",43.527509927749634,"unknown","unknown","unknown",60.26869606971741,"unknown","","unknown","unknown","unknown","","unknown","unknown","unknown","unknown","unknown","unknown","unknown","","",""
"804c32f","","","","","","","","","","","","","","","","","","","","","","","","","","","","","","",""
