"","1","recurso","1b","2","cont","3","cont_1","4","dilema","5","x_1","6A","6B","7","v_x_1","8","x_2","9A","9B","10","v_x_2","11","12A","12B","13_1","13_2","13_3","15","4_1","2_1"
"518e9b8",-10644.669390916824,"unknown",-10637.617172718048,-10630.681766748428,0.0,5.280604839324951,19.778303623199463,26.197788953781128,38.6578471660614,44.35884404182434,62.38495874404907,68.92923331260681,"unknown",74.337655544281,78.08752751350403,"unknown","","unknown","unknown","unknown","","unknown","unknown","unknown",85.49426102638245,"unknown","unknown",92.09186601638794,"",""
"b5edd3c",-1302.9451291561127,"unknown",-1296.8902208805084,-1289.96342587471,0.0,6.583796501159668,37.472665548324585,44.652085304260254,56.27527737617493,62.01114344596863,75.35255289077759,80.78269076347351,"unknown",86.682626247406,88.95323657989502,"unknown","","unknown","unknown","unknown","","unknown","unknown","unknown",95.49018716812134,"unknown","unknown",101.50034236907959,"",""
"374ecf8",-8551.211731433868,"unknown",-8544.707207202911,-8538.424978017807,0.0,5.8109352588653564,8.605043411254883,15.378036260604858,24.490158796310425,30.894756078720093,51.32507252693176,57.981045722961426,"unknown",64.19623708724976,66.18743419647217,"unknown","","unknown","unknown","unknown","","unknown","unknown","unknown",71.91133856773376,"unknown","unknown",78.85107588768005,"",""
"89f120b","","","","","","","","","","","","","","","","","","","","","","","","","","","","","",""
"1883ca0","unknown","unknown","unknown","unknown",0.0,"unknown",11.033754825592041,"unknown",25.768877029418945,"unknown",56.470175981521606,"unknown","unknown","unknown",84.1846055984497,"unknown","","unknown","unknown","unknown","","unknown","unknown","unknown","unknown","unknown","unknown","unknown","",""
"8d2da97",-4046.4976603984833,"unknown",-4039.0104722976685,-4033.264924287796,0.0,5.586442947387695,8.505558013916016,14.765567541122437,5092808.368607521,5092813.7895543575,5092857.631005049,"unknown",5092864.869321346,5092870.375346184,5092876.795354843,"unknown","","unknown","unknown","unknown","","unknown","unknown","unknown",5092882.16830492,"unknown","unknown",5092889.016585112,95733.27709817886,""
"2541155",-167275.91626429558,"unknown",-167268.77084255219,-167262.160623312,0.0,6.546180486679077,10.061578512191772,16.75883650779724,26.230855226516724,32.820107221603394,44.279921531677246,51.65611386299133,"unknown",57.200660943984985,58.70636343955994,"unknown","","unknown","unknown","unknown","","unknown","unknown","unknown",65.3835997581482,"unknown","unknown",70.73686790466309,"",""
"ac6f3f6","unknown","unknown","unknown","unknown",0.0,"unknown",26.659915447235107,"unknown",85.51071071624756,"unknown",105.05122542381287,"unknown","unknown","unknown",131.33258962631226,"unknown","","unknown","unknown","unknown","","unknown","unknown","unknown","unknown","unknown","unknown","unknown","",""
"62447b9",-118726.65132808685,"unknown",-118720.68922138214,-118713.65328979492,0.0,7.155588626861572,11.709902286529541,18.667980432510376,33.81882357597351,40.33866739273071,79.39072680473328,85.83189940452576,"unknown",92.34880876541138,119.21676445007324,"unknown","","unknown","unknown","unknown","","unknown","unknown","unknown",124.61104774475098,"unknown","unknown",130.20383024215698,"",""
"20f3e2e","unknown","unknown","unknown","unknown",0.0,"unknown",10.867379426956177,"unknown",44.25513505935669,"unknown",66.72824549674988,"unknown","unknown","unknown",81.95318484306335,"unknown","","unknown","unknown","unknown","","unknown","unknown","unknown","unknown","unknown","unknown","unknown","",""
"4e53c5c",-1974.2602310180664,"unknown",-1968.684463262558,-1962.3598589897156,0.0,6.6852922439575195,15.966371536254883,21.32648515701294,42.90770220756531,49.40841484069824,61.84993076324463,68.64221668243408,"unknown",75.44665050506592,81.77144646644592,"unknown","","unknown","unknown","unknown","","unknown","unknown","unknown",87.09401035308838,"unknown","unknown",93.09685707092285,"",""
"ac6ecda","","","","","","","","","","","","","","","","","","","","","","","","","","","","","",""
"c899adb","unknown","unknown","unknown","unknown",0.0,"unknown",18.92497944831848,"unknown",46.00711989402771,"unknown",74.97193956375122,"unknown","unknown","unknown",100.37083506584167,"unknown","","unknown","unknown","unknown","","unknown","unknown","unknown","unknown","unknown","unknown","unknown","",""
"b8ec123","","","","","","","","","","","","","","","","","","","","","","","","","","","","","",""
"07b298c","","","","","","","","","","","","","","","","","","","","","","","","","","","","","",""
"49db8c4",-11684.245195865631,"unknown",-11677.91057229042,-11671.680007219315,0.0,6.776249408721924,12.905806541442871,18.372647047042847,33.763535261154175,39.830663204193115,51.940205574035645,57.94036555290222,"unknown",64.44025564193726,66.75069975852966,"unknown","","unknown","unknown","unknown","","unknown","unknown","unknown",72.90503406524658,"unknown","unknown",79.48718237876892,"",""
"ea8c0d6",-317152.45110464096,"unknown",-317145.83099865913,-317139.6004855633,0.0,5.354355096817017,11.385685920715332,18.080260038375854,43.78271198272705,49.778908014297485,98.2189450263977,103.83497452735901,"unknown",111.4199914932251,113.88396859169006,"unknown","","unknown","unknown","unknown","","unknown","unknown","unknown",119.766033411026,"unknown","unknown",125.2740068435669,"",""
"7cf831f",-262.7999987602234,"unknown",-257.30952739715576,-251.48843050003052,0.0,5.965608835220337,1326.3258221149445,1332.5534586906433,1346.7401795387268,1352.6014635562897,1363.3956277370453,1369.8225564956665,"unknown",1376.0205068588257,1378.280163526535,"unknown","","unknown","unknown","unknown","","unknown","unknown","unknown",1383.7176344394684,"unknown","unknown",1389.3345189094543,"",""
"41f497c","","","","","","","","","","","","","","","","","","","","","","","","","","","","","",""
"f496964","","","","","","","","","","","","","","","","","","","","","","","","","","","","","",""
"68c3192","","","","","","","","","","","","","","","","","","","","","","","","","","","","","",""
"eb77de6",-531630.9825751781,"unknown",-531624.3234095573,-531613.5277879238,0.0,5.56242299079895,11.599923133850098,18.887362718582153,37.172202587127686,44.52721285820007,55.362040519714355,62.33114719390869,"unknown",68.46096920967102,70.66343307495117,"unknown","","unknown","unknown","unknown","","unknown","unknown","unknown",76.508127450943,"unknown","unknown",83.05721259117126,"",""
"8ce483d",-108.61912631988525,"unknown",-102.47500371932983,-95.70795583724976,0.0,7.339727401733398,2900.9942104816437,2907.036541223526,2914.197721719742,2921.2027678489685,2926.149680376053,"unknown",2931.882406234741,2937.9071373939514,2939.7395401000977,"unknown","","unknown","unknown","unknown","","unknown","unknown","unknown",2945.438132286072,"unknown","unknown",2950.802815437317,"",""
"79868cd","unknown","unknown","unknown","unknown",0.0,"unknown",7.822096109390259,"unknown",31.950001001358032,"unknown",53.165568351745605,"unknown","unknown","unknown",67.27871632575989,"unknown","","unknown","unknown","unknown","","unknown","unknown","unknown","unknown","unknown","unknown","unknown","",""
"56ee475",-1751.90682888031,"unknown",-1746.4822645187378,-1740.8259234428406,0.0,5.5722901821136475,12881.075493097305,12888.055981636047,12937.909248113632,12943.318962097168,14661.57135105133,"unknown",14668.039807081223,14673.52921962738,14710.751797676086,"unknown","","unknown","unknown","unknown","","unknown","unknown","unknown",14717.40937948227,"unknown","unknown",14722.816746473312,"",""
"916c172",-6439.0437841415405,"unknown",-6432.738319396973,-6425.901935577393,0.0,6.384950160980225,22.67198133468628,28.617862939834595,44.9834623336792,52.502882957458496,60.470927476882935,65.74880146980286,"unknown",71.54958319664001,424.420197725296,"unknown","","unknown","unknown","unknown","","unknown","unknown","unknown",430.56753849983215,"unknown","unknown",436.2762928009033,"",""
"d9696dd",-557029.7655317783,"unknown",-14234.361561059952,-14051.047604322433,0.0,6.816763401031494,40271.35284090042,40277.49670243263,41662.92731189728,41669.81707620621,132183.31433463097,"unknown",132190.22914886475,132196.78495264053,132211.968252182,"unknown","","unknown","unknown","unknown","","unknown","unknown","unknown",132217.94845676422,"unknown","unknown",132225.0495071411,"",""
"eff7ebe",-267378.0496864319,"unknown",-267372.1292603016,-267366.43012046814,0.0,5.815544843673706,7.5293145179748535,13.529728174209595,22.87865114212036,28.568953037261963,34.06368613243103,"unknown",40.719183683395386,46.740726947784424,48.602585792541504,"unknown","","unknown","unknown","unknown","","unknown","unknown","unknown",56.22572088241577,"unknown","unknown",61.589805364608765,"",""
"5d4fcbe",-5551.933103322983,"unknown",-5544.680245876312,-5538.260908603668,0.0,5.977705478668213,12.506901025772095,19.786454916000366,35.90073323249817,42.08536124229431,95.30131006240845,100.61752319335938,"unknown",106.02028560638428,150.94565653800964,"unknown","","unknown","unknown","unknown","","unknown","unknown","unknown",158.08334350585938,"unknown","unknown",164.49609184265137,"",""
"170bd80",-216543.26570487022,"unknown",-216537.61460042,-216531.1874654293,0.0,6.323657751083374,8.82246732711792,14.677807092666626,29.774410486221313,35.769535779953,44.546647787094116,"unknown",50.43375325202942,57.34199857711792,59.200955629348755,"unknown","","unknown","unknown","unknown","","unknown","unknown","unknown",64.52756810188293,"unknown","unknown",70.0576159954071,"",""
"7a54533",-4520.298525810242,"unknown",-4514.68199634552,-4507.661136865616,0.0,5.656103134155273,11.767429828643799,18.38015389442444,31.71566343307495,37.2885959148407,43.52883744239807,49.60076117515564,"unknown",55.82950711250305,57.49306106567383,"unknown","","unknown","unknown","unknown","","unknown","unknown","unknown",62.74398231506348,"unknown","unknown",68.1937985420227,"",""
"d874e84","","","","","","","","","","","","","","","","","","","","","","","","","","","","","",""
"c28b1a9","","","","","","","","","","","","","","","","","","","","","","","","","","","","","",""
"7384692","","","","","","","","","","","","","","","","","","","","","","","","","","","","","",""
"90ccafb","","","","","","","","","","","","","","","","","","","","","","","","","","","","","",""
"0327530",-154775.03508138657,"unknown",-154768.20346713066,-154760.7687113285,0.0,5.352798223495483,13.141226768493652,19.705211639404297,40.826451539993286,47.28848171234131,75.9857349395752,83.15672302246094,"unknown",89.04211640357971,91.43192791938782,"unknown","","unknown","unknown","unknown","","unknown","unknown","unknown",97.18196105957031,"unknown","unknown",102.66368460655212,"",""
"47dcadc",-907.1227054595947,"unknown",-901.3960254192352,-894.5512180328369,0.0,5.767471075057983,14.265318870544434,21.24905300140381,36.40329098701477,43.189486026763916,86.5103189945221,92.41473197937012,"unknown",99.24925541877747,101.75379157066345,"unknown","","unknown","unknown","unknown","","unknown","unknown","unknown",108.24416518211365,"unknown","unknown",115.3599624633789,"",""
"233ee90","","","","","","","","","","","","","","","","","","","","","","","","","","","","","",""
"db844b1","","","","","","","","","","","","","","","","","","","","","","","","","","","","","",""
"e4c0f9c","","","","","","","","","","","","","","","","","","","","","","","","","","","","","",""
"fd01af9","","","","","","","","","","","","","","","","","","","","","","","","","","","","","",""
"77a5d2f","","","","","","","","","","","","","","","","","","","","","","","","","","","","","",""
"b92dee2","","","","","","","","","","","","","","","","","","","","","","","","","","","","","",""
"50ec1c5","","","","","","","","","","","","","","","","","","","","","","","","","","","","","",""
"11892fd","","","","","","","","","","","","","","","","","","","","","","","","","","","","","",""
"5ba2fe6","","","","","","","","","","","","","","","","","","","","","","","","","","","","","",""
"c94e42e",-531.6826682090759,"unknown",-525.2986705303192,-518.9814667701721,0.0,5.688581705093384,10.111766576766968,16.710328817367554,30.76990246772766,37.400416135787964,61.68216848373413,"unknown",67.97143507003784,74.3570351600647,76.73712491989136,"unknown","","unknown","unknown","unknown","","unknown","unknown","unknown",83.34049987792969,"unknown","unknown",89.216135263443,"",""
"ee4b6cd","","","","","","","","","","","","","","","","","","","","","","","","","","","","","",""
"f2291ba","","","","","","","","","","","","","","","","","","","","","","","","","","","","","",""
"fb6ca94",-79701.58109331131,"unknown",-79694.88394236565,-79688.60099077225,0.0,5.5277862548828125,10.564940452575684,17.66916251182556,33.78958559036255,39.945393800735474,47.17109560966492,54.21930932998657,"unknown",59.92257905006409,62.14260649681091,"unknown","","unknown","unknown","unknown","","unknown","unknown","unknown",68.62771368026733,"unknown","unknown",75.07272577285767,"",""
"516417f",-121911.47965955734,"unknown",-121905.31472015381,-121899.73237299919,0.0,6.988420009613037,15.215898752212524,21.961613655090332,41.531123876571655,48.292919397354126,79.00800824165344,"unknown",85.88348722457886,91.58061623573303,93.2497308254242,"unknown","","unknown","unknown","unknown","","unknown","unknown","unknown",98.73981189727783,"unknown","unknown",105.77691888809204,"",""
"7a0eabe","","","","","","","","","","","","","","","","","","","","","","","","","","","","","",""
"7b65802","","","","","","","","","","","","","","","","","","","","","","","","","","","","","",""
"5e09b84","","","","","","","","","","","","","","","","","","","","","","","","","","","","","",""
"7da3821","","","","","","","","","","","","","","","","","","","","","","","","","","","","","",""
"2f5762a",-11877.143870353699,"unknown",-11870.129436969757,-11863.52352142334,0.0,6.750044345855713,11.81338620185852,19.0373592376709,30.905998706817627,36.23556566238403,42.69383358955383,48.96232342720032,"unknown",56.24192762374878,59.843772172927856,"unknown","","unknown","unknown","unknown","","unknown","unknown","unknown",66.86422228813171,"unknown","unknown",73.76929950714111,"",""
"50a0fdd",-156.81109619140625,"unknown",-150.89576864242554,-144.38121366500854,0.0,6.324165344238281,8.313766717910767,14.11835503578186,25.232137203216553,32.96988081932068,56.106608390808105,62.723445653915405,"unknown",69.59939813613892,72.06755948066711,"unknown","","unknown","unknown","unknown","","unknown","unknown","unknown",78.21867728233337,"unknown","unknown",84.874027967453,"",""
"b7cec81",-22685.214414834976,"unknown",-22679.873383283615,-22674.343297481537,0.0,5.734872341156006,7.674784898757935,14.758606433868408,16.34529995918274,23.23210310935974,57.180394887924194,64.27648377418518,"unknown",71.10064101219177,73.65342831611633,"unknown","","unknown","unknown","unknown","","unknown","unknown","unknown",79.97101664543152,"unknown","unknown",86.43786191940308,"",""
"bf983ba",-193.2697901725769,"unknown",-187.52738213539124,-180.7934341430664,0.0,6.267328500747681,8.240422248840332,14.881608247756958,23.79495334625244,30.486051321029663,40.832499980926514,47.09949231147766,"unknown",53.28469491004944,54.735525131225586,"unknown","","unknown","unknown","unknown","","unknown","unknown","unknown",60.01604080200195,"unknown","unknown",66.79283905029297,"",""
"b53b559","","","","","","","","","","","","","","","","","","","","","","","","","","","","","",""
"4a92bfd","","","","","","","","","","","","","","","","","","","","","","","","","","","","","",""
"90434eb","","","","","","","","","","","","","","","","","","","","","","","","","","","","","",""
"37674f9","","","","","","","","","","","","","","","","","","","","","","","","","","","","","",""
"0dc300b","","","","","","","","","","","","","","","","","","","","","","","","","","","","","",""
"1800004","","","","","","","","","","","","","","","","","","","","","","","","","","","","","",""
"7b3c431",-34910.61576128006,"unknown",-34904.28548359871,-34899.05381798744,0.0,5.4529218673706055,126.12578916549683,131.61578607559204,144.32229018211365,150.41378808021545,160.9318962097168,166.67280793190002,"unknown",173.53624272346497,175.22724294662476,"unknown","","unknown","unknown","unknown","","unknown","unknown","unknown",182.98773622512817,"unknown","unknown",189.92791295051575,"",""
"2457ed6",-7999.935367822647,"unknown",-7992.708864212036,-7985.575910806656,0.0,6.275637865066528,9.532875061035156,15.655133724212646,27.815531730651855,34.40605092048645,55.251776933670044,"unknown",62.15732026100159,68.95459198951721,70.9902093410492,"unknown","","unknown","unknown","unknown","","unknown","unknown","unknown",77.718252658844,"unknown","unknown",83.97002863883972,"",""
"c4bba29",-24645.08419752121,"unknown",-24639.077888011932,-24633.08056497574,0.0,6.695929050445557,8.61881422996521,15.724334478378296,28.967528581619263,36.254637718200684,43.862060546875,50.796303033828735,"unknown",57.79921054840088,59.16444945335388,"unknown","","unknown","unknown","unknown","","unknown","unknown","unknown",65.70026803016663,"unknown","unknown",72.59017252922058,"",""
"2dffb9e",-22.258160829544067,"unknown",-16.84062957763672,-11.161723852157593,0.0,6.106250286102295,8.153939485549927,15.126096963882446,25.973284244537354,32.49359655380249,39.66885709762573,"unknown",46.03520846366882,52.8807852268219,55.40592932701111,"unknown","","unknown","unknown","unknown","","unknown","unknown","unknown",61.5999710559845,"unknown","unknown",68.30428075790405,"",""
"7a35b75",-6644.401240348816,"unknown",-6638.48997426033,-6632.735718727112,0.0,7.300158739089966,13.974013328552246,20.626373052597046,37.11903524398804,43.6321907043457,73.06885290145874,"unknown",79.570228099823,86.18200731277466,88.23262548446655,"unknown","","unknown","unknown","unknown","","unknown","unknown","unknown",94.39625191688538,"unknown","unknown",101.28919959068298,"",""
"3883e37","","","","","","","","","","","","","","","","","","","","","","","","","","","","","",""
"eacd6a3","","","","","","","","","","","","","","","","","","","","","","","","","","","","","",""
"d09321f","","","","","","","","","","","","","","","","","","","","","","","","","","","","","",""
"58b1c8e","","","","","","","","","","","","","","","","","","","","","","","","","","","","","",""
"bf3dfcf","","","","","","","","","","","","","","","","","","","","","","","","","","","","","",""
"80e625f","","","","","","","","","","","","","","","","","","","","","","","","","","","","","",""
"9846ca8","","","","","","","","","","","","","","","","","","","","","","","","","","","","","",""
"cc02471",-131010.15298318863,"unknown",-131003.156635046,-130995.9040722847,0.0,7.325056314468384,9.192126035690308,15.402456760406494,28.178874492645264,34.728835105895996,82.06579160690308,"unknown",89.19210600852966,95.50318765640259,98.50331354141235,"unknown","","unknown","unknown","unknown","","unknown","unknown","unknown",105.38434171676636,"unknown","unknown",111.90552997589111,"",""
"0a30844",-23282.703023672104,"unknown",-23276.459069252014,-23268.456026792526,0.0,6.32398796081543,12.127605199813843,18.36755657196045,35.83266472816467,42.16226291656494,52.03728485107422,"unknown",58.58659911155701,64.89839506149292,67.01138687133789,"unknown","","unknown","unknown","unknown","","unknown","unknown","unknown",72.46132493019104,"unknown","unknown",77.70692253112793,"",""
"43d0b63",-51421.7753534317,"unknown",-51414.818791389465,-51407.927382946014,0.0,6.063507080078125,13.627365589141846,20.508599519729614,35.55301523208618,42.652772426605225,55.463393211364746,"unknown",62.53787684440613,69.39547753334045,71.43191599845886,"unknown","","unknown","unknown","unknown","","unknown","unknown","unknown",77.93352580070496,"unknown","unknown",85.07830929756165,"",""
"addf295",-9826.899371385574,"unknown",-9821.188502550125,-9814.429359197617,0.0,6.181778907775879,11.729132413864136,17.73775887489319,71.91636943817139,79.03789687156677,109.79799842834473,116.1751058101654,"unknown",122.76430702209473,126.7591917514801,"unknown","","unknown","unknown","unknown","","unknown","unknown","unknown",132.47925472259521,"unknown","unknown",139.6890630722046,"",""
"1a8e45b",-2453.0873036384583,"unknown",-2447.0004193782806,-2439.908190727234,0.0,7.054362773895264,9.256541013717651,14.430968284606934,21.765806913375854,28.42194414138794,37.153313636779785,42.991188287734985,"unknown",49.335862159729004,52.26734399795532,"unknown","","unknown","unknown","unknown","","unknown","unknown","unknown",59.290079832077026,"unknown","unknown",65.5878586769104,"",""
"5f2a1aa","","","","","","","","","","","","","","","","","","","","","","","","","","","","","",""
"87b3434","","","","","","","","","","","","","","","","","","","","","","","","","","","","","",""
"bd305b8","","","","","","","","","","","","","","","","","","","","","","","","","","","","","",""
"4b70ed3",-4335.501725912094,"unknown",-4329.174439668655,-4323.380481958389,0.0,6.075079679489136,41.13057470321655,48.04823565483093,64.8339409828186,70.6509952545166,82.78491926193237,"unknown",88.70012855529785,94.13914012908936,95.62282466888428,"unknown","","unknown","unknown","unknown","","unknown","unknown","unknown",102.64869332313538,"unknown","unknown",108.44561719894409,"",""
"8ec15bc",-439.3510639667511,"unknown",-256.38890981674194,-75.27389478683472,0.0,68.52769160270691,76.01224970817566,116.93235874176025,202.09444046020508,210.67721700668335,229.90362167358398,"unknown",238.17216062545776,244.96552324295044,247.53715705871582,"unknown","","unknown","unknown","unknown","","unknown","unknown","unknown",253.39964032173157,"unknown","unknown",260.5457308292389,"",""
"6c8906b","","","","","","","","","","","","","","","","","","","","","","","","","","","","","",""
"dae9b13","","","","","","","","","","","","","","","","","","","","","","","","","","","","","",""
"4828266","","","","","","","","","","","","","","","","","","","","","","","","","","","","","",""
"614fc3f",-137783.86128139496,"unknown",-137776.567820549,-137771.12188458443,0.0,6.85932469367981,10.603935480117798,16.47696828842163,27.62510871887207,33.26187014579773,46.15902853012085,51.81743550300598,"unknown",57.30747103691101,60.33462333679199,"unknown","","unknown","unknown","unknown","","unknown","unknown","unknown",66.14757299423218,"unknown","unknown",72.5998649597168,"",""
"a300755","","","","","","","","","","","","","","","","","","","","","","","","","","","","","",""
"802d704","","","","","","","","","","","","","","","","","","","","","","","","","","","","","",""
"e892cd4","","","","","","","","","","","","","","","","","","","","","","","","","","","","","",""
"ac42d69",-239168.5677652359,"unknown",-239162.5170276165,-239156.07733726501,0.0,5.188200235366821,83.4875316619873,98.24063348770142,108.9424660205841,114.5515148639679,123.60222744941711,"unknown",129.4444510936737,135.29458785057068,136.63872075080872,"unknown","","unknown","unknown","unknown","","unknown","unknown","unknown",142.16445970535278,"unknown","unknown",148.71439719200134,"",""
"7bb45d3",-10255.817054510117,"unknown",-10248.626524925232,-10240.692054271698,0.0,6.798116683959961,10.858139276504517,18.104748487472534,30.833158016204834,38.01292634010315,52.903587341308594,60.02159595489502,"unknown",66.53370833396912,69.37057137489319,"unknown","","unknown","unknown","unknown","","unknown","unknown","unknown",75.37669944763184,"unknown","unknown",81.65892195701599,"",""
"7622483","","","","","","","","","","","","","","","","","","","","","","","","","","","","","",""
"730747e",-8397.255974292755,"unknown",-8390.656165599823,-8384.213465452194,0.0,5.732439756393433,9.631250858306885,15.219704151153564,24.39484143257141,30.483871698379517,36.17299747467041,"unknown",41.54057502746582,48.549845695495605,50.32865285873413,"unknown","","unknown","unknown","unknown","","unknown","unknown","unknown",56.75600242614746,"unknown","unknown",63.5207679271698,"",""
"07ff49d",-950.4794645309448,"unknown",-944.7264778614044,-938.4648880958557,0.0,5.678089618682861,8.886205673217773,15.171886920928955,22.882129192352295,28.137015104293823,43.91221237182617,"unknown",50.596468687057495,57.44774580001831,59.257060050964355,"unknown","","unknown","unknown","unknown","","unknown","unknown","unknown",66.34863495826721,"unknown","unknown",72.35322451591492,"",""
"22fdb61","","","","","","","","","","","","","","","","","","","","","","","","","","","","","",""
"db046f2","","","","","","","","","","","","","","","","","","","","","","","","","","","","","",""
"99ee852",-10553.332608699799,"unknown",-10546.601391792297,-10540.289869070053,0.0,5.599001407623291,12.203272104263306,18.98805046081543,33.98857617378235,40.02155566215515,64.74941158294678,70.15503859519958,"unknown",75.5363838672638,134.80224800109863,"unknown","","unknown","unknown","unknown","","unknown","unknown","unknown",141.06507658958435,"unknown","unknown",146.926589012146,"",""
"ad2fc5b",-2056.550602197647,"unknown",-2050.999852657318,-2044.6104357242584,0.0,6.715879440307617,12.51641297340393,19.582120656967163,32.09245324134827,39.28563594818115,69.43953919410706,75.78793025016785,"unknown",82.11391305923462,85.00444293022156,"unknown","","unknown","unknown","unknown","","unknown","unknown","unknown",90.81350827217102,"unknown","unknown",96.12613463401794,"",""
"d318264","","","","","","","","","","","","","","","","","","","","","","","","","","","","","",""
"741ef32",-649.4406855106354,"unknown",-642.7469992637634,-635.9799103736877,0.0,6.323452711105347,10.062224864959717,16.263974905014038,31.77174425125122,37.19650340080261,51.17877531051636,57.62335681915283,"unknown",63.941320180892944,65.53926348686218,"unknown","","unknown","unknown","unknown","","unknown","unknown","unknown",71.54006457328796,"unknown","unknown",78.5016610622406,"",""
"b75259d","","","","","","","","","","","","","","","","","","","","","","","","","","","","","",""
"b67425b","","","","","","","","","","","","","","","","","","","","","","","","","","","","","",""
"446ad6c",-14523.391398191452,"unknown",-14516.691704034805,-14510.693491220474,0.0,6.387494802474976,67.43767833709717,73.40251564979553,94.86765384674072,101.54247570037842,240.16152691841125,"unknown",246.0490562915802,252.81367421150208,256.17610359191895,"unknown","","unknown","unknown","unknown","","unknown","unknown","unknown",263.07939171791077,"unknown","unknown",269.3457977771759,"",""
"70405ea","","","","","","","","","","","","","","","","","","","","","","","","","","","","","",""
"1117a63",-16260.03875541687,"unknown",-16254.100959062576,-16248.353823661804,0.0,6.4500181674957275,12.663710355758667,20.465351104736328,37.14820981025696,43.813119888305664,50.68922662734985,"unknown",56.85407018661499,63.89676213264465,65.62538528442383,"unknown","","unknown","unknown","unknown","","unknown","unknown","unknown",71.26328158378601,"unknown","unknown",77.31819868087769,"",""
"537189f","","","","","","","","","","","","","","","","","","","","","","","","","","","","","",""
"17b5a6e","","","","","","","","","","","","","","","","","","","","","","","","","","","","","",""
"d3e37eb",-68347.86938428879,"unknown",-68341.28711915016,-68335.09010624886,0.0,9.241117715835571,25.2120144367218,41.60003590583801,73.72831797599792,87.50260210037231,122.78146839141846,"unknown",137.52753710746765,150.95985078811646,165.60432124137878,"unknown","","unknown","unknown","unknown","","unknown","unknown","unknown",176.73797249794006,"unknown","unknown",188.02377319335938,"",""
"2ee7f92",-2616.1198654174805,"unknown",-2609.365613937378,-2602.612293243408,0.0,5.6004486083984375,12.250931978225708,18.868985652923584,30.390121698379517,36.793253660202026,60.05881309509277,65.33151412010193,"unknown",71.18347382545471,74.5673897266388,"unknown","","unknown","unknown","unknown","","unknown","unknown","unknown",80.93362760543823,"unknown","unknown",87.59600949287415,"",""
"89d63ed",-14144.11123585701,"unknown",-14137.45860171318,-14131.281457662582,0.0,6.408933639526367,548.1126568317413,554.3331353664398,575.0107934474945,581.2047142982483,588.4797937870026,594.1949031352997,"unknown",600.6933925151825,603.3573327064514,"unknown","","unknown","unknown","unknown","","unknown","unknown","unknown",609.7576446533203,"unknown","unknown",616.098307132721,"",""
"c0a644e",-966.9953510761261,"unknown",-960.1005766391754,-953.9416840076447,0.0,5.841398000717163,9.260186910629272,15.81217098236084,94.24249172210693,101.00508737564087,124.4285945892334,"unknown",130.13546705245972,136.70244812965393,163.5878324508667,"unknown","","unknown","unknown","unknown","","unknown","unknown","unknown",170.8293650150299,"unknown","unknown",177.68048667907715,"",""
"80f558b",-384082.8897423744,"unknown",-384075.699801445,-384070.39157271385,0.0,6.838540554046631,16.30162787437439,21.98994255065918,39.04643511772156,45.24516749382019,77.38118052482605,83.63704299926758,"unknown",89.27364253997803,92.46965909004211,"unknown","","unknown","unknown","unknown","","unknown","unknown","unknown",98.19383430480957,"unknown","unknown",104.62805557250977,"",""
"87e4f18",-9771.565949678421,"unknown",-9764.79121351242,-9759.459110736847,0.0,6.623105764389038,11.19215202331543,17.826985359191895,39.43383979797363,46.644103050231934,60.769355058670044,66.33479189872742,"unknown",72.85155630111694,74.71047353744507,"unknown","","unknown","unknown","unknown","","unknown","unknown","unknown",80.27676248550415,"unknown","unknown",85.93267560005188,"",""
"0186834",-66856.78407502174,"unknown",-66849.51610326767,-66843.1794257164,0.0,7.066597938537598,10.460105419158936,16.81595778465271,27.54856514930725,33.913092851638794,48.7331063747406,"unknown",55.33972144126892,60.70844626426697,63.32948684692383,"unknown","","unknown","unknown","unknown","","unknown","unknown","unknown",69.24457550048828,"unknown","unknown",74.51347088813782,"",""
"0355f6d",-78903.9293050766,"unknown",-78896.79045152664,-78891.5037317276,0.0,5.650745153427124,11.123411178588867,18.136025428771973,31.5042142868042,36.78114151954651,55.75820255279541,62.38334321975708,"unknown",67.96091270446777,69.9131371974945,"unknown","","unknown","unknown","unknown","","unknown","unknown","unknown",75.25185179710388,"unknown","unknown",82.04893565177917,"",""
"fa6a8b8","","","","","","","","","","","","","","","","","","","","","","","","","","","","","",""
"145d339",-4335.216010570526,"unknown",-4329.625447511673,-4322.598711013794,0.0,6.412668228149414,8.059978246688843,14.174047708511353,37.824750900268555,44.28299903869629,49.79221296310425,"unknown",56.690298557281494,62.427472829818726,66.26597595214844,"unknown","","unknown","unknown","unknown","","unknown","unknown","unknown",72.41828060150146,"unknown","unknown",78.26615500450134,"",""
"e96f42c","","","","","","","","","","","","","","","","","","","","","","","","","","","","","",""
"f382ec0","","","","","","","","","","","","","","","","","","","","","","","","","","","","","",""
"962a7dd",-153.18501448631287,"unknown",-147.0151069164276,-139.83779621124268,0.0,5.927159309387207,11.679866313934326,17.68669843673706,28.53508234024048,34.358277797698975,58.01020121574402,"unknown",65.20594263076782,72.28825449943542,77.81886005401611,"unknown","","unknown","unknown","unknown","","unknown","unknown","unknown",84.93534398078918,"unknown","unknown",91.93221282958984,"",""
"5c97513","","","","","","","","","","","","","","","","","","","","","","","","","","","","","",""
"acc6118",-25059.699026346207,"unknown",-25053.32609796524,-25045.36108803749,0.0,5.449559926986694,11.7238609790802,17.41719102859497,28.080677032470703,34.714237451553345,42.549338817596436,"unknown",49.68800330162048,55.83394169807434,57.800318479537964,"unknown","","unknown","unknown","unknown","","unknown","unknown","unknown",64.73783850669861,"unknown","unknown",71.27289342880249,"",""
"d33371d",-438510.04304623604,"unknown",-438502.87780737877,-438496.37715029716,0.0,5.8498547077178955,11.673706531524658,17.057183027267456,79.78276824951172,86.29084634780884,146.56410217285156,153.0394332408905,"unknown",158.52719855308533,181.07690119743347,187.52733397483826,197.92713451385498,"unknown",204.01197957992554,209.71744561195374,212.2929503917694,"unknown","unknown","unknown","unknown",219.5493643283844,"unknown",225.35594940185547,"",""
"5d45bd1","","","","","","","","","","","","","","","","","","","","","","","","","","","","","",""
"cfcbc2d","","","","","","","","","","","","","","","","","","","","","","","","","","","","","",""
"98ecb86",-49.200695276260376,"unknown",-43.73955774307251,-36.87927269935608,0.0,6.98600172996521,10.491827011108398,16.696492433547974,28.592975616455078,35.999802589416504,43.89904761314392,49.301270723342896,"unknown",55.7915940284729,58.46443271636963,"unknown","","unknown","unknown","unknown","","unknown","unknown","unknown",64.14128804206848,"unknown","unknown",69.3898937702179,"",""
"7636563",-18.58915662765503,"unknown",-13.148825645446777,-7.4587016105651855,0.0,7.101642370223999,10.049197673797607,15.8717679977417,24.452633380889893,30.307996034622192,72.8840274810791,78.59033012390137,"unknown",85.49641346931458,88.21403932571411,"unknown","","unknown","unknown","unknown","","unknown","unknown","unknown",93.8700840473175,"unknown","unknown",100.34220027923584,"",""
"5d2b358",-61.97934937477112,"unknown",-56.02806854248047,-50.40863013267517,0.0,6.034775257110596,13.688175916671753,19.390790462493896,35.36347055435181,42.4569251537323,55.913944721221924,61.8645703792572,"unknown",68.78173089027405,71.09693145751953,"unknown","","unknown","unknown","unknown","","unknown","unknown","unknown",78.21658062934875,"unknown","unknown",83.72740292549133,"",""
"5d9ae0c","","","","","","","","","","","","","","","","","","","","","","","","","","","","","",""
"73d4e20","","","","","","","","","","","","","","","","","","","","","","","","","","","","","",""
"be94a32","","","","","","","","","","","","","","","","","","","","","","","","","","","","","",""
"9f972fb","","","","","","","","","","","","","","","","","","","","","","","","","","","","","",""
"6e93efd",-539.4967215061188,"unknown",-533.7877178192139,-526.9676966667175,0.0,6.291889905929565,9.563600301742554,15.500065803527832,17.30702304840088,24.4016010761261,31.373310089111328,37.36426639556885,"unknown",44.16502141952515,48.361411571502686,"unknown","","unknown","unknown","unknown","","unknown","unknown","unknown",54.96858239173889,"unknown","unknown",61.588154315948486,"",""
"5a4afae","","","","","","","","","","","","","","","","","","","","","","","","","","","","","",""
"c34e373","","","","","","","","","","","","","","","","","","","","","","","","","","","","","",""
"6bac72b",-1071.0650577545166,"unknown",-1065.6843976974487,-1058.9585070610046,0.0,5.624855995178223,10.242802143096924,16.782564163208008,30.659589767456055,37.64372730255127,49.88378858566284,"unknown",56.41472840309143,62.74927306175232,64.87185525894165,"unknown","","unknown","unknown","unknown","","unknown","unknown","unknown",71.92088079452515,"unknown","unknown",77.86575317382812,"",""
"c9285e4",-2855.5627393722534,"unknown",-2850.3348174095154,-2843.65336227417,0.0,6.6904425621032715,768.3597552776337,774.7158153057098,785.6634089946747,791.1375231742859,798.273600101471,804.2349870204926,"unknown",810.9881920814514,813.1713833808899,"unknown","","unknown","unknown","unknown","","unknown","unknown","unknown",819.3139855861664,"unknown","unknown",825.562629699707,"",""
"bd4b2f4",-3181.966449022293,"unknown",-3174.853460073471,-3168.763486146927,0.0,6.490931510925293,9.791311264038086,16.47837543487549,36.87588119506836,43.14928889274597,48.5435676574707,"unknown",55.06243634223938,61.50702929496765,63.25029540061951,"unknown","","unknown","unknown","unknown","","unknown","unknown","unknown",69.25756764411926,"unknown","unknown",74.60449385643005,"",""
"bd650e8","","","","","","","","","","","","","","","","","","","","","","","","","","","","","",""
"b81bc6e","","","","","","","","","","","","","","","","","","","","","","","","","","","","","",""
"0ff20c2",-28150.741719722748,"unknown",-28144.33690738678,-28138.80198574066,0.0,5.860709190368652,11.212578535079956,17.103044748306274,59.16783356666565,64.8798406124115,110.44030380249023,117.27505397796631,"unknown",123.2887978553772,125.56029081344604,"unknown","","unknown","unknown","unknown","","unknown","unknown","unknown",131.25593256950378,"unknown","unknown",137.79704880714417,"",""
"b0e3caa","","","","","","","","","","","","","","","","","","","","","","","","","","","","","",""
"45f7f6c",-18878.465149879456,"unknown",-18871.344327926636,-18865.39759206772,0.0,7.333798408508301,96.5159683227539,102.83490753173828,129.68567562103271,136.36176919937134,145.29789972305298,"unknown",151.27940607070923,157.19766068458557,810.1328880786896,"unknown","","unknown","unknown","unknown","","unknown","unknown","unknown",816.3347535133362,"unknown","unknown",822.2249519824982,"",""
"1df700a","","","","","","","","","","","","","","","","","","","","","","","","","","","","","",""
"d3a396c",-496.73418736457825,"unknown",-490.25502586364746,-483.0249652862549,0.0,7.229478120803833,8.620505571365356,15.312796592712402,22.570387363433838,28.1041841506958,55.780858278274536,"unknown",61.39926481246948,67.7534966468811,71.31498146057129,"unknown","","unknown","unknown","unknown","","unknown","unknown","unknown",78.02114367485046,"unknown","unknown",83.40083503723145,"",""
"79b129c",-26515.91706109047,"unknown",-26510.51223373413,-26503.86164999008,0.0,6.0307817459106445,9.225670576095581,16.157974004745483,38.53862953186035,44.91260123252869,90.06559586524963,"unknown",97.10699248313904,108.1520619392395,111.1401150226593,"unknown","","unknown","unknown","unknown","","unknown","unknown","unknown",116.95843839645386,"unknown","unknown",122.4607584476471,"",""
"d85b5c4",-85397.18887400627,"unknown",-85390.23347473145,-85384.87332415581,0.0,6.138333082199097,8.322320699691772,15.55247712135315,27.40730929374695,33.526482820510864,42.38569116592407,"unknown",50.03272819519043,56.95791053771973,59.26255202293396,"unknown","","unknown","unknown","unknown","","unknown","unknown","unknown",66.80217981338501,"unknown","unknown",74.00607991218567,"",""
"43b56f8","","","","","","","","","","","","","","","","","","","","","","","","","","","","","",""
"3ecbabb","","","","","","","","","","","","","","","","","","","","","","","","","","","","","",""
"c9c92b5",-118645.96024155617,"unknown",-118639.15391278267,-118633.70036578178,0.0,5.898686647415161,15.270758152008057,21.011443614959717,34.27734565734863,42.632266998291016,64.56301283836365,70.83817672729492,"unknown",77.61268973350525,79.38248109817505,"unknown","","unknown","unknown","unknown","","unknown","unknown","unknown",86.39808678627014,"unknown","unknown",91.93736624717712,"",""
"f9b9236",-25018.56726527214,"unknown",-25011.803306102753,-25005.05349111557,0.0,5.443670988082886,28.221699237823486,33.71392369270325,36.83303880691528,42.10201573371887,93.63262915611267,99.87221360206604,"unknown",105.20547723770142,113.59008693695068,"unknown","","unknown","unknown","unknown","","unknown","unknown","unknown",120.51461791992188,"unknown","unknown",126.63038158416748,"",""
"4a0236d","","","","","","","","","","","","","","","","","","","","","","","","","","","","","",""
"b7a265d",-21.739311456680298,"unknown",-16.14954686164856,-10.602621793746948,0.0,7.20951771736145,14.400272607803345,20.422436714172363,34.07669377326965,39.640562534332275,55.29405331611633,"unknown",61.44980049133301,67.1612241268158,69.72852778434753,"unknown","","unknown","unknown","unknown","","unknown","unknown","unknown",75.4436457157135,"unknown","unknown",81.123366355896,"",""
"912afde","","","","","","","","","","","","","","","","","","","","","","","","","","","","","",""
"c97639e",-7241.8413298130035,"unknown",-7234.807054281235,-7227.5100219249725,0.0,5.512164831161499,7.139386892318726,12.697038888931274,29.96357560157776,36.845829486846924,56.1974823474884,"unknown",61.598626136779785,67.68939733505249,69.7157039642334,"unknown","","unknown","unknown","unknown","","unknown","unknown","unknown",76.36193990707397,"unknown","unknown",83.6398675441742,"",""
"af72486",-102766.03351640701,"unknown",-102759.20647954941,-102752.09307026863,0.0,7.084632635116577,14.36866044998169,21.495403289794922,34.93397521972656,41.00604319572449,46.17482233047485,"unknown",52.658178091049194,59.65711045265198,61.68144607543945,"unknown","","unknown","unknown","unknown","","unknown","unknown","unknown",66.9886109828949,"unknown","unknown",73.89507985115051,"",""
"e2517d9","","","","","","","","","","","","","","","","","","","","","","","","","","","","","",""
"1e88a68",-128660.42779183388,"unknown",-128655.19117617607,-128648.29375481606,0.0,7.093236446380615,12.880784749984741,19.39840340614319,36.115347385406494,42.47136163711548,66.15319633483887,"unknown",73.41482830047607,80.22971367835999,83.6075234413147,"unknown","","unknown","unknown","unknown","","unknown","unknown","unknown",90.37385320663452,"unknown","unknown",96.48138475418091,"",""
"9d97673","","","","","","","","","","","","","","","","","","","","","","","","","","","","","",""
"aa07d95",-14325.02799296379,"unknown",-14317.719039916992,-14310.420501470566,0.0,5.958648204803467,15.035914897918701,21.638232469558716,78.66743159294128,84.80913758277893,97.61026692390442,"unknown",105.9844422340393,111.65234732627869,115.39753866195679,121.67609143257141,129.30577111244202,136.00331163406372,"unknown",143.1335163116455,170.53855085372925,"unknown","unknown","unknown","unknown",177.42022514343262,"unknown",184.27229166030884,"",""
"d27b032","","","","","","","","","","","","","","","","","","","","","","","","","","","","","",""
"38c4951","","","","","","","","","","","","","","","","","","","","","","","","","","","","","",""
"13dba9e","","","","","","","","","","","","","","","","","","","","","","","","","","","","","",""
"e6d310e",-10874.821581840515,"unknown",-10867.834978580475,-10862.225187778473,0.0,5.3622047901153564,14.18002700805664,20.35743761062622,36.82231307029724,42.30119490623474,73.20780277252197,"unknown",79.32185244560242,84.87823390960693,87.21746873855591,"unknown","","unknown","unknown","unknown","","unknown","unknown","unknown",93.64392018318176,"unknown","unknown",99.54916095733643,"",""
"8c74aa5",-6018.088821172714,"unknown",-6010.788503646851,-6004.592133522034,0.0,7.1771790981292725,11.791349649429321,17.156277418136597,33.3235547542572,40.25159478187561,45.55434274673462,51.512171506881714,"unknown",58.72885870933533,60.70500922203064,"unknown","","unknown","unknown","unknown","","unknown","unknown","unknown",67.82550549507141,"unknown","unknown",73.00901818275452,"",""
"679fa36","","","","","","","","","","","","","","","","","","","","","","","","","","","","","",""
"b164bf7","","","","","","","","","","","","","","","","","","","","","","","","","","","","","",""
"7e62763","","","","","","","","","","","","","","","","","","","","","","","","","","","","","",""
"c7a7d85",-3338.030114173889,"unknown",-3331.372695684433,-3324.6968989372253,0.0,6.506055116653442,33.66354703903198,40.19229340553284,7133.7962028980255,7140.781247854233,7151.973593473434,"unknown",7158.218296051025,7163.791388988495,7176.420124053955,"unknown","","unknown","unknown","unknown","","unknown","unknown","unknown",7182.092668771744,"unknown","unknown",7188.616330385208,"",""
"3b7f267","","","","","","","","","","","","","","","","","","","","","","","","","","","","","",""
"fa1efad","","","","","","","","","","","","","","","","","","","","","","","","","","","","","",""
"ae58bf1",-162591.83990311623,"unknown",-162584.93834233284,-162577.95815873146,0.0,7.019403457641602,26.52564525604248,31.92712903022766,45.24143719673157,51.951964378356934,72.7318947315216,"unknown",79.67178606987,86.33484077453613,89.01080083847046,"unknown","","unknown","unknown","unknown","","unknown","unknown","unknown",95.40133833885193,"unknown","unknown",101.6430594921112,"",""
"492238f","","","","","","","","","","","","","","","","","","","","","","","","","","","","","",""
"43c977d",-83945.68898463249,"unknown",-83938.46878957748,-83932.10826206207,0.0,7.049461126327515,43.1743905544281,50.25820589065552,102.83474850654602,108.29357743263245,125.80080080032349,131.7217936515808,"unknown",137.20433831214905,140.50891542434692,"unknown","","unknown","unknown","unknown","","unknown","unknown","unknown",147.26338028907776,"unknown","unknown",154.40476536750793,"",""
"4eff6be","","","","","","","","","","","","","","","","","","","","","","","","","","","","","",""
"e1b193b",-1646.14080286026,"unknown",-1640.9338388442993,-1634.1309287548065,0.0,6.335134744644165,9.795947551727295,15.78559160232544,18.954829216003418,24.560465335845947,44.15537071228027,50.19917607307434,"unknown",57.26338458061218,72.19814777374268,"unknown","","unknown","unknown","unknown","","unknown","unknown","unknown",79.04807877540588,"unknown","unknown",84.7771360874176,"",""
"1415cd3","","","","","","","","","","","","","","","","","","","","","","","","","","","","","",""
"2953e33",-12080596.369467258,"unknown",-12080589.657383442,-12080583.42851448,0.0,5.635497093200684,9.087228298187256,14.458104848861694,16.699823141098022,23.78215265274048,41.189725399017334,"unknown",47.31900334358215,53.63735747337341,55.427244901657104,"unknown","","unknown","unknown","unknown","","unknown","unknown","unknown",61.78169298171997,"unknown","unknown",68.08261346817017,"",-433670.0978484154
"a540012","","","","","","","","","","","","","","","","","","","","","","","","","","","","","",""
"dd88e0f","","","","","","","","","","","","","","","","","","","","","","","","","","","","","",""
"d135983","","","","","","","","","","","","","","","","","","","","","","","","","","","","","",""
"814517e",-10907.273413181305,"unknown",-10901.859150409698,-10896.138266801834,0.0,6.0491743087768555,28.029781341552734,33.99602150917053,52.358330965042114,59.42303800582886,109.193039894104,"unknown",114.91981244087219,121.28200364112854,123.96726512908936,"unknown","","unknown","unknown","unknown","","unknown","unknown","unknown",131.28201007843018,"unknown","unknown",136.9879913330078,"",""
"53deb5c",-80642.75841927528,"unknown",-80636.37133479118,-80630.65442752838,0.0,6.186452865600586,17.41769313812256,23.931193590164185,40.910353660583496,47.8206250667572,66.81171035766602,72.6756329536438,"unknown",79.77036595344543,189.55515575408936,"unknown","","unknown","unknown","unknown","","unknown","unknown","unknown",196.84234499931335,"unknown","unknown",202.57050466537476,"",""
"e4cf342","","","","","","","","","","","","","","","","","","","","","","","","","","","","","",""
"c1a9909","","","","","","","","","","","","","","","","","","","","","","","","","","","","","",""
"844ab34","","","","","","","","","","","","","","","","","","","","","","","","","","","","","",""
"fc2538d",-2067.091075181961,"unknown",-2061.386090040207,-2054.942117214203,0.0,6.132769823074341,23.649836778640747,30.093895196914673,38.36966109275818,44.094521284103394,66.86568188667297,73.92643165588379,"unknown",79.48721361160278,81.1747076511383,"unknown","","unknown","unknown","unknown","","unknown","unknown","unknown",87.69248270988464,"unknown","unknown",93.60931015014648,"",""
"4c228f6",-449.1772677898407,"unknown",-443.48787927627563,-436.98393177986145,0.0,6.825112342834473,52.879388093948364,58.875584840774536,158.85378503799438,165.64497876167297,277.96890211105347,"unknown",285.109188079834,291.22756600379944,373.4776074886322,"unknown","","unknown","unknown","unknown","","unknown","unknown","unknown",379.39427518844604,"unknown","unknown",385.48932933807373,"",""
"747ce5f","","","","","","","","","","","","","","","","","","","","","","","","","","","","","",""
"6ab42f2",-389.730899810791,"unknown",-382.47914457321167,-375.3152754306793,0.0,7.110170125961304,8.899741888046265,15.577688455581665,17.670114278793335,24.365513801574707,65.25178933143616,"unknown",71.18257451057434,77.75913000106812,79.66034650802612,"unknown","","unknown","unknown","unknown","","unknown","unknown","unknown",85.73247838020325,"unknown","unknown",92.82771372795105,"",""
"41f2447",-225467.7822113037,"unknown",-225461.838555336,-225454.78369545937,0.0,7.039910554885864,10.872475147247314,16.82025146484375,31.591386079788208,38.411579847335815,50.838927030563354,"unknown",56.374683141708374,61.705479860305786,64.3135678768158,"unknown","","unknown","unknown","unknown","","unknown","unknown","unknown",70.94821357727051,"unknown","unknown",77.77244997024536,"",""
"5bf619a",-184662.59534835815,"unknown",-184657.3079471588,-184652.1247804165,0.0,5.513903379440308,12.954173564910889,18.941160202026367,34.849127769470215,40.28375434875488,56.359140396118164,"unknown",61.86503744125366,67.36011028289795,75.34176230430603,"unknown","","unknown","unknown","unknown","","unknown","unknown","unknown",81.19784879684448,"unknown","unknown",86.62965154647827,"",""
"a123713","","","","","","","","","","","","","","","","","","","","","","","","","","","","","",""
"4997357","","","","","","","","","","","","","","","","","","","","","","","","","","","","","",""
"5455b1d","","","","","","","","","","","","","","","","","","","","","","","","","","","","","",""
"f52861b","","","","","","","","","","","","","","","","","","","","","","","","","","","","","",""
"466a0ab","","","","","","","","","","","","","","","","","","","","","","","","","","","","","",""
"399b994","","","","","","","","","","","","","","","","","","","","","","","","","","","","","",""
"6568ea1",-4125.780333518982,"unknown",-4118.9949197769165,-4113.1628677845,0.0,5.844107389450073,13.02898383140564,18.81543803215027,39.650646448135376,46.786054849624634,74.96945381164551,"unknown",80.86940741539001,88.02007460594177,90.04074192047119,"unknown","","unknown","unknown","unknown","","unknown","unknown","unknown",96.2308132648468,"unknown","unknown",103.0041937828064,"",""
"a839247",-2150.9202840328217,"unknown",-2144.722622156143,-2137.8859424591064,0.0,7.114850759506226,169309.86077022552,169315.73591017723,169329.7628955841,169335.60262727737,169352.66884374619,169358.25035357475,"unknown",169365.07919812202,169367.40353035927,"unknown","","unknown","unknown","unknown","","unknown","unknown","unknown",169372.89258646965,"unknown","unknown",169378.9889652729,"",""
"5d6ad7f",-41021.978125572205,"unknown",-41015.873092889786,-41009.39039826393,0.0,5.655772924423218,8.92521595954895,14.859125852584839,36.68312954902649,43.63177180290222,68.3320984840393,74.71856594085693,"unknown",81.72704935073853,88.28782796859741,"unknown","","unknown","unknown","unknown","","unknown","unknown","unknown",93.55138087272644,"unknown","unknown",99.03956818580627,"",""
"528d0fe","","","","","","","","","","","","","","","","","","","","","","","","","","","","","",""
"900150c",-14151.552314519882,"unknown",-14145.89945602417,-14140.434803009033,0.0,6.079988241195679,10.900873184204102,17.046024799346924,38.81323432922363,45.16980528831482,60.38070344924927,"unknown",67.04288983345032,72.41438508033752,74.21485495567322,"unknown","","unknown","unknown","unknown","","unknown","unknown","unknown",80.9651186466217,"unknown","unknown",87.00851464271545,"",""
"924de30","","","","","","","","","","","","","","","","","","","","","","","","","","","","","",""
"d925650",-1727212.6048834324,"unknown",-1727206.696838379,-1727199.5143961906,0.0,6.035102605819702,12.703858137130737,20.0548095703125,37.934731006622314,44.179325580596924,56.98620057106018,"unknown",62.91787242889404,68.52607560157776,70.6793270111084,"unknown","","unknown","unknown","unknown","","unknown","unknown","unknown",77.89585971832275,"unknown","unknown",84.98390603065491,"",""
"37798a6","","","","","","","","","","","","","","","","","","","","","","","","","","","","","",""
"ff10184",-223224.39727950096,"unknown",-223218.47300744057,-223211.22109103203,0.0,6.549704551696777,17.840535879135132,24.191633939743042,41.85803771018982,47.947596073150635,553.5644381046295,"unknown",560.4300434589386,566.0278339385986,571.6660633087158,"unknown","","unknown","unknown","unknown","","unknown","unknown","unknown",577.2690305709839,"unknown","unknown",583.9925918579102,"",""
"cde7968",-206658.11032176018,"unknown",-206651.02327680588,-206644.42384028435,0.0,5.926666498184204,13.508676767349243,20.2522451877594,41.160054206848145,47.10892581939697,69.83884334564209,75.13291573524475,"unknown",81.74527430534363,83.77282381057739,90.16655826568604,105.62724733352661,"unknown",112.63425254821777,119.35577297210693,122.6364586353302,"unknown","unknown","unknown","unknown",128.3998100757599,"unknown",134.86087322235107,"",""
"52d61f6",-1464.534593820572,"unknown",-1457.6326835155487,-1452.2461173534393,0.0,6.086688280105591,9.234859943389893,15.164543390274048,27.61487126350403,34.22313094139099,45.049121379852295,50.316991567611694,"unknown",56.16075539588928,57.73955178260803,"unknown","","unknown","unknown","unknown","","unknown","unknown","unknown",63.46762728691101,"unknown","unknown",69.96526384353638,"",""
"34d8485",-2350.223020553589,"unknown",-2343.3635280132294,-2338.024510860443,0.0,7.102417469024658,14.852556943893433,21.968189239501953,67.0419704914093,72.44717454910278,92.22885274887085,98.6812698841095,"unknown",105.62421751022339,108.53577089309692,"unknown","","unknown","unknown","unknown","","unknown","unknown","unknown",114.37265110015869,"unknown","unknown",120.9466540813446,"",""
"693ef79",-1576.9568803310394,"unknown",-1571.3232593536377,-1564.7599275112152,0.0,5.15708589553833,63.31620526313782,70.03644323348999,84.95884585380554,91.90469908714294,166.70532250404358,"unknown",173.63702535629272,179.83263301849365,181.5512731075287,187.12418007850647,202.25889611244202,"unknown",207.65036416053772,214.72538828849792,216.5973994731903,"unknown","unknown","unknown","unknown",222.83590292930603,"unknown",228.88822674751282,"",""
"0d5233e","","","","","","","","","","","","","","","","","","","","","","","","","","","","","",""
"f0a4194",-11425.600393772125,"unknown",-11419.04905128479,-11413.725798845291,0.0,5.613863229751587,8.079381942749023,14.889067649841309,16.12184190750122,22.27324342727661,44.14571762084961,50.92670226097107,"unknown",56.71795439720154,59.42930889129639,"unknown","","unknown","unknown","unknown","","unknown","unknown","unknown",65.00473666191101,"unknown","unknown",72.15446329116821,"",""
"11e5d50",-373.13914608955383,"unknown",-366.54350781440735,-361.1934177875519,0.0,15.011177778244019,17.158613204956055,22.574151515960693,30.428844928741455,35.99225068092346,43.540549516677856,50.57557439804077,"unknown",57.319500207901,59.43643569946289,"unknown","","unknown","unknown","unknown","","unknown","unknown","unknown",66.62219643592834,"unknown","unknown",72.14422416687012,"",""
"047f2ca",-27.658456325531006,"unknown",-21.90352177619934,-15.102124691009521,0.0,5.93712043762207,45.074379682540894,52.18226075172424,73.03914976119995,79.23921012878418,87.68557119369507,92.99685955047607,"unknown",98.82573580741882,2763.5161089897156,"unknown","","unknown","unknown","unknown","","unknown","unknown","unknown",2769.2806856632233,"unknown","unknown",2775.648547887802,"",""
"02b634c","","","","","","","","","","","","","","","","","","","","","","","","","","","","","",""
"0f91d63",-23596.353161096573,"unknown",-23590.015585184097,-23583.78155350685,0.0,6.756811141967773,9.124928712844849,15.03115463256836,30.421083450317383,37.56203818321228,47.04354500770569,53.8935444355011,"unknown",60.509870290756226,62.655553102493286,"unknown","","unknown","unknown","unknown","","unknown","unknown","unknown",69.28516960144043,"unknown","unknown",75.79080438613892,"",""
"87e086c","","","","","","","","","","","","","","","","","","","","","","","","","","","","","",""
"ece9ce7","","","","","","","","","","","","","","","","","","","","","","","","","","","","","",""
"a975113","","","","","","","","","","","","","","","","","","","","","","","","","","","","","",""
"59c79dc",-22558.691199302673,"unknown",-22551.73978281021,-22545.280775785446,0.0,6.5794243812561035,30.130655527114868,36.95665168762207,61.18549108505249,68.8065276145935,84.75764155387878,91.70063900947571,"unknown",97.81825613975525,114.21813559532166,"unknown","","unknown","unknown","unknown","","unknown","unknown","unknown",119.67767095565796,"unknown","unknown",125.96605706214905,"",""
"dee5269",-65.67778706550598,"unknown",-59.11568069458008,-52.7041175365448,0.0,7.164940595626831,10.170999765396118,15.862409114837646,31.905288457870483,37.763434171676636,55.028491258621216,61.25660586357117,"unknown",68.04072666168213,72.0085780620575,"unknown","","unknown","unknown","unknown","","unknown","unknown","unknown",78.83177542686462,"unknown","unknown",84.99345660209656,"",""
"844fef2",-56514.72387576103,"unknown",-56508.37006878853,-56501.557819366455,0.0,6.551775693893433,18.080631256103516,23.798540353775024,43.734153747558594,49.295076847076416,63.0829701423645,"unknown",69.91819548606873,77.44223928451538,79.97764134407043,"unknown","","unknown","unknown","unknown","","unknown","unknown","unknown",86.19107842445374,"unknown","unknown",91.76771688461304,"",""
"ef7d623","","","","","","","","","","","","","","","","","","","","","","","","","","","","","",""
"a54cf83","","","","","","","","","","","","","","","","","","","","","","","","","","","","","",""
"e98cdcd",-19660.394059419632,"unknown",-19653.27662920952,-19647.17144560814,0.0,6.433042764663696,15.22944450378418,21.756029844284058,39.3669650554657,45.51089859008789,107.11699795722961,112.9139084815979,"unknown",118.42064452171326,122.02452945709229,"unknown","","unknown","unknown","unknown","","unknown","unknown","unknown",128.2053906917572,"unknown","unknown",133.62751936912537,"",""
"a3ff1ab",-16340.05417895317,"unknown",-16332.745421886444,-16325.328546524048,0.0,6.9522035121917725,32627.87319779396,32634.86313867569,32637.573450803757,32643.867500305176,32684.30826973915,"unknown",32691.388750314713,32697.391587018967,32702.265860557556,"unknown","","unknown","unknown","unknown","","unknown","unknown","unknown",32708.78221654892,"unknown","unknown",32715.77365899086,"",""
"33bcee6",-60020.504668951035,"unknown",-60014.15762090683,-60008.26973462105,0.0,5.963484048843384,8.967278003692627,14.553658962249756,25.99447536468506,33.201977252960205,40.38397026062012,"unknown",47.06921362876892,53.23719668388367,55.11043691635132,"unknown","","unknown","unknown","unknown","","unknown","unknown","unknown",62.18386721611023,"unknown","unknown",68.02704930305481,"",""
"c494a29",-4875.337252378464,"unknown",-4869.724591016769,-4863.430471658707,0.0,6.0000526905059814,7.865460157394409,15.007431983947754,16.661943197250366,22.71301031112671,35.12330341339111,41.59977626800537,"unknown",48.23472213745117,50.329256772994995,"unknown","","unknown","unknown","unknown","","unknown","unknown","unknown",55.720977544784546,"unknown","unknown",62.74957275390625,"",""
"aa68b7a","","","","","","","","","","","","","","","","","","","","","","","","","","","","","",""
"92db041","","","","","","","","","","","","","","","","","","","","","","","","","","","","","",""
"b921637","","","","","","","","","","","","","","","","","","","","","","","","","","","","","",""
"0fa3c49","","","","","","","","","","","","","","","","","","","","","","","","","","","","","",""
"cb28371","","","","","","","","","","","","","","","","","","","","","","","","","","","","","",""
"a664235","","","","","","","","","","","","","","","","","","","","","","","","","","","","","",""
"81f41fd",-20.688305616378784,"unknown",-15.085533857345581,-9.442482471466064,0.0,5.368263244628906,8.720584154129028,13.927943468093872,23.009945392608643,29.321460008621216,36.15283417701721,"unknown",42.2186381816864,47.496663093566895,49.687138080596924,"unknown","","unknown","unknown","unknown","","unknown","unknown","unknown",56.45267653465271,"unknown","unknown",61.84634518623352,"",""
"f38953f","","","","","","","","","","","","","","","","","","","","","","","","","","","","","",""
"6801018",-5852.617438793182,"unknown",-5845.78994846344,-5840.342533349991,0.0,5.488327741622925,7.309313774108887,13.22536301612854,21.71911120414734,27.182416439056396,110.80928897857666,116.40934944152832,"unknown",122.3183970451355,124.39626455307007,"unknown","","unknown","unknown","unknown","","unknown","unknown","unknown",130.63806772232056,"unknown","unknown",136.61272644996643,"",""
"ac3a94c",-373534.1859793663,"unknown",-373527.6610724926,-373521.6476249695,0.0,6.864984512329102,12.239894151687622,17.689440488815308,36.47303819656372,42.406731605529785,77.74137783050537,"unknown",84.0700170993805,91.27674460411072,97.11690831184387,"unknown","","unknown","unknown","unknown","","unknown","unknown","unknown",103.68234038352966,"unknown","unknown",110.0614070892334,"",""
"eccfff0","","","","","","","","","","","","","","","","","","","","","","","","","","","","","",""
"49f21e0","","","","","","","","","","","","","","","","","","","","","","","","","","","","","",""
"02ed09a","","","","","","","","","","","","","","","","","","","","","","","","","","","","","",""
"37b9a9f",-2299.826097011566,"unknown",-2292.9248955249786,-2287.422018766403,0.0,5.358997583389282,172.84793257713318,180.0397002696991,197.20394611358643,202.73630690574646,209.25643134117126,214.93348789215088,"unknown",222.22701334953308,224.70027494430542,"unknown","","unknown","unknown","unknown","","unknown","unknown","unknown",230.12199234962463,"unknown","unknown",237.0209662914276,"",""
"3c0c7c1","","","","","","","","","","","","","","","","","","","","","","","","","","","","","",""
"89f6d9e",-1453.5323271751404,"unknown",-1447.0213186740875,-1440.1339378356934,0.0,6.987719535827637,12.108556509017944,17.876142024993896,26.845461130142212,33.167274713516235,61.45324730873108,68.40976858139038,"unknown",74.00932359695435,75.78142786026001,"unknown","","unknown","unknown","unknown","","unknown","unknown","unknown",81.42702627182007,"unknown","unknown",88.12558650970459,"",""
"39dc9b8","","","","","","","","","","","","","","","","","","","","","","","","","","","","","",""
"56bae3a","","","","","","","","","","","","","","","","","","","","","","","","","","","","","",""
"28ec805","","","","","","","","","","","","","","","","","","","","","","","","","","","","","",""
"4c8a5bc",-5856157.170698166,"unknown",-5856150.98233366,-5856144.048552036,0.0,6.288816690444946,12.379979848861694,18.208739280700684,32.10466241836548,39.23903274536133,63.2136971950531,"unknown",69.80028986930847,76.5986111164093,79.70419311523438,"unknown","","unknown","unknown","unknown","","unknown","unknown","unknown",86.84021139144897,"unknown","unknown",93.17285370826721,"",""
"48179d1","","","","","","","","","","","","","","","","","","","","","","","","","","","","","",""
"e845b6b",-6316.104902505875,"unknown",-6309.784058094025,-6302.496154546738,0.0,6.121429443359375,8.22235655784607,15.258161544799805,18.273405075073242,25.612655878067017,47.84084129333496,53.40817213058472,"unknown",59.220611810684204,80.1951539516449,"unknown","","unknown","unknown","unknown","","unknown","unknown","unknown",87.46702337265015,"unknown","unknown",93.05013871192932,"",""
"619e952",-27472.243537187576,"unknown",-27466.1677134037,-27460.15414905548,0.0,7.192772388458252,11.28688669204712,19.192083835601807,31.741763591766357,37.95627546310425,58.019446849823,"unknown",64.562509059906,70.26501297950745,73.90348935127258,"unknown","","unknown","unknown","unknown","","unknown","unknown","unknown",80.75740909576416,"unknown","unknown",87.1161801815033,"",""
"0fd9ca7","","","","","","","","","","","","","","","","","","","","","","","","","","","","","",""
"ff125d4","","","","","","","","","","","","","","","","","","","","","","","","","","","","","",""
"0dc7823","","","","","","","","","","","","","","","","","","","","","","","","","","","","","",""
"64155b9","","","","","","","","","","","","","","","","","","","","","","","","","","","","","",""
"9cfbb83",-5713.55587387085,"unknown",-5707.924492120743,-5702.407510995865,0.0,7.3925487995147705,13.883247137069702,20.863865613937378,22.385985374450684,28.164515256881714,35.90710377693176,41.46454572677612,"unknown",48.09521770477295,54.56399488449097,"unknown","","unknown","unknown","unknown","","unknown","unknown","unknown",61.235509157180786,"unknown","unknown",68.22316336631775,"",""
"f6ffd76","","","","","","","","","","","","","","","","","","","","","","","","","","","","","",""
"57b0697","","","","","","","","","","","","","","","","","","","","","","","","","","","","","",""
"1c202a8","","","","","","","","","","","","","","","","","","","","","","","","","","","","","",""
"3e625ac","","","","","","","","","","","","","","","","","","","","","","","","","","","","","",""
"6b36bf5",-17251.202669143677,"unknown",-17244.703085660934,-17237.4059176445,0.0,6.961908340454102,13.407338380813599,20.305903911590576,37.040467739105225,42.5228054523468,55.911405086517334,"unknown",61.82377052307129,68.03458714485168,725.0044360160828,"unknown","","unknown","unknown","unknown","","unknown","unknown","unknown",731.2791254520416,"unknown","unknown",738.086968421936,"",""
"99775ba",-146.36735892295837,"unknown",-140.13355612754822,-134.29759621620178,0.0,7.254041433334351,9.061640977859497,16.06366729736328,24.523245573043823,30.916927814483643,43.321696281433105,"unknown",49.814359188079834,57.067950963974,58.94852614402771,"unknown","","unknown","unknown","unknown","","unknown","unknown","unknown",65.61813426017761,"unknown","unknown",72.1842360496521,"",""
"152aa4d",-8745.251399755478,"unknown",-8738.841033220291,-8731.92121720314,0.0,6.631342172622681,13.398485660552979,19.957923412322998,46.271623849868774,53.100892782211304,60.35996103286743,66.47360301017761,"unknown",72.68747973442078,75.45868873596191,"unknown","","unknown","unknown","unknown","","unknown","unknown","unknown",81.74987530708313,"unknown","unknown",89.00933623313904,"",""
"ced331f","","","","","","","","","","","","","","","","","","","","","","","","","","","","","",""
"1d235c1","","","","","","","","","","","","","","","","","","","","","","","","","","","","","",""
"e6de912",-882.1525011062622,"unknown",-875.0167620182037,-868.155068397522,0.0,7.269447565078735,9.028995990753174,14.973416566848755,25.035550594329834,30.94840693473816,40.670347452163696,46.94499397277832,"unknown",53.042049169540405,55.131062030792236,"unknown","","unknown","unknown","unknown","","unknown","unknown","unknown",61.44783973693848,"unknown","unknown",67.1726713180542,"",""
"76bbc0d",-204.6223497390747,"unknown",-197.66182923316956,-191.50558996200562,0.0,5.653170585632324,10.79964303970337,16.179124116897583,34.21445178985596,40.02643322944641,51.94964385032654,"unknown",58.600165605545044,65.22691941261292,66.77216100692749,"unknown","","unknown","unknown","unknown","","unknown","unknown","unknown",72.04038405418396,"unknown","unknown",78.40911936759949,"",""
"36b4ec5",-134693.2365744114,"unknown",-134687.83131170273,-134682.50777840614,0.0,6.930580377578735,2117.8772072792053,2125.2100958824158,2135.018271446228,2141.441339492798,2146.0113940238953,2151.853884935379,"unknown",2158.561099290848,2160.245561361313,"unknown","","unknown","unknown","unknown","","unknown","unknown","unknown",2167.271290540695,"unknown","unknown",2172.673643350601,"",""
"7de2a3d","","","","","","","","","","","","","","","","","","","","","","","","","","","","","",""
"dbe3880","","","","","","","","","","","","","","","","","","","","","","","","","","","","","",""
"877fb69",-2482.0838072299957,"unknown",-2476.774083375931,-2469.9052686691284,0.0,6.308305025100708,107.72276449203491,113.72454643249512,133.10377621650696,139.84890747070312,144.3461401462555,150.57527565956116,"unknown",156.60769200325012,897.6917901039124,"unknown","","unknown","unknown","unknown","","unknown","unknown","unknown",903.115510225296,"unknown","unknown",909.1114537715912,"",""
"c17e360","","","","","","","","","","","","","","","","","","","","","","","","","","","","","",""
"51be121",-24833.57446050644,"unknown",-24827.940021038055,-24821.398369550705,0.0,7.213958978652954,12.993155717849731,19.769200801849365,36.59415340423584,42.02499580383301,58.91672468185425,"unknown",65.75767469406128,72.63608956336975,75.27291989326477,"unknown","","unknown","unknown","unknown","","unknown","unknown","unknown",81.11923503875732,"unknown","unknown",88.00867533683777,"",""
"e9e1409",-15820.738211870193,"unknown",-15813.748574018478,-15807.454155445099,0.0,7.353785514831543,9.457103967666626,16.70307970046997,25.62562656402588,32.148600816726685,53.73897981643677,59.334259033203125,"unknown",65.61922407150269,66.92247819900513,"unknown","","unknown","unknown","unknown","","unknown","unknown","unknown",72.21115636825562,"unknown","unknown",78.74219942092896,"",""
"051761f","","","","","","","","","","","","","","","","","","","","","","","","","","","","","",""
"1c627cb","","","","","","","","","","","","","","","","","","","","","","","","","","","","","",""
"5177026","","","","","","","","","","","","","","","","","","","","","","","","","","","","","",""
"db0051d","","","","","","","","","","","","","","","","","","","","","","","","","","","","","",""
"9e9a81e","","","","","","","","","","","","","","","","","","","","","","","","","","","","","",""
"6289e6c",-7385.257287502289,"unknown",-7378.037654161453,-7370.939742088318,0.0,6.29191517829895,17.795732975006104,25.071125268936157,37.17694449424744,43.19262981414795,54.247987031936646,60.68645691871643,"unknown",67.21108269691467,69.06872153282166,"unknown","","unknown","unknown","unknown","","unknown","unknown","unknown",74.90540552139282,"unknown","unknown",80.24418520927429,"",""
"a9b4533","","","","","","","","","","","","","","","","","","","","","","","","","","","","","",""
"1db8420","","","","","","","","","","","","","","","","","","","","","","","","","","","","","",""
"8a1ecd0","","","","","","","","","","","","","","","","","","","","","","","","","","","","","",""
"8fd863f",-71633.65360593796,"unknown",-71626.81745195389,-71619.65664339066,0.0,6.914363622665405,8.277641773223877,14.098848819732666,19.095261335372925,25.501692295074463,31.947434186935425,38.51038861274719,"unknown",44.619951248168945,49.8560152053833,56.65660285949707,70.62979173660278,"unknown",76.80145454406738,83.45283794403076,154.67046093940735,"unknown","unknown","unknown","unknown",160.18036532402039,"unknown",165.53634023666382,"",""
"644830a","","","","","","","","","","","","","","","","","","","","","","","","","","","","","",""
"5dbecee","","","","","","","","","","","","","","","","","","","","","","","","","","","","","",""
"86c5f35",-588287.0288398266,"unknown",-588280.7044596672,-588274.8552453518,0.0,6.936139106750488,23.186575412750244,30.136768341064453,45.94490885734558,51.71807551383972,69.71130776405334,76.4570255279541,"unknown",81.88564896583557,85.03094148635864,"unknown","","unknown","unknown","unknown","","unknown","unknown","unknown",91.38516759872437,"unknown","unknown",97.14181566238403,"",""
"4c072d3","","","","","","","","","","","","","","","","","","","","","","","","","","","","","",""
"89bbcd3","","","","","","","","","","","","","","","","","","","","","","","","","","","","","",""
"aa9ac00","","","","","","","","","","","","","","","","","","","","","","","","","","","","","",""
"9a1b5fa","","","","","","","","","","","","","","","","","","","","","","","","","","","","","",""
"d003724","","","","","","","","","","","","","","","","","","","","","","","","","","","","","",""
"3a03bea","","","","","","","","","","","","","","","","","","","","","","","","","","","","","",""
"e427669","","","","","","","","","","","","","","","","","","","","","","","","","","","","","",""
"12dfda3","","","","","","","","","","","","","","","","","","","","","","","","","","","","","",""
"3226bb3","","","","","","","","","","","","","","","","","","","","","","","","","","","","","",""
"9f4d288","","","","","","","","","","","","","","","","","","","","","","","","","","","","","",""
"35adcf1","","","","","","","","","","","","","","","","","","","","","","","","","","","","","",""
"b2621a2",-3678.067818880081,"unknown",-3672.11621761322,-3666.88592672348,0.0,5.659616231918335,28.205737352371216,34.66328978538513,50.216637134552,57.56617093086243,124.91225242614746,"unknown",130.1781210899353,136.3399589061737,155.99082899093628,"unknown","","unknown","unknown","unknown","","unknown","unknown","unknown",162.53940773010254,"unknown","unknown",169.23875737190247,"",""
"6099d06",-3205.199684858322,"unknown",-3199.8414969444275,-3193.2778544425964,0.0,6.5004353523254395,12.702455997467041,18.96444869041443,41.394110918045044,47.587726354599,68.2677013874054,75.55855464935303,"unknown",81.83018779754639,3446.7045481204987,"unknown","","unknown","unknown","unknown","","unknown","unknown","unknown",3454.00053858757,"unknown","unknown",3459.3041005134583,"",""
"d91bf84","unknown","unknown","unknown","unknown",0.0,"unknown",7.92647385597229,"unknown",15.998085021972656,"unknown",64.22460794448853,"unknown","unknown","unknown",86.8386127948761,"unknown","","unknown","unknown","unknown","","unknown","unknown","unknown","unknown","unknown","unknown","unknown","",""
"c3db77a","","","","","","","","","","","","","","","","","","","","","","","","","","","","","",""
"db7d9c3","unknown","unknown","unknown","unknown",0.0,"unknown",8.952848672866821,"unknown",22.09993624687195,"unknown",39.51977801322937,"unknown","unknown","unknown",52.73119759559631,"unknown","","unknown","unknown","unknown","","unknown","unknown","unknown","unknown","unknown","unknown","unknown","",""
"7d9c3_1","unknown","unknown","unknown","unknown",0.0,"unknown",8.952848672866821,"unknown",22.09993624687195,"unknown",39.51977801322937,"unknown","unknown","unknown",52.73119759559631,"unknown","","unknown","unknown","unknown","","unknown","unknown","unknown","unknown","unknown","unknown","unknown","",""
"804c32f","","","","","","","","","","","","","","","","","","","","","","","","","","","","","",""
